"","Date_Check","Soil_Moisture","Relative_Humidity","PAR","Soil_Temp","Air_Temp","PlotName","Date_Time"
"18642",2019-08-01 00:00:00,0.2109,84.8,1.2,19.46,15.772,"B127",2019-07-31 23:48:55
"18643",2019-08-01 01:00:00,0.2109,86.4,1.2,19.294,15.151,"B127",2019-08-01 00:48:55
"18644",2019-08-01 02:00:00,0.2109,90,1.2,19.151,15.318,"B127",2019-08-01 01:48:55
"18645",2019-08-01 03:00:00,0.2102,87.5,1.2,18.985,14.84,"B127",2019-08-01 02:48:55
"18646",2019-08-01 04:00:00,0.2102,90.1,1.2,18.842,14.553,"B127",2019-08-01 03:48:55
"18647",2019-08-01 05:00:00,0.2102,91.3,1.2,18.723,14.146,"B127",2019-08-01 04:48:55
"18648",2019-08-01 06:00:00,0.2102,93,1.2,18.58,13.834,"B127",2019-08-01 05:48:55
"18649",2019-08-01 07:00:00,0.2102,93.3,1.2,18.414,14.816,"B127",2019-08-01 06:48:55
"18650",2019-08-01 08:00:00,0.2102,91.7,13.7,18.319,17.272,"B127",2019-08-01 07:48:55
"18651",2019-08-01 09:00:00,0.2102,88.6,11.2,18.319,20.126,"B127",2019-08-01 08:48:55
"18652",2019-08-01 10:00:00,0.2102,79.7,16.2,18.461,21.915,"B127",2019-08-01 09:48:55
"18653",2019-08-01 11:00:00,0.2102,70.6,48.7,18.652,23.497,"B127",2019-08-01 10:48:55
"18654",2019-08-01 12:00:00,0.2095,63.2,41.2,18.913,24.412,"B127",2019-08-01 11:48:55
"18655",2019-08-01 13:00:00,0.2095,59.2,38.7,19.175,25.331,"B127",2019-08-01 12:48:55
"18656",2019-08-01 14:00:00,0.2087,61.8,138.7,19.413,24.291,"B127",2019-08-01 13:48:55
"18657",2019-08-01 15:00:00,0.208,61.5,28.7,19.627,25.477,"B127",2019-08-01 14:48:55
"18658",2019-08-01 16:00:00,0.2066,61.8,38.7,19.793,25.186,"B127",2019-08-01 15:48:55
"18659",2019-08-01 17:00:00,0.2058,61.1,16.2,19.936,24.798,"B127",2019-08-01 16:48:55
"18660",2019-08-01 18:00:00,0.2058,60.1,11.2,20.031,24.267,"B127",2019-08-01 17:48:55
"18661",2019-08-01 19:00:00,0.2058,57.7,6.2,20.055,23.448,"B127",2019-08-01 18:48:55
"18662",2019-08-01 20:00:00,0.2051,55.3,1.2,20.031,22.705,"B127",2019-08-01 19:48:55
"18663",2019-08-01 21:00:00,0.2044,59.4,1.2,19.96,19.841,"B127",2019-08-01 20:48:55
"18664",2019-08-01 22:00:00,0.2037,64.1,1.2,19.841,18.913,"B127",2019-08-01 21:48:55
"18665",2019-08-01 23:00:00,0.2037,72.1,1.2,19.698,18.366,"B127",2019-08-01 22:48:55
"18666",2019-08-02 00:00:00,0.2029,79.7,1.2,19.532,17.962,"B127",2019-08-01 23:48:55
"18667",2019-08-02 01:00:00,0.2029,85.7,1.2,19.389,16.987,"B127",2019-08-02 00:48:55
"18668",2019-08-02 02:00:00,0.2029,89.7,1.2,19.27,16.296,"B127",2019-08-02 01:48:55
"18669",2019-08-02 03:00:00,0.2022,91.2,1.2,19.151,16.487,"B127",2019-08-02 02:48:55
"18670",2019-08-02 04:00:00,0.2022,92.7,1.2,19.032,16.225,"B127",2019-08-02 03:48:55
"18671",2019-08-02 05:00:00,0.2022,94.1,1.2,18.913,15.986,"B127",2019-08-02 04:48:55
"18672",2019-08-02 06:00:00,0.2022,95.6,1.2,18.818,15.652,"B127",2019-08-02 05:48:55
"18673",2019-08-02 07:00:00,0.2022,96.1,1.2,18.723,16.511,"B127",2019-08-02 06:48:55
"18674",2019-08-02 08:00:00,0.2015,94.8,11.2,18.652,18.652,"B127",2019-08-02 07:48:55
"18675",2019-08-02 09:00:00,0.2015,88,13.7,18.675,21.39,"B127",2019-08-02 08:48:55
"18676",2019-08-02 10:00:00,0.2037,76,18.7,18.818,23.184,"B127",2019-08-02 09:48:55
"18677",2019-08-02 11:00:00,0.2029,66.9,43.7,19.008,24.484,"B127",2019-08-02 10:48:55
"18678",2019-08-02 12:00:00,0.2029,60.6,41.2,19.246,25.258,"B127",2019-08-02 11:48:55
"18679",2019-08-02 13:00:00,0.2022,59.9,33.7,19.46,26.061,"B127",2019-08-02 12:48:55
"18680",2019-08-02 14:00:00,0.2015,55.3,191.2,19.674,26.842,"B127",2019-08-02 13:48:55
"18681",2019-08-02 15:00:00,0.2015,56.2,33.7,19.888,26.793,"B127",2019-08-02 14:48:55
"18682",2019-08-02 16:00:00,0.2008,55.3,36.2,20.103,26.475,"B127",2019-08-02 15:48:55
"18683",2019-08-02 17:00:00,0.2,53.9,16.2,20.222,26.036,"B127",2019-08-02 16:48:55
"18684",2019-08-02 18:00:00,0.1993,55.5,11.2,20.293,25.453,"B127",2019-08-02 17:48:55
"18685",2019-08-02 19:00:00,0.1993,55,6.2,20.317,24.339,"B127",2019-08-02 18:48:55
"18686",2019-08-02 20:00:00,0.1986,55.3,1.2,20.317,23.112,"B127",2019-08-02 19:48:55
"18687",2019-08-02 21:00:00,0.1978,56.8,1.2,20.246,22.178,"B127",2019-08-02 20:48:55
"18688",2019-08-02 22:00:00,0.1978,58.1,1.2,20.174,21.366,"B127",2019-08-02 21:48:55
"18689",2019-08-02 23:00:00,0.1978,64.5,1.2,20.055,20.46,"B127",2019-08-02 22:48:55
"18690",2019-08-03 00:00:00,0.1971,72.7,1.2,19.96,19.984,"B127",2019-08-02 23:48:55
"18691",2019-08-03 01:00:00,0.1971,78.3,1.2,19.841,19.08,"B127",2019-08-03 00:48:55
"18692",2019-08-03 02:00:00,0.1971,83,1.2,19.746,18.438,"B127",2019-08-03 01:48:55
"18693",2019-08-03 03:00:00,0.1964,88,1.2,19.627,18.01,"B127",2019-08-03 02:48:55
"18694",2019-08-03 04:00:00,0.1964,91.7,1.2,19.508,17.701,"B127",2019-08-03 03:48:55
"18695",2019-08-03 05:00:00,0.1957,90.9,1.2,19.413,17.391,"B127",2019-08-03 04:48:55
"18696",2019-08-03 06:00:00,0.1964,91.8,1.2,19.294,17.106,"B127",2019-08-03 05:48:55
"18697",2019-08-03 07:00:00,0.1957,92.6,1.2,19.199,17.724,"B127",2019-08-03 06:48:55
"18698",2019-08-03 08:00:00,0.1964,92.5,8.7,19.127,19.627,"B127",2019-08-03 07:48:55
"18699",2019-08-03 09:00:00,0.1964,87.2,11.2,19.151,21.867,"B127",2019-08-03 08:48:55
"18700",2019-08-03 10:00:00,0.1964,71.3,18.7,19.246,23.761,"B127",2019-08-03 09:48:55
"18701",2019-08-03 11:00:00,0.1957,58.6,56.2,19.413,25.55,"B127",2019-08-03 10:48:55
"18702",2019-08-03 12:00:00,0.1949,52.1,28.7,19.651,26.965,"B127",2019-08-03 11:48:55
"18703",2019-08-03 13:00:00,0.1949,47.7,31.2,19.865,27.505,"B127",2019-08-03 12:48:55
"18704",2019-08-03 14:00:00,0.1949,45.4,271.2,20.055,28.394,"B127",2019-08-03 13:48:55
"18705",2019-08-03 15:00:00,0.1942,46.3,28.7,20.269,28.543,"B127",2019-08-03 14:48:55
"18706",2019-08-03 16:00:00,0.1935,52.4,31.2,20.46,27.751,"B127",2019-08-03 15:48:55
"18707",2019-08-03 17:00:00,0.1928,53.7,18.7,20.579,27.481,"B127",2019-08-03 16:48:55
"18708",2019-08-03 18:00:00,0.1928,54.5,11.2,20.698,27.431,"B127",2019-08-03 17:48:55
"18709",2019-08-03 19:00:00,0.192,55.5,8.7,20.793,26.598,"B127",2019-08-03 18:48:55
"18710",2019-08-03 20:00:00,0.192,55.2,1.2,20.817,26.036,"B127",2019-08-03 19:48:55
"18711",2019-08-03 21:00:00,0.1913,60.1,1.2,20.817,24.484,"B127",2019-08-03 20:48:55
"18712",2019-08-03 22:00:00,0.1913,62.2,1.2,20.793,24.581,"B127",2019-08-03 21:48:55
"18713",2019-08-03 23:00:00,0.1913,65.1,1.2,20.746,24.171,"B127",2019-08-03 22:48:55
"18714",2019-08-04 00:00:00,0.1913,63.3,1.2,20.698,23.617,"B127",2019-08-03 23:48:55
"18715",2019-08-04 01:00:00,0.1906,64.4,1.2,20.65,22.896,"B127",2019-08-04 00:48:55
"18716",2019-08-04 02:00:00,0.1906,71,1.2,20.579,22.154,"B127",2019-08-04 01:48:55
"18717",2019-08-04 03:00:00,0.1899,73,1.2,20.507,22.298,"B127",2019-08-04 02:48:55
"18718",2019-08-04 04:00:00,0.1899,75.6,1.2,20.436,21.199,"B127",2019-08-04 03:48:55
"18719",2019-08-04 05:00:00,0.1899,83,1.2,20.365,20.865,"B127",2019-08-04 04:48:55
"18720",2019-08-04 06:00:00,0.1899,85.8,1.2,20.293,20.865,"B127",2019-08-04 05:48:55
"18721",2019-08-04 07:00:00,0.1899,87.9,1.2,20.246,20.722,"B127",2019-08-04 06:48:55
"18722",2019-08-04 08:00:00,0.1899,91.4,3.7,20.198,21.246,"B127",2019-08-04 07:48:55
"18723",2019-08-04 09:00:00,0.1899,90.6,13.7,20.174,22.633,"B127",2019-08-04 08:48:55
"18724",2019-08-04 10:00:00,0.1899,84.4,23.7,20.246,24.653,"B127",2019-08-04 09:48:55
"18725",2019-08-04 11:00:00,0.1891,77.5,43.7,20.365,25.866,"B127",2019-08-04 10:48:55
"18726",2019-08-04 12:00:00,0.1891,69.2,31.2,20.579,26.989,"B127",2019-08-04 11:48:55
"18727",2019-08-04 13:00:00,0.1891,63.6,38.7,20.77,27.899,"B127",2019-08-04 12:48:55
"18728",2019-08-04 14:00:00,0.1884,61.5,273.7,20.96,28.27,"B127",2019-08-04 13:48:55
"18729",2019-08-04 15:00:00,0.1877,60.6,28.7,21.151,27.604,"B127",2019-08-04 14:48:55
"18730",2019-08-04 16:00:00,0.187,62,26.2,21.294,27.161,"B127",2019-08-04 15:48:55
"18731",2019-08-04 17:00:00,0.187,66.7,11.2,21.39,26.695,"B127",2019-08-04 16:48:55
"18732",2019-08-04 18:00:00,0.1862,71.4,3.7,21.413,26.256,"B127",2019-08-04 17:48:55
"18733",2019-08-04 19:00:00,0.1862,73.6,8.7,21.413,25.987,"B127",2019-08-04 18:48:55
"18734",2019-08-04 20:00:00,0.1862,74.3,1.2,21.413,25.283,"B127",2019-08-04 19:48:55
"18735",2019-08-04 21:00:00,0.1855,76.7,1.2,21.39,24.146,"B127",2019-08-04 20:48:55
"18736",2019-08-04 22:00:00,0.1855,78.5,1.2,21.342,23.184,"B127",2019-08-04 21:48:55
"18737",2019-08-04 23:00:00,0.1855,82.3,1.2,21.246,22.513,"B127",2019-08-04 22:48:55
"18738",2019-08-05 00:00:00,0.1848,85.4,1.2,21.151,22.034,"B127",2019-08-04 23:48:55
"18739",2019-08-05 01:00:00,0.1848,86.7,1.2,21.056,21.461,"B127",2019-08-05 00:48:55
"18740",2019-08-05 02:00:00,0.1848,88.5,1.2,20.96,21.199,"B127",2019-08-05 01:48:55
"18741",2019-08-05 03:00:00,0.1848,89.6,1.2,20.865,20.627,"B127",2019-08-05 02:48:55
"18742",2019-08-05 04:00:00,0.184,90.6,1.2,20.77,20.484,"B127",2019-08-05 03:48:55
"18743",2019-08-05 05:00:00,0.184,92.6,1.2,20.698,20.269,"B127",2019-08-05 04:48:55
"18744",2019-08-05 06:00:00,0.184,92,1.2,20.603,20.889,"B127",2019-08-05 05:48:55
"18745",2019-08-05 07:00:00,0.184,87.1,1.2,20.531,21.151,"B127",2019-08-05 06:48:55
"18746",2019-08-05 08:00:00,0.184,84.4,8.7,20.46,22.298,"B127",2019-08-05 07:48:55
"18747",2019-08-05 09:00:00,0.184,77.6,11.2,20.46,24.653,"B127",2019-08-05 08:48:55
"18748",2019-08-05 10:00:00,0.184,75.5,18.7,20.555,26.256,"B127",2019-08-05 09:48:55
"18749",2019-08-05 11:00:00,0.184,70.9,36.2,20.722,27.554,"B127",2019-08-05 10:48:55
"18750",2019-08-05 12:00:00,0.1833,68.6,33.7,20.984,27.825,"B127",2019-08-05 11:48:55
"18751",2019-08-05 13:00:00,0.1833,66.9,41.2,21.175,28.766,"B127",2019-08-05 12:48:55
"18752",2019-08-05 14:00:00,0.1826,63.6,131.2,21.366,28.394,"B127",2019-08-05 13:48:55
"18753",2019-08-05 15:00:00,0.1819,58.6,43.7,21.509,29.015,"B127",2019-08-05 14:48:55
"18754",2019-08-05 16:00:00,0.1819,57.7,38.7,21.676,29.74,"B127",2019-08-05 15:48:55
"18755",2019-08-05 17:00:00,0.1811,54.3,21.2,21.772,29.64,"B127",2019-08-05 16:48:55
"18756",2019-08-05 18:00:00,0.1804,52,11.2,21.843,29.715,"B127",2019-08-05 17:48:55
"18757",2019-08-05 19:00:00,0.1797,55.1,6.2,21.843,28.593,"B127",2019-08-05 18:48:55
"18758",2019-08-05 20:00:00,0.1797,58.8,1.2,21.819,27.899,"B127",2019-08-05 19:48:55
"18759",2019-08-05 21:00:00,0.179,64.6,1.2,21.819,26.744,"B127",2019-08-05 20:48:55
"18760",2019-08-05 22:00:00,0.179,68.5,1.2,21.748,25.647,"B127",2019-08-05 21:48:55
"18761",2019-08-05 23:00:00,0.179,69.8,1.2,21.7,25.501,"B127",2019-08-05 22:48:55
"18762",2019-08-06 00:00:00,0.1782,72.3,1.2,21.652,24.557,"B127",2019-08-05 23:48:55
"18763",2019-08-06 01:00:00,0.1782,75.8,1.2,21.581,23.641,"B127",2019-08-06 00:48:55
"18764",2019-08-06 02:00:00,0.1782,80.1,1.2,21.485,22.13,"B127",2019-08-06 01:48:55
"18765",2019-08-06 03:00:00,0.1782,86.6,1.2,21.366,19.936,"B127",2019-08-06 02:48:55
"18766",2019-08-06 04:00:00,0.1782,95.3,1.2,21.223,19.912,"B127",2019-08-06 03:48:55
"18767",2019-08-06 05:00:00,0.1782,96.7,1.2,21.079,19.841,"B127",2019-08-06 04:48:55
"18768",2019-08-06 06:00:00,0.1782,98,1.2,20.96,19.722,"B127",2019-08-06 05:48:55
"18769",2019-08-06 07:00:00,0.1782,98.4,1.2,20.865,19.413,"B127",2019-08-06 06:48:55
"18770",2019-08-06 08:00:00,0.1782,98.5,13.7,20.77,19.532,"B127",2019-08-06 07:48:55
"18771",2019-08-06 09:00:00,0.1775,97.5,13.7,20.698,19.817,"B127",2019-08-06 08:48:55
"18772",2019-08-06 10:00:00,0.1775,94.1,26.2,20.65,21.175,"B127",2019-08-06 09:48:55
"18773",2019-08-06 11:00:00,0.1775,89.9,33.7,20.674,22.369,"B127",2019-08-06 10:48:55
"18774",2019-08-06 12:00:00,0.1775,88,21.2,20.77,21.939,"B127",2019-08-06 11:48:55
"18775",2019-08-06 13:00:00,0.1775,87.7,23.7,20.793,23.328,"B127",2019-08-06 12:48:55
"18776",2019-08-06 14:00:00,0.1775,81.1,61.2,20.865,24.243,"B127",2019-08-06 13:48:55
"18777",2019-08-06 15:00:00,0.1768,76.1,31.2,21.008,25.258,"B127",2019-08-06 14:48:55
"18778",2019-08-06 16:00:00,0.1768,72.1,31.2,21.127,25.574,"B127",2019-08-06 15:48:55
"18779",2019-08-06 17:00:00,0.1761,69.6,18.7,21.27,25.21,"B127",2019-08-06 16:48:55
"18780",2019-08-06 18:00:00,0.1761,69.5,11.2,21.342,25.355,"B127",2019-08-06 17:48:55
"18781",2019-08-06 19:00:00,0.1761,67,6.2,21.366,24.484,"B127",2019-08-06 18:48:55
"18782",2019-08-06 20:00:00,0.1753,69.6,1.2,21.366,23.184,"B127",2019-08-06 19:48:55
"18783",2019-08-06 21:00:00,0.1753,71.3,1.2,21.294,23.448,"B127",2019-08-06 20:48:55
"18784",2019-08-06 22:00:00,0.1753,82,1.2,21.199,22.202,"B127",2019-08-06 21:48:55
"18785",2019-08-06 23:00:00,0.1746,86.4,1.2,21.103,21.628,"B127",2019-08-06 22:48:55
"18786",2019-08-07 00:00:00,0.1746,88.6,1.2,21.032,21.509,"B127",2019-08-06 23:48:55
"18787",2019-08-07 01:00:00,0.1746,90,1.2,20.936,20.484,"B127",2019-08-07 00:48:55
"18788",2019-08-07 02:00:00,0.1746,90.8,1.2,20.865,20.555,"B127",2019-08-07 01:48:55
"18789",2019-08-07 03:00:00,0.1746,91.1,1.2,20.77,20.341,"B127",2019-08-07 02:48:55
"18790",2019-08-07 04:00:00,0.1746,91.2,1.2,20.674,20.079,"B127",2019-08-07 03:48:55
"18791",2019-08-07 05:00:00,0.1739,91.5,1.2,20.579,19.698,"B127",2019-08-07 04:48:55
"18792",2019-08-07 06:00:00,0.1739,92,1.2,20.507,19.413,"B127",2019-08-07 05:48:55
"18793",2019-08-07 07:00:00,0.1739,92.6,1.2,20.412,19.199,"B127",2019-08-07 06:48:55
"18794",2019-08-07 08:00:00,0.1739,92.6,6.2,20.317,20.246,"B127",2019-08-07 07:48:55
"18795",2019-08-07 09:00:00,0.1739,89.2,11.2,20.317,22.537,"B127",2019-08-07 08:48:55
"18796",2019-08-07 10:00:00,0.1739,79.5,21.2,20.388,24.798,"B127",2019-08-07 09:48:55
"18797",2019-08-07 11:00:00,0.1739,65.8,36.2,20.555,26.061,"B127",2019-08-07 10:48:55
"18798",2019-08-07 12:00:00,0.1732,59.5,43.7,20.77,27.063,"B127",2019-08-07 11:48:55
"18799",2019-08-07 13:00:00,0.1732,58.2,46.2,20.96,27.481,"B127",2019-08-07 12:48:55
"18800",2019-08-07 14:00:00,0.1732,58.1,166.2,21.127,28.32,"B127",2019-08-07 13:48:55
"18801",2019-08-07 15:00:00,0.1724,58.4,31.2,21.294,28.147,"B127",2019-08-07 14:48:55
"18802",2019-08-07 16:00:00,0.1717,59.1,23.7,21.437,28.023,"B127",2019-08-07 15:48:55
"18803",2019-08-07 17:00:00,0.171,59.6,18.7,21.557,27.53,"B127",2019-08-07 16:48:55
"18804",2019-08-07 18:00:00,0.171,59.8,13.7,21.628,27.308,"B127",2019-08-07 17:48:55
"18805",2019-08-07 19:00:00,0.1702,62.5,6.2,21.628,26.085,"B127",2019-08-07 18:48:55
"18806",2019-08-07 20:00:00,0.1702,65.6,1.2,21.604,25.695,"B127",2019-08-07 19:48:55
"18807",2019-08-07 21:00:00,0.1702,67.7,1.2,21.557,24.46,"B127",2019-08-07 20:48:55
"18808",2019-08-07 22:00:00,0.1695,70.2,1.2,21.485,24.726,"B127",2019-08-07 21:48:55
"18809",2019-08-07 23:00:00,0.1695,71.3,1.2,21.413,24.171,"B127",2019-08-07 22:48:55
"18810",2019-08-08 00:00:00,0.1688,74,1.2,21.342,23.088,"B127",2019-08-07 23:48:55
"18811",2019-08-08 01:00:00,0.1688,76.3,1.2,21.27,23.641,"B127",2019-08-08 00:48:55
"18812",2019-08-08 02:00:00,0.1688,77.9,1.2,21.223,22.609,"B127",2019-08-08 01:48:55
"18813",2019-08-08 03:00:00,0.1688,78.3,1.2,21.151,22.154,"B127",2019-08-08 02:48:55
"18814",2019-08-08 04:00:00,0.1688,80.7,1.2,21.079,22.202,"B127",2019-08-08 03:48:55
"18815",2019-08-08 05:00:00,0.1688,85,1.2,21.008,21.557,"B127",2019-08-08 04:48:55
"18816",2019-08-08 06:00:00,0.1688,90,1.2,20.96,20.603,"B127",2019-08-08 05:48:55
"18817",2019-08-08 07:00:00,0.1681,92.8,1.2,20.865,20.793,"B127",2019-08-08 06:48:55
"18818",2019-08-08 08:00:00,0.1688,93.1,6.2,20.793,21.724,"B127",2019-08-08 07:48:55
"18819",2019-08-08 09:00:00,0.1681,88.5,13.7,20.793,23.617,"B127",2019-08-08 08:48:55
"18820",2019-08-08 10:00:00,0.1681,74.5,26.2,20.865,25.55,"B127",2019-08-08 09:48:55
"18821",2019-08-08 11:00:00,0.1681,66.9,31.2,20.984,26.426,"B127",2019-08-08 10:48:55
"18822",2019-08-08 12:00:00,0.1681,63.9,38.7,21.175,26.965,"B127",2019-08-08 11:48:55
"18823",2019-08-08 13:00:00,0.1673,60.7,53.7,21.342,27.505,"B127",2019-08-08 12:48:55
"18824",2019-08-08 14:00:00,0.1666,53.1,176.2,21.461,27.974,"B127",2019-08-08 13:48:55
"18825",2019-08-08 15:00:00,0.1666,49.4,28.7,21.557,28.023,"B127",2019-08-08 14:48:55
"18826",2019-08-08 16:00:00,0.1659,51,21.2,21.628,27.924,"B127",2019-08-08 15:48:55
"18827",2019-08-08 17:00:00,0.1652,47.7,16.2,21.676,27.259,"B127",2019-08-08 16:48:55
"18828",2019-08-08 18:00:00,0.1644,45.5,11.2,21.676,26.256,"B127",2019-08-08 17:48:55
"18829",2019-08-08 19:00:00,0.1644,50.7,3.7,21.581,25.016,"B127",2019-08-08 18:48:55
"18830",2019-08-08 20:00:00,0.1637,52.4,1.2,21.485,23.304,"B127",2019-08-08 19:48:55
"18831",2019-08-08 21:00:00,0.1637,59.3,1.2,21.342,21.223,"B127",2019-08-08 20:48:55
"18832",2019-08-08 22:00:00,0.1637,66.3,1.2,21.175,20.341,"B127",2019-08-08 21:48:55
"18833",2019-08-08 23:00:00,0.163,69.4,1.2,20.984,20.079,"B127",2019-08-08 22:48:55
"18834",2019-08-09 00:00:00,0.1623,76.3,1.2,20.817,18.628,"B127",2019-08-08 23:48:55
"18835",2019-08-09 01:00:00,0.1623,79.8,1.2,20.627,17.796,"B127",2019-08-09 00:48:55
"18836",2019-08-09 02:00:00,0.1615,80.5,1.2,20.436,17.582,"B127",2019-08-09 01:48:55
"18837",2019-08-09 03:00:00,0.1615,80.9,1.2,20.246,16.939,"B127",2019-08-09 02:48:55
"18838",2019-08-09 04:00:00,0.1615,84.5,1.2,20.055,16.392,"B127",2019-08-09 03:48:55
"18839",2019-08-09 05:00:00,0.1615,85.9,1.2,19.888,15.915,"B127",2019-08-09 04:48:55
"18840",2019-08-09 06:00:00,0.1615,86.5,1.2,19.722,15.39,"B127",2019-08-09 05:48:55
"18841",2019-08-09 07:00:00,0.1608,87.4,1.2,19.555,15.461,"B127",2019-08-09 06:48:55
"18842",2019-08-09 08:00:00,0.1608,86.6,11.2,19.413,17.272,"B127",2019-08-09 07:48:55
"18843",2019-08-09 09:00:00,0.1608,81.3,11.2,19.341,20.198,"B127",2019-08-09 08:48:55
"18844",2019-08-09 10:00:00,0.1608,68.6,43.7,19.413,22.441,"B127",2019-08-09 09:48:55
"18845",2019-08-09 11:00:00,0.1608,57.5,46.2,19.555,23.545,"B127",2019-08-09 10:48:55
"18846",2019-08-09 12:00:00,0.1608,54.4,26.2,19.746,24.388,"B127",2019-08-09 11:48:55
"18847",2019-08-09 13:00:00,0.1601,50.6,38.7,19.912,25.283,"B127",2019-08-09 12:48:55
"18848",2019-08-09 14:00:00,0.1601,49.1,198.7,20.079,25.817,"B127",2019-08-09 13:48:55
"18849",2019-08-09 15:00:00,0.1594,48.6,36.2,20.246,25.89,"B127",2019-08-09 14:48:55
"18850",2019-08-09 16:00:00,0.1594,49,21.2,20.388,25.695,"B127",2019-08-09 15:48:55
"18851",2019-08-09 17:00:00,0.1586,51.5,18.7,20.507,25.647,"B127",2019-08-09 16:48:55
"18852",2019-08-09 18:00:00,0.1579,51.7,11.2,20.579,25.113,"B127",2019-08-09 17:48:55
"18853",2019-08-09 19:00:00,0.1579,54.4,3.7,20.603,23.905,"B127",2019-08-09 18:48:55
"18854",2019-08-09 20:00:00,0.1579,59.2,1.2,20.579,22.776,"B127",2019-08-09 19:48:55
"18855",2019-08-09 21:00:00,0.1572,63.8,1.2,20.507,21.724,"B127",2019-08-09 20:48:55
"18856",2019-08-09 22:00:00,0.1572,69.5,1.2,20.436,20.722,"B127",2019-08-09 21:48:55
"18857",2019-08-09 23:00:00,0.1572,72.5,1.2,20.317,20.055,"B127",2019-08-09 22:48:55
"18858",2019-08-10 00:00:00,0.1564,75.8,1.2,20.198,19.746,"B127",2019-08-09 23:48:55
"18859",2019-08-10 01:00:00,0.1564,78.4,1.2,20.103,19.008,"B127",2019-08-10 00:48:55
"18860",2019-08-10 02:00:00,0.1564,79.2,1.2,19.984,19.603,"B127",2019-08-10 01:48:55
"18861",2019-08-10 03:00:00,0.1564,79.9,1.2,19.888,19.127,"B127",2019-08-10 02:48:55
"18862",2019-08-10 04:00:00,0.1564,80.4,1.2,19.817,18.652,"B127",2019-08-10 03:48:55
"18863",2019-08-10 05:00:00,0.1557,83.5,1.2,19.722,18.366,"B127",2019-08-10 04:48:55
"18864",2019-08-10 06:00:00,0.1557,83,1.2,19.627,18.319,"B127",2019-08-10 05:48:55
"18865",2019-08-10 07:00:00,0.155,86.8,1.2,19.532,17.962,"B127",2019-08-10 06:48:55
"18866",2019-08-10 08:00:00,0.1557,85.6,6.2,19.46,19.246,"B127",2019-08-10 07:48:55
"18867",2019-08-10 09:00:00,0.1557,75,16.2,19.436,21.843,"B127",2019-08-10 08:48:55
"18868",2019-08-10 10:00:00,0.1557,63.8,46.2,19.508,23.497,"B127",2019-08-10 09:48:55
"18869",2019-08-10 11:00:00,0.1557,59.2,38.7,19.627,24.629,"B127",2019-08-10 10:48:55
"18870",2019-08-10 12:00:00,0.155,56.6,31.2,19.817,25.04,"B127",2019-08-10 11:48:55
"18871",2019-08-10 13:00:00,0.155,54.4,38.7,20.007,25.647,"B127",2019-08-10 12:48:55
"18872",2019-08-10 14:00:00,0.1543,51.4,76.2,20.174,26.524,"B127",2019-08-10 13:48:55
"18873",2019-08-10 15:00:00,0.1543,49.5,41.2,20.365,27.235,"B127",2019-08-10 14:48:55
"18874",2019-08-10 16:00:00,0.1535,48,26.2,20.531,27.063,"B127",2019-08-10 15:48:55
"18875",2019-08-10 17:00:00,0.1535,47.3,21.2,20.65,27.186,"B127",2019-08-10 16:48:55
"18876",2019-08-10 18:00:00,0.1535,51.4,18.7,20.77,26.646,"B127",2019-08-10 17:48:55
"18877",2019-08-10 19:00:00,0.1528,55.2,8.7,20.817,25.331,"B127",2019-08-10 18:48:55
"18878",2019-08-10 20:00:00,0.1528,58.2,1.2,20.817,24.074,"B127",2019-08-10 19:48:55
"18879",2019-08-10 21:00:00,0.1521,61,1.2,20.746,23.376,"B127",2019-08-10 20:48:55
"18880",2019-08-10 22:00:00,0.1521,64.6,1.2,20.674,23.016,"B127",2019-08-10 21:48:55
"18881",2019-08-10 23:00:00,0.1521,67.3,1.2,20.603,22.298,"B127",2019-08-10 22:48:55
"18882",2019-08-11 00:00:00,0.1514,69.5,1.2,20.507,21.032,"B127",2019-08-10 23:48:55
"18883",2019-08-11 01:00:00,0.1514,71.8,1.2,20.412,21.318,"B127",2019-08-11 00:48:55
"18884",2019-08-11 02:00:00,0.1514,69,1.2,20.317,20.746,"B127",2019-08-11 01:48:55
"18885",2019-08-11 03:00:00,0.1514,72.7,1.2,20.198,20.365,"B127",2019-08-11 02:48:55
"18886",2019-08-11 04:00:00,0.1506,74.9,1.2,20.103,19.936,"B127",2019-08-11 03:48:55
"18887",2019-08-11 05:00:00,0.1506,75.7,1.2,19.984,19.865,"B127",2019-08-11 04:48:55
"18888",2019-08-11 06:00:00,0.1506,78.7,1.2,19.888,19.532,"B127",2019-08-11 05:48:55
"18889",2019-08-11 07:00:00,0.1499,80.6,1.2,19.793,19.817,"B127",2019-08-11 06:48:55
"18890",2019-08-11 08:00:00,0.1521,89.2,1.2,19.746,18.057,"B127",2019-08-11 07:48:55
"18891",2019-08-11 09:00:00,0.1543,96.4,11.2,19.651,19.222,"B127",2019-08-11 08:48:55
"18892",2019-08-11 10:00:00,0.155,95,18.7,19.627,19.318,"B127",2019-08-11 09:48:55
"18893",2019-08-11 11:00:00,0.155,93.3,36.2,19.674,20.841,"B127",2019-08-11 10:48:55
"18894",2019-08-11 12:00:00,0.1543,85.2,46.2,19.793,23.304,"B127",2019-08-11 11:48:55
"18895",2019-08-11 13:00:00,0.155,76.4,46.2,19.96,24.532,"B127",2019-08-11 12:48:55
"18896",2019-08-11 14:00:00,0.1543,71.6,53.7,20.15,25.574,"B127",2019-08-11 13:48:55
"18897",2019-08-11 15:00:00,0.1543,73.7,26.2,20.293,25.089,"B127",2019-08-11 14:48:55
"18898",2019-08-11 16:00:00,0.1543,75.5,21.2,20.412,25.137,"B127",2019-08-11 15:48:55
"18899",2019-08-11 17:00:00,0.1535,78.8,13.7,20.507,24.944,"B127",2019-08-11 16:48:55
"18900",2019-08-11 18:00:00,0.1535,81.9,3.7,20.579,24.629,"B127",2019-08-11 17:48:55
"18901",2019-08-11 19:00:00,0.1535,86.1,1.2,20.65,23.665,"B127",2019-08-11 18:48:55
"18902",2019-08-11 20:00:00,0.1543,85.1,1.2,20.698,24.508,"B127",2019-08-11 19:48:55
"18903",2019-08-11 21:00:00,0.1535,86.9,1.2,20.722,23.424,"B127",2019-08-11 20:48:55
"18904",2019-08-11 22:00:00,0.1535,91.9,1.2,20.746,23.064,"B127",2019-08-11 21:48:55
"18905",2019-08-11 23:00:00,0.1535,94.6,1.2,20.746,22.393,"B127",2019-08-11 22:48:55
"18906",2019-08-12 00:00:00,0.1535,96.4,1.2,20.722,21.891,"B127",2019-08-11 23:48:55
"18907",2019-08-12 01:00:00,0.1535,97.1,1.2,20.698,22.345,"B127",2019-08-12 00:48:55
"18908",2019-08-12 02:00:00,0.1535,97.6,1.2,20.674,21.939,"B127",2019-08-12 01:48:55
"18909",2019-08-12 03:00:00,0.1535,98.6,1.2,20.65,21.581,"B127",2019-08-12 02:48:55
"18910",2019-08-12 04:00:00,0.1535,99.2,1.2,20.603,21.39,"B127",2019-08-12 03:48:55
"18911",2019-08-12 05:00:00,0.1535,99.6,1.2,20.579,21.079,"B127",2019-08-12 04:48:55
"18912",2019-08-12 06:00:00,0.1535,99.9,1.2,20.531,20.77,"B127",2019-08-12 05:48:55
"18913",2019-08-12 07:00:00,0.1535,100,1.2,20.484,20.817,"B127",2019-08-12 06:48:55
"18914",2019-08-12 08:00:00,0.1535,100,3.7,20.46,21.533,"B127",2019-08-12 07:48:55
"18915",2019-08-12 09:00:00,0.1535,100,16.2,20.484,22.729,"B127",2019-08-12 08:48:55
"18916",2019-08-12 10:00:00,0.1535,97.1,28.7,20.555,24.243,"B127",2019-08-12 09:48:55
"18917",2019-08-12 11:00:00,0.1535,90.5,26.2,20.698,24.726,"B127",2019-08-12 10:48:55
"18918",2019-08-12 12:00:00,0.1535,88.7,26.2,20.865,25.428,"B127",2019-08-12 11:48:55
"18919",2019-08-12 13:00:00,0.1535,85.7,31.2,20.984,25.841,"B127",2019-08-12 12:48:55
"18920",2019-08-12 14:00:00,0.1543,82,33.7,21.127,26.329,"B127",2019-08-12 13:48:55
"18921",2019-08-12 15:00:00,0.1535,85.6,18.7,21.27,25.744,"B127",2019-08-12 14:48:55
"18922",2019-08-12 16:00:00,0.1535,87.8,21.2,21.366,25.404,"B127",2019-08-12 15:48:55
"18923",2019-08-12 17:00:00,0.1535,92.1,11.2,21.437,24.629,"B127",2019-08-12 16:48:55
"18924",2019-08-12 18:00:00,0.1572,95,3.7,21.461,23.448,"B127",2019-08-12 17:48:55
"18925",2019-08-12 19:00:00,0.184,98,1.2,21.533,22.896,"B127",2019-08-12 18:48:55
"18926",2019-08-12 20:00:00,0.1819,99,1.2,21.557,22.537,"B127",2019-08-12 19:48:55
"18927",2019-08-12 21:00:00,0.1804,99.6,1.2,21.485,22.058,"B127",2019-08-12 20:48:55
"18928",2019-08-12 22:00:00,0.179,100,1.2,21.413,21.819,"B127",2019-08-12 21:48:55
"18929",2019-08-12 23:00:00,0.1782,100,1.2,21.342,21.342,"B127",2019-08-12 22:48:55
"18930",2019-08-13 00:00:00,0.1782,100,1.2,21.27,21.27,"B127",2019-08-12 23:48:55
"18931",2019-08-13 01:00:00,0.179,100,1.2,21.175,20.841,"B127",2019-08-13 00:48:55
"18932",2019-08-13 02:00:00,0.1782,100,1.2,21.103,20.388,"B127",2019-08-13 01:48:55
"18933",2019-08-13 03:00:00,0.1775,100,1.2,21.008,20.412,"B127",2019-08-13 02:48:55
"18934",2019-08-13 04:00:00,0.1775,100,1.2,20.913,20.412,"B127",2019-08-13 03:48:55
"18935",2019-08-13 05:00:00,0.1768,100,1.2,20.841,20.484,"B127",2019-08-13 04:48:55
"18936",2019-08-13 06:00:00,0.1775,100,1.2,20.793,20.77,"B127",2019-08-13 05:48:55
"18937",2019-08-13 07:00:00,0.1775,100,1.2,20.746,21.127,"B127",2019-08-13 06:48:55
"18938",2019-08-13 08:00:00,0.1775,100,3.7,20.722,21.437,"B127",2019-08-13 07:48:55
"18939",2019-08-13 09:00:00,0.1775,100,16.2,20.746,21.533,"B127",2019-08-13 08:48:55
"18940",2019-08-13 10:00:00,0.1775,100,26.2,20.793,22.345,"B127",2019-08-13 09:48:55
"18941",2019-08-13 11:00:00,0.1775,95.7,56.2,20.913,23.905,"B127",2019-08-13 10:48:55
"18942",2019-08-13 12:00:00,0.1775,88.4,36.2,21.079,25.016,"B127",2019-08-13 11:48:55
"18943",2019-08-13 13:00:00,0.1775,81.2,41.2,21.246,25.89,"B127",2019-08-13 12:48:55
"18944",2019-08-13 14:00:00,0.1775,78.9,28.7,21.413,25.453,"B127",2019-08-13 13:48:55
"18945",2019-08-13 15:00:00,0.1775,76.1,53.7,21.557,26.549,"B127",2019-08-13 14:48:55
"18946",2019-08-13 16:00:00,0.1775,73.6,23.7,21.724,27.628,"B127",2019-08-13 15:48:55
"18947",2019-08-13 17:00:00,0.1768,67.7,26.2,21.891,27.481,"B127",2019-08-13 16:48:55
"18948",2019-08-13 18:00:00,0.1768,68.3,18.7,22.058,26.451,"B127",2019-08-13 17:48:55
"18949",2019-08-13 19:00:00,0.1768,74.1,3.7,22.106,22.729,"B127",2019-08-13 18:48:55
"18950",2019-08-13 20:00:00,0.1775,95.4,1.2,22.011,19.746,"B127",2019-08-13 19:48:55
"18951",2019-08-13 21:00:00,0.1768,97.5,1.2,21.748,19.508,"B127",2019-08-13 20:48:55
"18952",2019-08-13 22:00:00,0.1768,98.6,1.2,21.509,20.198,"B127",2019-08-13 21:48:55
"18953",2019-08-13 23:00:00,0.1768,99,1.2,21.342,20.198,"B127",2019-08-13 22:48:55
"18954",2019-08-14 00:00:00,0.1768,99.1,1.2,21.199,19.294,"B127",2019-08-13 23:48:55
"18955",2019-08-14 01:00:00,0.1768,99.3,1.2,21.056,18.889,"B127",2019-08-14 00:48:55
"18956",2019-08-14 02:00:00,0.1768,99.6,1.2,20.913,18.628,"B127",2019-08-14 01:48:55
"18957",2019-08-14 03:00:00,0.1768,99.8,1.2,20.77,18.58,"B127",2019-08-14 02:48:55
"18958",2019-08-14 04:00:00,0.1768,100,1.2,20.65,18.366,"B127",2019-08-14 03:48:55
"18959",2019-08-14 05:00:00,0.1768,100,1.2,20.507,18.033,"B127",2019-08-14 04:48:55
"18960",2019-08-14 06:00:00,0.1775,100,1.2,20.388,17.962,"B127",2019-08-14 05:48:55
"18961",2019-08-14 07:00:00,0.1775,100,1.2,20.293,18.247,"B127",2019-08-14 06:48:55
"18962",2019-08-14 08:00:00,0.1782,100,6.2,20.198,19.341,"B127",2019-08-14 07:48:55
"18963",2019-08-14 09:00:00,0.1782,100,11.2,20.174,21.223,"B127",2019-08-14 08:48:55
"18964",2019-08-14 10:00:00,0.1782,95.8,38.7,20.269,23.04,"B127",2019-08-14 09:48:55
"18965",2019-08-14 11:00:00,0.1782,89.3,103.7,20.436,23.424,"B127",2019-08-14 10:48:55
"18966",2019-08-14 12:00:00,0.1782,85,31.2,20.674,24.75,"B127",2019-08-14 11:48:55
"18967",2019-08-14 13:00:00,0.1782,78.8,46.2,20.889,24.823,"B127",2019-08-14 12:48:55
"18968",2019-08-14 14:00:00,0.1782,76.8,38.7,21.103,25.939,"B127",2019-08-14 13:48:55
"18969",2019-08-14 15:00:00,0.1782,77.1,48.7,21.27,25.963,"B127",2019-08-14 14:48:55
"18970",2019-08-14 16:00:00,0.1775,72,23.7,21.39,25.647,"B127",2019-08-14 15:48:55
"18971",2019-08-14 17:00:00,0.1775,72.7,23.7,21.485,25.501,"B127",2019-08-14 16:48:55
"18972",2019-08-14 18:00:00,0.1775,78.4,13.7,21.604,22.944,"B127",2019-08-14 17:48:55
"18973",2019-08-14 19:00:00,0.1768,81.2,3.7,21.533,21.843,"B127",2019-08-14 18:48:55
"18974",2019-08-14 20:00:00,0.1768,83.8,1.2,21.366,21.103,"B127",2019-08-14 19:48:55
"18975",2019-08-14 21:00:00,0.1768,83.3,1.2,21.175,20.579,"B127",2019-08-14 20:48:55
"18976",2019-08-14 22:00:00,0.1761,83.9,1.2,21.008,19.46,"B127",2019-08-14 21:48:55
"18977",2019-08-14 23:00:00,0.1761,90.5,1.2,20.817,18.675,"B127",2019-08-14 22:48:55
"18978",2019-08-15 00:00:00,0.1761,91.9,1.2,20.65,18.628,"B127",2019-08-14 23:48:55
"18979",2019-08-15 01:00:00,0.1761,93.7,1.2,20.507,17.986,"B127",2019-08-15 00:48:55
"18980",2019-08-15 02:00:00,0.1761,95.7,1.2,20.365,18.033,"B127",2019-08-15 01:48:55
"18981",2019-08-15 03:00:00,0.1761,95.9,1.2,20.222,17.962,"B127",2019-08-15 02:48:55
"18982",2019-08-15 04:00:00,0.1761,95.9,1.2,20.126,17.677,"B127",2019-08-15 03:48:55
"18983",2019-08-15 05:00:00,0.1761,96.8,1.2,20.007,17.177,"B127",2019-08-15 04:48:55
"18984",2019-08-15 06:00:00,0.1768,97.3,1.2,19.888,16.82,"B127",2019-08-15 05:48:55
"18985",2019-08-15 07:00:00,0.1768,97.7,1.2,19.77,16.82,"B127",2019-08-15 06:48:55
"18986",2019-08-15 08:00:00,0.1761,96.9,6.2,19.651,18.152,"B127",2019-08-15 07:48:55
"18987",2019-08-15 09:00:00,0.1768,93.1,8.7,19.603,19.984,"B127",2019-08-15 08:48:55
"18988",2019-08-15 10:00:00,0.1768,87.4,58.7,19.651,21.246,"B127",2019-08-15 09:48:55
"18989",2019-08-15 11:00:00,0.1768,81.7,23.7,19.746,22.274,"B127",2019-08-15 10:48:55
"18990",2019-08-15 12:00:00,0.1761,76.6,28.7,19.888,22.561,"B127",2019-08-15 11:48:55
"18991",2019-08-15 13:00:00,0.1761,72.3,26.2,20.031,23.833,"B127",2019-08-15 12:48:55
"18992",2019-08-15 14:00:00,0.1753,66.7,43.7,20.198,23.424,"B127",2019-08-15 13:48:55
"18993",2019-08-15 15:00:00,0.1753,69.6,51.2,20.365,22.968,"B127",2019-08-15 14:48:55
"18994",2019-08-15 16:00:00,0.1746,72.8,18.7,20.46,23.064,"B127",2019-08-15 15:48:55
"18995",2019-08-15 17:00:00,0.1746,69.7,23.7,20.507,23.954,"B127",2019-08-15 16:48:55
"18996",2019-08-15 18:00:00,0.1746,70.9,8.7,20.603,22.872,"B127",2019-08-15 17:48:55
"18997",2019-08-15 19:00:00,0.1739,73.2,6.2,20.603,22.011,"B127",2019-08-15 18:48:55
"18998",2019-08-15 20:00:00,0.1739,74.7,1.2,20.555,20.746,"B127",2019-08-15 19:48:55
"18999",2019-08-15 21:00:00,0.1739,75.5,1.2,20.46,19.936,"B127",2019-08-15 20:48:55
"19000",2019-08-15 22:00:00,0.1732,77.8,1.2,20.341,19.294,"B127",2019-08-15 21:48:55
"19001",2019-08-15 23:00:00,0.1732,82.2,1.2,20.198,18.652,"B127",2019-08-15 22:48:55
"19002",2019-08-16 00:00:00,0.1724,86.1,1.2,20.055,18.319,"B127",2019-08-15 23:48:55
"19003",2019-08-16 01:00:00,0.1724,89.2,1.2,19.936,18.224,"B127",2019-08-16 00:48:55
"19004",2019-08-16 02:00:00,0.1724,92.6,1.2,19.817,17.415,"B127",2019-08-16 01:48:55
"19005",2019-08-16 03:00:00,0.1724,94.2,1.2,19.698,17.867,"B127",2019-08-16 02:48:55
"19006",2019-08-16 04:00:00,0.1724,92.9,1.2,19.603,17.653,"B127",2019-08-16 03:48:55
"19007",2019-08-16 05:00:00,0.1724,92.6,1.2,19.508,17.772,"B127",2019-08-16 04:48:55
"19008",2019-08-16 06:00:00,0.1724,91.3,1.2,19.413,17.534,"B127",2019-08-16 05:48:55
"19009",2019-08-16 07:00:00,0.1724,92.5,1.2,19.341,17.629,"B127",2019-08-16 06:48:55
"19010",2019-08-16 08:00:00,0.1717,90.7,6.2,19.27,19.294,"B127",2019-08-16 07:48:55
"19011",2019-08-16 09:00:00,0.1724,81,11.2,19.246,20.484,"B127",2019-08-16 08:48:55
"19012",2019-08-16 10:00:00,0.1717,81.5,18.7,19.27,21.413,"B127",2019-08-16 09:48:55
"19013",2019-08-16 11:00:00,0.1717,77.8,43.7,19.365,23.376,"B127",2019-08-16 10:48:55
"19014",2019-08-16 12:00:00,0.1717,74.8,36.2,19.532,23.954,"B127",2019-08-16 11:48:55
"19015",2019-08-16 13:00:00,0.171,70.3,46.2,19.698,25.914,"B127",2019-08-16 12:48:55
"19016",2019-08-16 14:00:00,0.171,68.5,58.7,19.984,26.94,"B127",2019-08-16 13:48:55
"19017",2019-08-16 15:00:00,0.1702,67.3,56.2,20.269,26.671,"B127",2019-08-16 14:48:55
"19018",2019-08-16 16:00:00,0.1702,66.1,31.2,20.46,27.431,"B127",2019-08-16 15:48:55
"19019",2019-08-16 17:00:00,0.1702,65,28.7,20.627,28.048,"B127",2019-08-16 16:48:55
"19020",2019-08-16 18:00:00,0.1695,63.6,11.2,20.793,27.431,"B127",2019-08-16 17:48:55
"19021",2019-08-16 19:00:00,0.1688,66.7,6.2,20.865,26.867,"B127",2019-08-16 18:48:55
"19022",2019-08-16 20:00:00,0.1688,70.6,1.2,20.913,26.256,"B127",2019-08-16 19:48:55
"19023",2019-08-16 21:00:00,0.1681,73.2,1.2,20.913,24.412,"B127",2019-08-16 20:48:55
"19024",2019-08-16 22:00:00,0.1681,79.1,1.2,20.889,22.872,"B127",2019-08-16 21:48:55
"19025",2019-08-16 23:00:00,0.1681,84.3,1.2,20.817,22.298,"B127",2019-08-16 22:48:55
"19026",2019-08-17 00:00:00,0.1681,86.9,1.2,20.746,21.652,"B127",2019-08-16 23:48:55
"19027",2019-08-17 01:00:00,0.1681,89.7,1.2,20.674,21.294,"B127",2019-08-17 00:48:55
"19028",2019-08-17 02:00:00,0.1681,90.9,1.2,20.603,21.008,"B127",2019-08-17 01:48:55
"19029",2019-08-17 03:00:00,0.1673,91.8,1.2,20.531,20.698,"B127",2019-08-17 02:48:55
"19030",2019-08-17 04:00:00,0.1673,93.4,1.2,20.46,20.198,"B127",2019-08-17 03:48:55
"19031",2019-08-17 05:00:00,0.1673,95.3,1.2,20.388,19.936,"B127",2019-08-17 04:48:55
"19032",2019-08-17 06:00:00,0.1673,96.1,1.2,20.293,20.317,"B127",2019-08-17 05:48:55
"19033",2019-08-17 07:00:00,0.1673,96.3,1.2,20.222,19.674,"B127",2019-08-17 06:48:55
"19034",2019-08-17 08:00:00,0.1673,97.3,3.7,20.174,20.507,"B127",2019-08-17 07:48:55
"19035",2019-08-17 09:00:00,0.1673,96.5,11.2,20.174,21.795,"B127",2019-08-17 08:48:55
"19036",2019-08-17 10:00:00,0.1673,94.6,18.7,20.198,22.705,"B127",2019-08-17 09:48:55
"19037",2019-08-17 11:00:00,0.1673,89.9,18.7,20.293,23.545,"B127",2019-08-17 10:48:55
"19038",2019-08-17 12:00:00,0.1942,93.4,3.7,20.388,20.603,"B127",2019-08-17 11:48:55
"19039",2019-08-17 13:00:00,0.184,98.6,23.7,20.412,21.795,"B127",2019-08-17 12:48:55
"19040",2019-08-17 14:00:00,0.1811,99.2,23.7,20.484,21.939,"B127",2019-08-17 13:48:55
"19041",2019-08-17 15:00:00,0.1804,99.1,8.7,20.555,22.321,"B127",2019-08-17 14:48:55
"19042",2019-08-17 16:00:00,0.1797,97.1,16.2,20.627,23.112,"B127",2019-08-17 15:48:55
"19043",2019-08-17 17:00:00,0.1797,93.2,18.7,20.698,23.352,"B127",2019-08-17 16:48:55
"19044",2019-08-17 18:00:00,0.179,92,11.2,20.77,23.689,"B127",2019-08-17 17:48:55
"19045",2019-08-17 19:00:00,0.1782,89.7,6.2,20.841,24.146,"B127",2019-08-17 18:48:55
"19046",2019-08-17 20:00:00,0.1775,88.8,1.2,20.889,23.232,"B127",2019-08-17 19:48:55
"19047",2019-08-17 21:00:00,0.1775,94.4,1.2,20.913,23.04,"B127",2019-08-17 20:48:55
"19048",2019-08-17 22:00:00,0.1775,92.6,1.2,20.889,22.633,"B127",2019-08-17 21:48:55
"19049",2019-08-17 23:00:00,0.1775,93.1,1.2,20.865,22.13,"B127",2019-08-17 22:48:55
"19050",2019-08-18 00:00:00,0.1775,94.6,1.2,20.817,21.676,"B127",2019-08-17 23:48:55
"19051",2019-08-18 01:00:00,0.1768,97.1,1.2,20.77,21.103,"B127",2019-08-18 00:48:55
"19052",2019-08-18 02:00:00,0.1768,98.5,1.2,20.698,20.841,"B127",2019-08-18 01:48:55
"19053",2019-08-18 03:00:00,0.1768,98.7,1.2,20.65,20.984,"B127",2019-08-18 02:48:55
"19054",2019-08-18 04:00:00,0.1768,98.6,1.2,20.603,20.674,"B127",2019-08-18 03:48:55
"19055",2019-08-18 05:00:00,0.1768,99.3,1.2,20.555,20.793,"B127",2019-08-18 04:48:55
"19056",2019-08-18 06:00:00,0.1768,98.8,1.2,20.507,21.294,"B127",2019-08-18 05:48:55
"19057",2019-08-18 07:00:00,0.1768,98.3,1.2,20.484,21.509,"B127",2019-08-18 06:48:55
"19058",2019-08-18 08:00:00,0.216,98.6,1.2,20.46,19.603,"B127",2019-08-18 07:48:55
"19059",2019-08-18 09:00:00,0.3155,100,1.2,20.317,20.531,"B127",2019-08-18 08:48:55
"19060",2019-08-18 10:00:00,0.2894,100,6.2,20.293,20.246,"B127",2019-08-18 09:48:55
"19061",2019-08-18 11:00:00,0.2785,100,18.7,20.341,20.222,"B127",2019-08-18 10:48:55
"19062",2019-08-18 12:00:00,0.2734,99.8,23.7,20.388,20.889,"B127",2019-08-18 11:48:55
"19063",2019-08-18 13:00:00,0.2698,90.7,56.2,20.436,24.388,"B127",2019-08-18 12:48:55
"19064",2019-08-18 14:00:00,0.2668,83.6,48.7,20.627,25.21,"B127",2019-08-18 13:48:55
"19065",2019-08-18 15:00:00,0.2647,83.5,56.2,20.865,25.234,"B127",2019-08-18 14:48:55
"19066",2019-08-18 16:00:00,0.2625,81,28.7,21.056,25.453,"B127",2019-08-18 15:48:55
"19067",2019-08-18 17:00:00,0.261,82.6,23.7,21.175,24.847,"B127",2019-08-18 16:48:55
"19068",2019-08-18 18:00:00,0.2596,81.8,16.2,21.27,24.315,"B127",2019-08-18 17:48:55
"19069",2019-08-18 19:00:00,0.2581,80.8,8.7,21.342,24.146,"B127",2019-08-18 18:48:55
"19070",2019-08-18 20:00:00,0.2574,82.6,1.2,21.342,22.92,"B127",2019-08-18 19:48:55
"19071",2019-08-18 21:00:00,0.2567,85.8,1.2,21.294,22.465,"B127",2019-08-18 20:48:55
"19072",2019-08-18 22:00:00,0.256,86.8,1.2,21.223,21.987,"B127",2019-08-18 21:48:55
"19073",2019-08-18 23:00:00,0.2552,89,1.2,21.151,21.366,"B127",2019-08-18 22:48:55
"19074",2019-08-19 00:00:00,0.2552,89.6,1.2,21.056,21.056,"B127",2019-08-18 23:48:55
"19075",2019-08-19 01:00:00,0.2545,92.2,1.2,20.984,21.175,"B127",2019-08-19 00:48:55
"19076",2019-08-19 02:00:00,0.2538,92.1,1.2,20.913,20.96,"B127",2019-08-19 01:48:55
"19077",2019-08-19 03:00:00,0.253,95.5,1.2,20.865,20.817,"B127",2019-08-19 02:48:55
"19078",2019-08-19 04:00:00,0.253,95.1,1.2,20.793,20.96,"B127",2019-08-19 03:48:55
"19079",2019-08-19 05:00:00,0.2523,94.8,1.2,20.746,20.96,"B127",2019-08-19 04:48:55
"19080",2019-08-19 06:00:00,0.2523,97.2,1.2,20.722,20.317,"B127",2019-08-19 05:48:55
"19081",2019-08-19 07:00:00,0.2523,98.1,1.2,20.674,20.555,"B127",2019-08-19 06:48:55
"19082",2019-08-19 08:00:00,0.2516,97.9,3.7,20.627,22.106,"B127",2019-08-19 07:48:55
"19083",2019-08-19 09:00:00,0.2516,92.2,13.7,20.65,23.617,"B127",2019-08-19 08:48:55
"19084",2019-08-19 10:00:00,0.2509,85,21.2,20.746,24.726,"B127",2019-08-19 09:48:55
"19085",2019-08-19 11:00:00,0.2501,80.7,68.7,20.936,26.207,"B127",2019-08-19 10:48:55
"19086",2019-08-19 12:00:00,0.2494,76.6,36.2,21.175,26.842,"B127",2019-08-19 11:48:55
"19087",2019-08-19 13:00:00,0.2494,79.8,36.2,21.413,26.965,"B127",2019-08-19 12:48:55
"19088",2019-08-19 14:00:00,0.248,79.9,21.2,21.604,26.109,"B127",2019-08-19 13:48:55
"19089",2019-08-19 15:00:00,0.248,81.4,61.2,21.7,26.818,"B127",2019-08-19 14:48:55
"19090",2019-08-19 16:00:00,0.2472,78.5,23.7,21.819,28.048,"B127",2019-08-19 15:48:55
"19091",2019-08-19 17:00:00,0.2472,80.7,8.7,21.939,25.428,"B127",2019-08-19 16:48:55
"19092",2019-08-19 18:00:00,0.2472,91.9,13.7,21.987,25.065,"B127",2019-08-19 17:48:55
"19093",2019-08-19 19:00:00,0.2472,93,3.7,22.011,24.46,"B127",2019-08-19 18:48:55
"19094",2019-08-19 20:00:00,0.2472,92.9,1.2,22.011,24.219,"B127",2019-08-19 19:48:55
"19095",2019-08-19 21:00:00,0.2472,92.1,1.2,21.987,24.05,"B127",2019-08-19 20:48:55
"19096",2019-08-19 22:00:00,0.2472,92.1,1.2,21.939,23.737,"B127",2019-08-19 21:48:55
"19097",2019-08-19 23:00:00,0.2472,91.2,1.2,21.867,23.4,"B127",2019-08-19 22:48:55
"19098",2019-08-20 00:00:00,0.2472,93.5,1.2,21.819,22.92,"B127",2019-08-19 23:48:55
"19099",2019-08-20 01:00:00,0.2465,94.8,1.2,21.748,22.753,"B127",2019-08-20 00:48:55
"19100",2019-08-20 02:00:00,0.2465,96.4,1.2,21.7,22.513,"B127",2019-08-20 01:48:55
"19101",2019-08-20 03:00:00,0.2458,97.9,1.2,21.652,22.417,"B127",2019-08-20 02:48:55
"19102",2019-08-20 04:00:00,0.2465,98,1.2,21.604,21.891,"B127",2019-08-20 03:48:55
"19103",2019-08-20 05:00:00,0.2458,98.7,1.2,21.557,21.628,"B127",2019-08-20 04:48:55
"19104",2019-08-20 06:00:00,0.2458,99.5,1.2,21.485,21.581,"B127",2019-08-20 05:48:55
"19105",2019-08-20 07:00:00,0.2458,99.9,1.2,21.413,21.939,"B127",2019-08-20 06:48:55
"19106",2019-08-20 08:00:00,0.2458,99.9,3.7,21.39,22.848,"B127",2019-08-20 07:48:55
"19107",2019-08-20 09:00:00,0.2458,98.4,8.7,21.39,23.4,"B127",2019-08-20 08:48:55
"19108",2019-08-20 10:00:00,0.2451,97.5,6.2,21.437,23.737,"B127",2019-08-20 09:48:55
"19109",2019-08-20 11:00:00,0.2451,97.6,1.2,21.485,23.665,"B127",2019-08-20 10:48:55
"19110",2019-08-20 12:00:00,0.2458,97.6,1.2,21.509,21.342,"B127",2019-08-20 11:48:55
"19111",2019-08-20 13:00:00,0.2465,97.3,3.7,21.509,20.388,"B127",2019-08-20 12:48:55
"19112",2019-08-20 14:00:00,0.2494,99.2,18.7,21.39,21.485,"B127",2019-08-20 13:48:55
"19113",2019-08-20 15:00:00,0.2509,99.3,11.2,21.318,21.39,"B127",2019-08-20 14:48:55
"19114",2019-08-20 16:00:00,0.2589,99.9,13.7,21.294,21.413,"B127",2019-08-20 15:48:55
"19115",2019-08-20 17:00:00,0.2589,99.9,11.2,21.27,20.293,"B127",2019-08-20 16:48:55
"19116",2019-08-20 18:00:00,0.2589,99.4,8.7,21.246,21.056,"B127",2019-08-20 17:48:55
"19117",2019-08-20 19:00:00,0.2589,99.6,3.7,21.199,21.127,"B127",2019-08-20 18:48:55
"19118",2019-08-20 20:00:00,0.2581,99.7,1.2,21.175,20.579,"B127",2019-08-20 19:48:55
"19119",2019-08-20 21:00:00,0.2574,99.4,1.2,21.127,20.174,"B127",2019-08-20 20:48:55
"19120",2019-08-20 22:00:00,0.2574,99.8,1.2,21.056,20.055,"B127",2019-08-20 21:48:55
"19121",2019-08-20 23:00:00,0.2567,100,1.2,20.96,19.841,"B127",2019-08-20 22:48:55
"19122",2019-08-21 00:00:00,0.2567,100,1.2,20.889,19.127,"B127",2019-08-20 23:48:55
"19123",2019-08-21 01:00:00,0.256,100,1.2,20.793,18.866,"B127",2019-08-21 00:48:55
"19124",2019-08-21 02:00:00,0.256,99.9,1.2,20.674,18.533,"B127",2019-08-21 01:48:55
"19125",2019-08-21 03:00:00,0.2552,99.9,1.2,20.579,18.438,"B127",2019-08-21 02:48:55
"19126",2019-08-21 04:00:00,0.2552,100,1.2,20.46,18.176,"B127",2019-08-21 03:48:55
"19127",2019-08-21 05:00:00,0.2545,100,1.2,20.365,18.033,"B127",2019-08-21 04:48:55
"19128",2019-08-21 06:00:00,0.2545,100,1.2,20.246,18.129,"B127",2019-08-21 05:48:55
"19129",2019-08-21 07:00:00,0.2538,100,1.2,20.174,18.533,"B127",2019-08-21 06:48:55
"19130",2019-08-21 08:00:00,0.2538,100,6.2,20.103,19.698,"B127",2019-08-21 07:48:55
"19131",2019-08-21 09:00:00,0.2538,98.9,13.7,20.103,21.581,"B127",2019-08-21 08:48:55
"19132",2019-08-21 10:00:00,0.253,95.3,31.2,20.198,23.881,"B127",2019-08-21 09:48:55
"19133",2019-08-21 11:00:00,0.253,90.5,48.7,20.388,25.04,"B127",2019-08-21 10:48:55
"19134",2019-08-21 12:00:00,0.253,86.9,41.2,20.674,25.817,"B127",2019-08-21 11:48:55
"19135",2019-08-21 13:00:00,0.2523,85.3,38.7,20.96,25.768,"B127",2019-08-21 12:48:55
"19136",2019-08-21 14:00:00,0.2516,85.1,38.7,21.199,25.793,"B127",2019-08-21 13:48:55
"19137",2019-08-21 15:00:00,0.2509,83.3,38.7,21.366,25.428,"B127",2019-08-21 14:48:55
"19138",2019-08-21 16:00:00,0.2509,85,18.7,21.509,24.798,"B127",2019-08-21 15:48:55
"19139",2019-08-21 17:00:00,0.2509,91.2,11.2,21.557,23.978,"B127",2019-08-21 16:48:55
"19140",2019-08-21 18:00:00,0.2501,95.2,8.7,21.581,23.881,"B127",2019-08-21 17:48:55
"19141",2019-08-21 19:00:00,0.2501,93.6,3.7,21.581,23.16,"B127",2019-08-21 18:48:55
"19142",2019-08-21 20:00:00,0.2501,93.9,1.2,21.581,22.321,"B127",2019-08-21 19:48:55
"19143",2019-08-21 21:00:00,0.2494,95.4,1.2,21.509,22.226,"B127",2019-08-21 20:48:55
"19144",2019-08-21 22:00:00,0.2501,96.4,1.2,21.461,21.867,"B127",2019-08-21 21:48:55
"19145",2019-08-21 23:00:00,0.2494,97.7,1.2,21.39,21.604,"B127",2019-08-21 22:48:55
"19146",2019-08-22 00:00:00,0.2494,98.1,1.2,21.318,21.199,"B127",2019-08-21 23:48:55
"19147",2019-08-22 01:00:00,0.2487,93.4,1.2,21.27,20.531,"B127",2019-08-22 00:48:55
"19148",2019-08-22 02:00:00,0.2487,92.7,1.2,21.151,20.103,"B127",2019-08-22 01:48:55
"19149",2019-08-22 03:00:00,0.2487,91.8,1.2,21.056,19.579,"B127",2019-08-22 02:48:55
"19150",2019-08-22 04:00:00,0.248,90.3,1.2,20.936,19.27,"B127",2019-08-22 03:48:55
"19151",2019-08-22 05:00:00,0.248,91.5,1.2,20.793,18.937,"B127",2019-08-22 04:48:55
"19152",2019-08-22 06:00:00,0.2472,89.8,1.2,20.65,18.414,"B127",2019-08-22 05:48:55
"19153",2019-08-22 07:00:00,0.2472,90.6,1.2,20.507,17.748,"B127",2019-08-22 06:48:55
"19154",2019-08-22 08:00:00,0.2465,92.2,3.7,20.341,18.675,"B127",2019-08-22 07:48:55
"19155",2019-08-22 09:00:00,0.2472,91.7,13.7,20.222,20.555,"B127",2019-08-22 08:48:55
"19156",2019-08-22 10:00:00,0.2465,88.2,26.2,20.222,22.202,"B127",2019-08-22 09:48:55
"19157",2019-08-22 11:00:00,0.2458,82.7,58.7,20.341,22.561,"B127",2019-08-22 10:48:55
"19158",2019-08-22 12:00:00,0.2451,77.7,26.2,20.507,24.388,"B127",2019-08-22 11:48:55
"19159",2019-08-22 13:00:00,0.2451,76.1,23.7,20.65,22.345,"B127",2019-08-22 12:48:55
"19160",2019-08-22 14:00:00,0.2443,74.5,48.7,20.698,23.28,"B127",2019-08-22 13:48:55
"19161",2019-08-22 15:00:00,0.2429,71.5,36.2,20.722,22.489,"B127",2019-08-22 14:48:55
"19162",2019-08-22 16:00:00,0.2422,68.8,23.7,20.722,22.537,"B127",2019-08-22 15:48:55
"19163",2019-08-22 17:00:00,0.2414,65.2,71.2,20.674,22.298,"B127",2019-08-22 16:48:55
"19164",2019-08-22 18:00:00,0.2407,62.8,8.7,20.627,21.27,"B127",2019-08-22 17:48:55
"19165",2019-08-22 19:00:00,0.2407,63,3.7,20.507,20.77,"B127",2019-08-22 18:48:55
"19166",2019-08-22 20:00:00,0.24,62.8,1.2,20.365,19.77,"B127",2019-08-22 19:48:55
"19167",2019-08-22 21:00:00,0.2392,68.6,1.2,20.198,19.008,"B127",2019-08-22 20:48:55
"19168",2019-08-22 22:00:00,0.2392,72.9,1.2,20.031,18.247,"B127",2019-08-22 21:48:55
"19169",2019-08-22 23:00:00,0.24,79.2,1.2,19.888,17.368,"B127",2019-08-22 22:48:55
"19170",2019-08-23 00:00:00,0.24,84.7,1.2,19.77,17.486,"B127",2019-08-22 23:48:55
"19171",2019-08-23 01:00:00,0.2392,82,1.2,19.651,16.511,"B127",2019-08-23 00:48:55
"19172",2019-08-23 02:00:00,0.2392,87.8,1.2,19.508,16.058,"B127",2019-08-23 01:48:55
"19173",2019-08-23 03:00:00,0.24,90.7,1.2,19.389,15.939,"B127",2019-08-23 02:48:55
"19174",2019-08-23 04:00:00,0.2392,86.4,1.2,19.27,15.676,"B127",2019-08-23 03:48:55
"19175",2019-08-23 05:00:00,0.2392,87.1,1.2,19.127,15.414,"B127",2019-08-23 04:48:55
"19176",2019-08-23 06:00:00,0.2392,89.9,1.2,18.985,14.864,"B127",2019-08-23 05:48:55
"19177",2019-08-23 07:00:00,0.2392,93.4,1.2,18.866,15.605,"B127",2019-08-23 06:48:55
"19178",2019-08-23 08:00:00,0.2392,92.2,6.2,18.771,17.296,"B127",2019-08-23 07:48:55
"19179",2019-08-23 09:00:00,0.2385,80.2,8.7,18.771,19.77,"B127",2019-08-23 08:48:55
"19180",2019-08-23 10:00:00,0.2378,71,21.2,18.818,21.103,"B127",2019-08-23 09:48:55
"19181",2019-08-23 11:00:00,0.2371,66.8,108.7,18.937,21.366,"B127",2019-08-23 10:48:55
"19182",2019-08-23 12:00:00,0.2371,62.6,56.2,19.103,22.058,"B127",2019-08-23 11:48:55
"19183",2019-08-23 13:00:00,0.2356,61.9,36.2,19.27,22.202,"B127",2019-08-23 12:48:55
"19184",2019-08-23 14:00:00,0.2349,61.1,43.7,19.413,22.25,"B127",2019-08-23 13:48:55
"19185",2019-08-23 15:00:00,0.2342,61.7,38.7,19.532,21.223,"B127",2019-08-23 14:48:55
"19186",2019-08-23 16:00:00,0.2327,63.5,18.7,19.555,21.103,"B127",2019-08-23 15:48:55
"19187",2019-08-23 17:00:00,0.232,64.6,58.7,19.532,20.96,"B127",2019-08-23 16:48:55
"19188",2019-08-23 18:00:00,0.232,64.4,11.2,19.508,20.317,"B127",2019-08-23 17:48:55
"19189",2019-08-23 19:00:00,0.2313,66.7,6.2,19.436,19.436,"B127",2019-08-23 18:48:55
"19190",2019-08-23 20:00:00,0.2313,68.6,1.2,19.318,18.247,"B127",2019-08-23 19:48:55
"19191",2019-08-23 21:00:00,0.2305,72.9,1.2,19.199,17.177,"B127",2019-08-23 20:48:55
"19192",2019-08-23 22:00:00,0.2305,81.3,1.2,19.056,16.129,"B127",2019-08-23 21:48:55
"19193",2019-08-23 23:00:00,0.2298,87.7,1.2,18.937,15.247,"B127",2019-08-23 22:48:55
"19194",2019-08-24 00:00:00,0.2298,89.6,1.2,18.794,15.843,"B127",2019-08-23 23:48:55
"19195",2019-08-24 01:00:00,0.2298,91.1,1.2,18.652,15.796,"B127",2019-08-24 00:48:55
"19196",2019-08-24 02:00:00,0.2291,88.8,1.2,18.557,15.629,"B127",2019-08-24 01:48:55
"19197",2019-08-24 03:00:00,0.2291,90.4,1.2,18.461,15.819,"B127",2019-08-24 02:48:55
"19198",2019-08-24 04:00:00,0.2291,91.1,1.2,18.39,15.796,"B127",2019-08-24 03:48:55
"19199",2019-08-24 05:00:00,0.2291,92.2,1.2,18.319,15.366,"B127",2019-08-24 04:48:55
"19200",2019-08-24 06:00:00,0.2284,94,1.2,18.247,15.079,"B127",2019-08-24 05:48:55
"19201",2019-08-24 07:00:00,0.2284,92.3,1.2,18.176,15.438,"B127",2019-08-24 06:48:55
"19202",2019-08-24 08:00:00,0.2284,86.8,3.7,18.105,16.749,"B127",2019-08-24 07:48:55
"19203",2019-08-24 09:00:00,0.2276,80.1,11.2,18.105,18.604,"B127",2019-08-24 08:48:55
"19204",2019-08-24 10:00:00,0.2276,73.4,28.7,18.152,19.865,"B127",2019-08-24 09:48:55
"19205",2019-08-24 11:00:00,0.2276,64,163.7,18.295,20.984,"B127",2019-08-24 10:48:55
"19206",2019-08-24 12:00:00,0.2269,59.4,68.7,18.461,21.581,"B127",2019-08-24 11:48:55
"19207",2019-08-24 13:00:00,0.2262,58.6,46.2,18.628,21.915,"B127",2019-08-24 12:48:55
"19208",2019-08-24 14:00:00,0.2254,56.1,31.2,18.747,22.13,"B127",2019-08-24 13:48:55
"19209",2019-08-24 15:00:00,0.2247,55,43.7,18.866,21.557,"B127",2019-08-24 14:48:55
"19210",2019-08-24 16:00:00,0.224,56.5,23.7,18.913,21.39,"B127",2019-08-24 15:48:55
"19211",2019-08-24 17:00:00,0.2233,58.6,43.7,18.937,20.412,"B127",2019-08-24 16:48:55
"19212",2019-08-24 18:00:00,0.2225,60,11.2,18.937,20.484,"B127",2019-08-24 17:48:55
"19213",2019-08-24 19:00:00,0.2218,60.8,6.2,18.889,20.174,"B127",2019-08-24 18:48:55
"19214",2019-08-24 20:00:00,0.2218,66.4,1.2,18.842,18.557,"B127",2019-08-24 19:48:55
"19215",2019-08-24 21:00:00,0.2211,76.1,1.2,18.771,17.534,"B127",2019-08-24 20:48:55
"19216",2019-08-24 22:00:00,0.2204,81.3,1.2,18.675,17.106,"B127",2019-08-24 21:48:55
"19217",2019-08-24 23:00:00,0.2204,79.9,1.2,18.604,17.891,"B127",2019-08-24 22:48:55
"19218",2019-08-25 00:00:00,0.2204,77.8,1.2,18.557,17.772,"B127",2019-08-24 23:48:55
"19219",2019-08-25 01:00:00,0.2204,77.1,1.2,18.485,16.963,"B127",2019-08-25 00:48:55
"19220",2019-08-25 02:00:00,0.2196,78.1,1.2,18.414,16.701,"B127",2019-08-25 01:48:55
"19221",2019-08-25 03:00:00,0.2196,76.4,1.2,18.319,16.511,"B127",2019-08-25 02:48:55
"19222",2019-08-25 04:00:00,0.2196,79.4,1.2,18.224,15.533,"B127",2019-08-25 03:48:55
"19223",2019-08-25 05:00:00,0.2189,80.9,1.2,18.129,15.557,"B127",2019-08-25 04:48:55
"19224",2019-08-25 06:00:00,0.2189,85.8,1.2,18.033,14.936,"B127",2019-08-25 05:48:55
"19225",2019-08-25 07:00:00,0.2189,84.8,1.2,17.938,15.509,"B127",2019-08-25 06:48:55
"19226",2019-08-25 08:00:00,0.2182,86.7,6.2,17.843,16.32,"B127",2019-08-25 07:48:55
"19227",2019-08-25 09:00:00,0.2182,81.4,8.7,17.819,17.986,"B127",2019-08-25 08:48:55
"19228",2019-08-25 10:00:00,0.2175,72.6,26.2,17.843,19.532,"B127",2019-08-25 09:48:55
"19229",2019-08-25 11:00:00,0.2175,67.9,93.7,17.962,21.843,"B127",2019-08-25 10:48:55
"19230",2019-08-25 12:00:00,0.2167,60.4,58.7,18.152,22.537,"B127",2019-08-25 11:48:55
"19231",2019-08-25 13:00:00,0.2153,57.9,51.2,18.39,23.761,"B127",2019-08-25 12:48:55
"19232",2019-08-25 14:00:00,0.2146,55.7,78.7,18.604,23.28,"B127",2019-08-25 13:48:55
"19233",2019-08-25 15:00:00,0.2138,55.3,38.7,18.747,23.833,"B127",2019-08-25 14:48:55
"19234",2019-08-25 16:00:00,0.2138,57.5,33.7,18.866,23.472,"B127",2019-08-25 15:48:55
"19235",2019-08-25 17:00:00,0.2131,61.7,31.2,18.985,22.8,"B127",2019-08-25 16:48:55
"19236",2019-08-25 18:00:00,0.2116,63.7,11.2,19.056,22.13,"B127",2019-08-25 17:48:55
"19237",2019-08-25 19:00:00,0.2116,67.4,3.7,19.08,21.39,"B127",2019-08-25 18:48:55
"19238",2019-08-25 20:00:00,0.2109,68.6,1.2,19.056,21.294,"B127",2019-08-25 19:48:55
"19239",2019-08-25 21:00:00,0.2116,65.5,1.2,19.056,21.604,"B127",2019-08-25 20:48:55
"19240",2019-08-25 22:00:00,0.2109,65.4,1.2,19.032,21.318,"B127",2019-08-25 21:48:55
"19241",2019-08-25 23:00:00,0.2109,68.3,1.2,19.008,21.485,"B127",2019-08-25 22:48:55
"19242",2019-08-26 00:00:00,0.2102,70.5,1.2,18.985,21.581,"B127",2019-08-25 23:48:55
"19243",2019-08-26 01:00:00,0.2095,72.2,1.2,18.961,20.412,"B127",2019-08-26 00:48:55
"19244",2019-08-26 02:00:00,0.2095,81,1.2,18.961,19.841,"B127",2019-08-26 01:48:55
"19245",2019-08-26 03:00:00,0.2095,88.1,1.2,18.937,17.819,"B127",2019-08-26 02:48:55
"19246",2019-08-26 04:00:00,0.2095,95.3,1.2,18.866,17.986,"B127",2019-08-26 03:48:55
"19247",2019-08-26 05:00:00,0.2095,96.2,1.2,18.818,18.081,"B127",2019-08-26 04:48:55
"19248",2019-08-26 06:00:00,0.2116,94.6,1.2,18.771,17.605,"B127",2019-08-26 05:48:55
"19249",2019-08-26 07:00:00,0.2109,97.7,1.2,18.723,17.629,"B127",2019-08-26 06:48:55
"19250",2019-08-26 08:00:00,0.2116,98.6,1.2,18.675,17.938,"B127",2019-08-26 07:48:55
"19251",2019-08-26 09:00:00,0.2116,99.2,3.7,18.628,18.414,"B127",2019-08-26 08:48:55
"19252",2019-08-26 10:00:00,0.2124,99.7,6.2,18.628,19.103,"B127",2019-08-26 09:48:55
"19253",2019-08-26 11:00:00,0.216,99.9,16.2,18.675,20.507,"B127",2019-08-26 10:48:55
"19254",2019-08-26 12:00:00,0.2262,99.6,13.7,18.794,21.318,"B127",2019-08-26 11:48:55
"19255",2019-08-26 13:00:00,0.2392,98.8,11.2,18.937,21.819,"B127",2019-08-26 12:48:55
"19256",2019-08-26 14:00:00,0.248,98.3,18.7,19.103,22.633,"B127",2019-08-26 13:48:55
"19257",2019-08-26 15:00:00,0.394,97.7,11.2,19.365,22.417,"B127",2019-08-26 14:48:55
"19258",2019-08-26 16:00:00,0.3082,99.5,23.7,20.46,22.441,"B127",2019-08-26 15:48:55
"19259",2019-08-26 17:00:00,0.2959,96.9,28.7,20.269,23.16,"B127",2019-08-26 16:48:55
"19260",2019-08-26 18:00:00,0.2886,92.7,8.7,20.269,23.16,"B127",2019-08-26 17:48:55
"19261",2019-08-26 19:00:00,0.2857,92.6,1.2,20.269,22.489,"B127",2019-08-26 18:48:55
"19262",2019-08-26 20:00:00,0.2836,96.1,1.2,20.246,21.772,"B127",2019-08-26 19:48:55
"19263",2019-08-26 21:00:00,0.2836,98.1,1.2,20.222,21.437,"B127",2019-08-26 20:48:55
"19264",2019-08-26 22:00:00,0.2836,98.1,1.2,20.174,20.603,"B127",2019-08-26 21:48:55
"19265",2019-08-26 23:00:00,0.2814,98.6,1.2,20.126,20.007,"B127",2019-08-26 22:48:55
"19266",2019-08-27 00:00:00,0.2806,98.7,1.2,20.031,20.079,"B127",2019-08-26 23:48:55
"19267",2019-08-27 01:00:00,0.2792,98.5,1.2,19.96,20.222,"B127",2019-08-27 00:48:55
"19268",2019-08-27 02:00:00,0.2785,98.8,1.2,19.912,19.865,"B127",2019-08-27 01:48:55
"19269",2019-08-27 03:00:00,0.2777,99.2,1.2,19.841,19.817,"B127",2019-08-27 02:48:55
"19270",2019-08-27 04:00:00,0.277,98.6,1.2,19.793,19.603,"B127",2019-08-27 03:48:55
"19271",2019-08-27 05:00:00,0.277,98.6,1.2,19.746,18.889,"B127",2019-08-27 04:48:55
"19272",2019-08-27 06:00:00,0.2763,98.9,1.2,19.674,18.414,"B127",2019-08-27 05:48:55
"19273",2019-08-27 07:00:00,0.2756,99,1.2,19.603,18.247,"B127",2019-08-27 06:48:55
"19274",2019-08-27 08:00:00,0.2756,98.7,6.2,19.508,18.652,"B127",2019-08-27 07:48:55
"19275",2019-08-27 09:00:00,0.2748,94.7,11.2,19.436,20.055,"B127",2019-08-27 08:48:55
"19276",2019-08-27 10:00:00,0.2734,89.3,31.2,19.436,21.056,"B127",2019-08-27 09:48:55
"19277",2019-08-27 11:00:00,0.2734,88.1,83.7,19.484,22.298,"B127",2019-08-27 10:48:55
"19278",2019-08-27 12:00:00,0.2727,85.4,41.2,19.651,23.184,"B127",2019-08-27 11:48:55
"19279",2019-08-27 13:00:00,0.2712,80.8,51.2,19.841,22.992,"B127",2019-08-27 12:48:55
"19280",2019-08-27 14:00:00,0.2705,78.3,128.7,20.007,23.4,"B127",2019-08-27 13:48:55
"19281",2019-08-27 15:00:00,0.2698,73.7,31.2,20.15,24.75,"B127",2019-08-27 14:48:55
"19282",2019-08-27 16:00:00,0.2683,69.6,21.2,20.222,23.569,"B127",2019-08-27 15:48:55
"19283",2019-08-27 17:00:00,0.2676,68,63.7,20.293,22.992,"B127",2019-08-27 16:48:55
"19284",2019-08-27 18:00:00,0.2668,68,8.7,20.317,22.968,"B127",2019-08-27 17:48:55
"19285",2019-08-27 19:00:00,0.2661,67.5,3.7,20.269,22.417,"B127",2019-08-27 18:48:55
"19286",2019-08-27 20:00:00,0.2661,71.2,1.2,20.198,21.199,"B127",2019-08-27 19:48:55
"19287",2019-08-27 21:00:00,0.2654,73.8,1.2,20.103,20.317,"B127",2019-08-27 20:48:55
"19288",2019-08-27 22:00:00,0.2647,76.6,1.2,19.984,19.484,"B127",2019-08-27 21:48:55
"19289",2019-08-27 23:00:00,0.2647,77.8,1.2,19.888,19.008,"B127",2019-08-27 22:48:55
"19290",2019-08-28 00:00:00,0.2639,79.9,1.2,19.746,18.343,"B127",2019-08-27 23:48:55
"19291",2019-08-28 01:00:00,0.2632,82,1.2,19.627,17.605,"B127",2019-08-28 00:48:55
"19292",2019-08-28 02:00:00,0.2632,81.4,1.2,19.484,17.034,"B127",2019-08-28 01:48:55
"19293",2019-08-28 03:00:00,0.2625,83,1.2,19.341,16.677,"B127",2019-08-28 02:48:55
"19294",2019-08-28 04:00:00,0.2625,82.9,1.2,19.175,16.32,"B127",2019-08-28 03:48:55
"19295",2019-08-28 05:00:00,0.2618,83.5,1.2,19.008,15.605,"B127",2019-08-28 04:48:55
"19296",2019-08-28 06:00:00,0.2618,85,1.2,18.866,15.031,"B127",2019-08-28 05:48:55
"19297",2019-08-28 07:00:00,0.261,86,1.2,18.699,15.031,"B127",2019-08-28 06:48:55
"19298",2019-08-28 08:00:00,0.261,84.7,6.2,18.533,15.939,"B127",2019-08-28 07:48:55
"19299",2019-08-28 09:00:00,0.261,81.1,8.7,18.414,17.344,"B127",2019-08-28 08:48:55
"19300",2019-08-28 10:00:00,0.2603,77.4,43.7,18.366,18.842,"B127",2019-08-28 09:48:55
"19301",2019-08-28 11:00:00,0.2596,73.3,56.2,18.414,20.126,"B127",2019-08-28 10:48:55
"19302",2019-08-28 12:00:00,0.2589,69,38.7,18.533,21.223,"B127",2019-08-28 11:48:55
"19303",2019-08-28 13:00:00,0.2589,66.2,133.7,18.699,21.581,"B127",2019-08-28 12:48:55
"19304",2019-08-28 14:00:00,0.2581,62.1,166.2,18.842,21.7,"B127",2019-08-28 13:48:55
"19305",2019-08-28 15:00:00,0.2574,61.7,56.2,18.937,21.939,"B127",2019-08-28 14:48:55
"19306",2019-08-28 16:00:00,0.2567,60.4,21.2,18.985,22.274,"B127",2019-08-28 15:48:55
"19307",2019-08-28 17:00:00,0.2567,61.2,93.7,19.032,22.154,"B127",2019-08-28 16:48:55
"19308",2019-08-28 18:00:00,0.256,61.7,11.2,19.08,21.819,"B127",2019-08-28 17:48:55
"19309",2019-08-28 19:00:00,0.2552,61.8,3.7,19.08,20.913,"B127",2019-08-28 18:48:55
"19310",2019-08-28 20:00:00,0.2552,66.5,1.2,19.032,19.936,"B127",2019-08-28 19:48:55
"19311",2019-08-28 21:00:00,0.2545,71.6,1.2,18.961,18.985,"B127",2019-08-28 20:48:55
"19312",2019-08-28 22:00:00,0.2545,75.2,1.2,18.913,18.343,"B127",2019-08-28 21:48:55
"19313",2019-08-28 23:00:00,0.2545,80.5,1.2,18.842,17.653,"B127",2019-08-28 22:48:55
"19314",2019-08-29 00:00:00,0.2538,83,1.2,18.771,16.844,"B127",2019-08-28 23:48:55
"19315",2019-08-29 01:00:00,0.2538,85.5,1.2,18.652,16.129,"B127",2019-08-29 00:48:55
"19316",2019-08-29 02:00:00,0.2538,88.2,1.2,18.533,15.724,"B127",2019-08-29 01:48:55
"19317",2019-08-29 03:00:00,0.253,89.6,1.2,18.39,15.079,"B127",2019-08-29 02:48:55
"19318",2019-08-29 04:00:00,0.253,91.3,1.2,18.247,14.96,"B127",2019-08-29 03:48:55
"19319",2019-08-29 05:00:00,0.253,92.2,1.2,18.129,14.864,"B127",2019-08-29 04:48:55
"19320",2019-08-29 06:00:00,0.2523,92.5,1.2,18.01,14.529,"B127",2019-08-29 05:48:55
"19321",2019-08-29 07:00:00,0.2523,92.8,1.2,17.891,14.601,"B127",2019-08-29 06:48:55
"19322",2019-08-29 08:00:00,0.2523,90.4,6.2,17.772,16.511,"B127",2019-08-29 07:48:55
"19323",2019-08-29 09:00:00,0.2516,83.6,11.2,17.724,18.866,"B127",2019-08-29 08:48:55
"19324",2019-08-29 10:00:00,0.2516,73.9,46.2,17.772,21.795,"B127",2019-08-29 09:48:55
"19325",2019-08-29 11:00:00,0.2516,64.9,63.7,17.915,24.122,"B127",2019-08-29 10:48:55
"19326",2019-08-29 12:00:00,0.2509,66.4,43.7,18.152,25.307,"B127",2019-08-29 11:48:55
"19327",2019-08-29 13:00:00,0.2501,64.8,153.7,18.485,26.598,"B127",2019-08-29 12:48:55
"19328",2019-08-29 14:00:00,0.2494,60.6,153.7,18.818,27.579,"B127",2019-08-29 13:48:55
"19329",2019-08-29 15:00:00,0.2487,61.5,46.2,19.103,27.604,"B127",2019-08-29 14:48:55
"19330",2019-08-29 16:00:00,0.248,66.1,26.2,19.413,27.308,"B127",2019-08-29 15:48:55
"19331",2019-08-29 17:00:00,0.248,67.8,46.2,19.651,26.891,"B127",2019-08-29 16:48:55
"19332",2019-08-29 18:00:00,0.2472,70.8,11.2,19.865,26.256,"B127",2019-08-29 17:48:55
"19333",2019-08-29 19:00:00,0.2472,73.2,3.7,19.96,25.55,"B127",2019-08-29 18:48:55
"19334",2019-08-29 20:00:00,0.2472,76.7,1.2,20.031,25.21,"B127",2019-08-29 19:48:55
"19335",2019-08-29 21:00:00,0.2472,78.7,1.2,20.055,24.508,"B127",2019-08-29 20:48:55
"19336",2019-08-29 22:00:00,0.2465,83.2,1.2,20.079,23.521,"B127",2019-08-29 21:48:55
"19337",2019-08-29 23:00:00,0.2465,86.7,1.2,20.079,22.345,"B127",2019-08-29 22:48:55
"19338",2019-08-30 00:00:00,0.2465,76.6,1.2,20.055,21.127,"B127",2019-08-29 23:48:55
"19339",2019-08-30 01:00:00,0.2458,74.2,1.2,19.96,18.485,"B127",2019-08-30 00:48:55
"19340",2019-08-30 02:00:00,0.2458,77.5,1.2,19.77,17.153,"B127",2019-08-30 01:48:55
"19341",2019-08-30 03:00:00,0.2451,82.8,1.2,19.555,16.392,"B127",2019-08-30 02:48:55
"19342",2019-08-30 04:00:00,0.2451,84.8,1.2,19.318,15.772,"B127",2019-08-30 03:48:55
"19343",2019-08-30 05:00:00,0.2451,85,1.2,19.08,15.438,"B127",2019-08-30 04:48:55
"19344",2019-08-30 06:00:00,0.2451,86.9,1.2,18.866,15.318,"B127",2019-08-30 05:48:55
"19345",2019-08-30 07:00:00,0.2443,87.2,1.2,18.699,15.175,"B127",2019-08-30 06:48:55
"19346",2019-08-30 08:00:00,0.2436,87.3,6.2,18.557,15.915,"B127",2019-08-30 07:48:55
"19347",2019-08-30 09:00:00,0.2436,86.8,16.2,18.438,17.344,"B127",2019-08-30 08:48:55
"19348",2019-08-30 10:00:00,0.2436,78.8,33.7,18.414,18.319,"B127",2019-08-30 09:48:55
"19349",2019-08-30 11:00:00,0.2429,73.4,38.7,18.438,19.46,"B127",2019-08-30 10:48:55
"19350",2019-08-30 12:00:00,0.2429,69.1,43.7,18.533,19.96,"B127",2019-08-30 11:48:55
"19351",2019-08-30 13:00:00,0.2422,67.3,66.2,18.675,20.531,"B127",2019-08-30 12:48:55
"19352",2019-08-30 14:00:00,0.2414,63.9,56.2,18.771,20.793,"B127",2019-08-30 13:48:55
"19353",2019-08-30 15:00:00,0.2414,62.4,36.2,18.842,20.698,"B127",2019-08-30 14:48:55
"19354",2019-08-30 16:00:00,0.2407,64.7,28.7,18.889,21.008,"B127",2019-08-30 15:48:55
"19355",2019-08-30 17:00:00,0.2407,64.8,31.2,18.961,20.722,"B127",2019-08-30 16:48:55
"19356",2019-08-30 18:00:00,0.24,68.4,11.2,19.008,19.841,"B127",2019-08-30 17:48:55
"19357",2019-08-30 19:00:00,0.24,71.9,3.7,18.985,18.889,"B127",2019-08-30 18:48:55
"19358",2019-08-30 20:00:00,0.2392,72.7,1.2,18.937,18.58,"B127",2019-08-30 19:48:55
"19359",2019-08-30 21:00:00,0.2385,76.2,1.2,18.818,17.605,"B127",2019-08-30 20:48:55
"19360",2019-08-30 22:00:00,0.2356,77.2,1.2,18.699,17.082,"B127",2019-08-30 21:48:55
"19361",2019-08-30 23:00:00,0.2349,81.5,1.2,18.58,15.891,"B127",2019-08-30 22:48:55
"19362",2019-08-31 00:00:00,0.2349,83.9,1.2,18.461,15.986,"B127",2019-08-30 23:48:55
"19363",2019-08-31 01:00:00,0.2342,86.9,1.2,18.343,15.247,"B127",2019-08-31 00:48:55
"19364",2019-08-31 02:00:00,0.2371,89.2,1.2,18.247,14.721,"B127",2019-08-31 01:48:55
"19365",2019-08-31 03:00:00,0.24,90.9,1.2,18.105,14.481,"B127",2019-08-31 02:48:55
"19366",2019-08-31 04:00:00,0.24,90.9,1.2,17.986,15.366,"B127",2019-08-31 03:48:55
"19367",2019-08-31 05:00:00,0.2429,88.2,1.2,17.891,15.318,"B127",2019-08-31 04:48:55
"19368",2019-08-31 06:00:00,0.2436,88.5,1.2,17.819,14.768,"B127",2019-08-31 05:48:55
"19369",2019-08-31 07:00:00,0.2429,90.5,1.2,17.724,14.649,"B127",2019-08-31 06:48:55
"19370",2019-08-31 08:00:00,0.2422,90.8,3.7,17.653,15.414,"B127",2019-08-31 07:48:55
"19371",2019-08-31 09:00:00,0.2422,84.8,28.7,17.605,17.962,"B127",2019-08-31 08:48:55
"19372",2019-08-31 10:00:00,0.2414,72.5,43.7,17.653,19.674,"B127",2019-08-31 09:48:55
"19373",2019-08-31 11:00:00,0.2414,66.9,38.7,17.748,20.079,"B127",2019-08-31 10:48:55
"19374",2019-08-31 12:00:00,0.2414,63.8,58.7,17.891,21.27,"B127",2019-08-31 11:48:55
"19375",2019-08-31 13:00:00,0.2407,59.6,71.2,18.081,22.513,"B127",2019-08-31 12:48:55
"19376",2019-08-31 14:00:00,0.24,56.4,86.2,18.247,22.705,"B127",2019-08-31 13:48:55
"19377",2019-08-31 15:00:00,0.2392,58.3,31.2,18.414,22.25,"B127",2019-08-31 14:48:55
"19378",2019-08-31 16:00:00,0.2385,62.4,31.2,18.533,21.987,"B127",2019-08-31 15:48:55
"19379",2019-08-31 17:00:00,0.2385,64.7,11.2,18.628,20.913,"B127",2019-08-31 16:48:55
"19380",2019-08-31 18:00:00,0.2378,70.2,8.7,18.628,20.507,"B127",2019-08-31 17:48:55
"19381",2019-08-31 19:00:00,0.2378,72,1.2,18.628,19.722,"B127",2019-08-31 18:48:55
"19382",2019-08-31 20:00:00,0.232,87.7,1.2,18.58,17.439,"B127",2019-08-31 19:48:55
"19383",2019-08-31 21:00:00,0.2313,94.3,1.2,18.509,17.106,"B127",2019-08-31 20:48:55
"19384",2019-08-31 22:00:00,0.2313,96.1,1.2,18.438,17.391,"B127",2019-08-31 21:48:55
"19385",2019-08-31 23:00:00,0.2313,96.9,1.2,18.366,17.748,"B127",2019-08-31 22:48:55
