"Date_Check","Time5","Time6","Soil_Temp","Air_Temp","Soil_Moisture","Relative_Humidity","PAR","Plot_Name"
2017-12-01 00:00:00,NA,2017-11-30 22:46:46,43.488,35.298,0.2131,70,1.2,"HH115"
2017-12-01 01:00:00,NA,2017-11-30 23:46:46,43.351,33.485,0.2124,73.9,1.2,"HH115"
2017-12-01 02:00:00,NA,2017-12-01 00:46:46,43.167,32.592,0.2124,77.4,1.2,"HH115"
2017-12-01 03:00:00,NA,2017-12-01 01:46:46,43.03,33.287,0.2131,78.9,1.2,"HH115"
2017-12-01 04:00:00,NA,2017-12-01 02:46:46,42.847,31.339,0.2124,78.9,1.2,"HH115"
2017-12-01 05:00:00,NA,2017-12-01 03:46:46,42.663,30.225,0.2124,83,1.2,"HH115"
2017-12-01 06:00:00,NA,2017-12-01 04:46:46,42.525,30.785,0.2124,84.7,1.2,"HH115"
2017-12-01 07:00:00,NA,2017-12-01 05:46:46,42.341,27.853,0.2124,86.8,1.2,"HH115"
2017-12-01 08:00:00,NA,2017-12-01 06:46:46,42.156,28.218,0.2116,90.1,1.2,"HH115"
2017-12-01 09:00:00,NA,2017-12-01 07:46:46,41.97,27.801,0.2116,89.4,3.7,"HH115"
2017-12-01 10:00:00,NA,2017-12-01 08:46:46,41.787,31.491,0.2124,90.7,31.2,"HH115"
2017-12-01 11:00:00,NA,2017-12-01 09:46:46,41.693,40.438,0.2116,83,73.7,"HH115"
2017-12-01 12:00:00,NA,2017-12-01 10:46:46,41.693,45.624,0.2124,64.7,126.2,"HH115"
2017-12-01 13:00:00,NA,2017-12-01 11:46:46,41.878,48.004,0.2124,55.6,143.7,"HH115"
2017-12-01 14:00:00,NA,2017-12-01 12:46:46,42.156,49.825,0.2124,50.7,136.2,"HH115"
2017-12-01 15:00:00,NA,2017-12-01 13:46:46,42.386,50.621,0.2124,47,133.7,"HH115"
2017-12-01 16:00:00,NA,2017-12-01 14:46:46,42.616,51.237,0.2124,46.1,71.2,"HH115"
2017-12-01 17:00:00,NA,2017-12-01 15:46:46,42.847,50.092,0.2124,45.6,48.7,"HH115"
2017-12-01 18:00:00,NA,2017-12-01 16:46:46,42.984,45.761,0.2124,49.1,8.7,"HH115"
2017-12-01 19:00:00,NA,2017-12-01 17:46:46,43.03,42.892,0.2124,54.7,1.2,"HH115"
2017-12-01 20:00:00,NA,2017-12-01 18:46:46,43.03,42.8,0.2124,60.7,1.2,"HH115"
2017-12-01 21:00:00,NA,2017-12-01 19:46:46,42.939,39.83,0.2124,61.3,1.2,"HH115"
2017-12-01 22:00:00,NA,2017-12-01 20:46:46,42.847,38.511,0.2116,65.1,1.2,"HH115"
2017-12-01 23:00:00,NA,2017-12-01 21:46:46,42.755,34.516,0.2116,69.1,1.2,"HH115"
2017-12-02 00:00:00,NA,2017-12-01 22:46:46,42.663,34.027,0.2116,74.2,1.2,"HH115"
2017-12-02 01:00:00,NA,2017-12-01 23:46:46,42.525,33.188,0.2116,77.8,1.2,"HH115"
2017-12-02 02:00:00,NA,2017-12-02 00:46:46,42.386,34.761,0.2116,77.8,1.2,"HH115"
2017-12-02 03:00:00,NA,2017-12-02 01:46:46,42.294,32.592,0.2109,79.1,1.2,"HH115"
2017-12-02 04:00:00,NA,2017-12-02 02:46:46,42.156,33.584,0.2116,79.6,1.2,"HH115"
2017-12-02 05:00:00,NA,2017-12-02 03:46:46,42.064,35.492,0.2116,84,1.2,"HH115"
2017-12-02 06:00:00,NA,2017-12-02 04:46:46,41.97,36.025,0.2116,82.5,1.2,"HH115"
2017-12-02 07:00:00,NA,2017-12-02 05:46:46,41.925,36.698,0.2116,77.9,1.2,"HH115"
2017-12-02 08:00:00,NA,2017-12-02 06:46:46,41.925,36.169,0.2124,78.5,1.2,"HH115"
2017-12-02 09:00:00,NA,2017-12-02 07:46:46,41.878,33.831,0.2116,80.3,3.7,"HH115"
2017-12-02 10:00:00,NA,2017-12-02 08:46:46,41.787,39.454,0.2116,77.7,31.2,"HH115"
2017-12-02 11:00:00,NA,2017-12-02 09:46:46,41.74,44.218,0.2124,69.7,73.7,"HH115"
2017-12-02 12:00:00,NA,2017-12-02 10:46:46,41.832,46.796,0.2124,61.6,126.2,"HH115"
2017-12-02 13:00:00,NA,2017-12-02 11:46:46,42.064,49.338,0.2116,57.4,158.7,"HH115"
2017-12-02 14:00:00,NA,2017-12-02 12:46:46,42.294,51.678,0.2116,53.6,121.2,"HH115"
2017-12-02 15:00:00,NA,2017-12-02 13:46:46,42.525,52.423,0.2124,52.3,126.2,"HH115"
2017-12-02 16:00:00,NA,2017-12-02 14:46:46,42.8,53.427,0.2124,50.9,78.7,"HH115"
2017-12-02 17:00:00,NA,2017-12-02 15:46:46,43.03,52.729,0.2124,48.8,41.2,"HH115"
2017-12-02 18:00:00,NA,2017-12-02 16:46:46,43.214,48.538,0.2116,51.9,8.7,"HH115"
2017-12-02 19:00:00,NA,2017-12-02 17:46:46,43.306,45.579,0.2124,57.6,1.2,"HH115"
2017-12-02 20:00:00,NA,2017-12-02 18:46:46,43.306,43.99,0.2116,62.1,1.2,"HH115"
2017-12-02 21:00:00,NA,2017-12-02 19:46:46,43.306,43.396,0.2116,64.6,1.2,"HH115"
2017-12-02 22:00:00,NA,2017-12-02 20:46:46,43.259,41.184,0.2116,69,1.2,"HH115"
2017-12-02 23:00:00,NA,2017-12-02 21:46:46,43.214,39.407,0.2116,73,1.2,"HH115"
2017-12-03 00:00:00,NA,2017-12-02 22:46:46,43.122,37.369,0.2116,77.7,1.2,"HH115"
2017-12-03 01:00:00,NA,2017-12-02 23:46:46,42.984,37.081,0.2109,79.8,1.2,"HH115"
2017-12-03 02:00:00,NA,2017-12-03 00:46:46,42.892,35.541,0.2116,79.5,1.2,"HH115"
2017-12-03 03:00:00,NA,2017-12-03 01:46:46,42.755,34.419,0.2116,83.3,1.2,"HH115"
2017-12-03 04:00:00,NA,2017-12-03 02:46:46,42.616,31.993,0.2116,84.9,1.2,"HH115"
2017-12-03 05:00:00,NA,2017-12-03 03:46:46,42.478,30.479,0.2116,89.6,1.2,"HH115"
2017-12-03 06:00:00,NA,2017-12-03 04:46:46,42.294,29.611,0.2109,90.5,1.2,"HH115"
2017-12-03 07:00:00,NA,2017-12-03 05:46:46,42.156,28.839,0.2109,92,1.2,"HH115"
2017-12-03 08:00:00,NA,2017-12-03 06:46:46,41.97,28.218,0.2109,92.9,1.2,"HH115"
2017-12-03 09:00:00,NA,2017-12-03 07:46:46,41.832,28.27,0.2102,93.7,3.7,"HH115"
2017-12-03 10:00:00,NA,2017-12-03 08:46:46,41.648,31.491,0.2109,93.9,28.7,"HH115"
2017-12-03 11:00:00,NA,2017-12-03 09:46:46,41.601,42.616,0.2102,88.7,73.7,"HH115"
2017-12-03 12:00:00,NA,2017-12-03 10:46:46,41.601,49.116,0.2102,68.6,123.7,"HH115"
2017-12-03 13:00:00,NA,2017-12-03 11:46:46,41.832,51.895,0.2109,57.6,146.2,"HH115"
2017-12-03 14:00:00,NA,2017-12-03 12:46:46,42.156,54.126,0.2116,51.1,111.2,"HH115"
2017-12-03 15:00:00,NA,2017-12-03 13:46:46,42.433,55.992,0.2109,47,121.2,"HH115"
2017-12-03 16:00:00,NA,2017-12-03 14:46:46,42.708,56.34,0.2109,44.5,73.7,"HH115"
2017-12-03 17:00:00,NA,2017-12-03 15:46:46,42.984,55.125,0.2109,46.1,26.2,"HH115"
2017-12-03 18:00:00,NA,2017-12-03 16:46:46,43.167,51.94,0.2109,50.8,6.2,"HH115"
2017-12-03 19:00:00,NA,2017-12-03 17:46:46,43.259,50.533,0.2109,55.1,1.2,"HH115"
2017-12-03 20:00:00,NA,2017-12-03 18:46:46,43.306,49.428,0.2109,58.2,1.2,"HH115"
2017-12-03 21:00:00,NA,2017-12-03 19:46:46,43.306,48.938,0.2109,58.7,1.2,"HH115"
2017-12-03 22:00:00,NA,2017-12-03 20:46:46,43.351,48.405,0.2102,59.1,1.2,"HH115"
2017-12-03 23:00:00,NA,2017-12-03 21:46:46,43.351,51.809,0.2109,58.2,1.2,"HH115"
2017-12-04 00:00:00,NA,2017-12-03 22:46:46,43.396,51.105,0.2102,54.5,1.2,"HH115"
2017-12-04 01:00:00,NA,2017-12-03 23:46:46,43.443,51.282,0.2102,57,1.2,"HH115"
2017-12-04 02:00:00,NA,2017-12-04 00:46:46,43.534,51.325,0.2102,58.9,1.2,"HH115"
2017-12-04 03:00:00,NA,2017-12-04 01:46:46,43.624,51.764,0.2109,61.1,1.2,"HH115"
2017-12-04 04:00:00,NA,2017-12-04 02:46:46,43.716,52.423,0.2109,61.7,1.2,"HH115"
2017-12-04 05:00:00,NA,2017-12-04 03:46:46,43.853,52.641,0.2109,62.2,1.2,"HH115"
2017-12-04 06:00:00,NA,2017-12-04 04:46:46,43.99,52.029,0.2102,64.8,1.2,"HH115"
2017-12-04 07:00:00,NA,2017-12-04 05:46:46,44.127,53.341,0.2109,72.3,1.2,"HH115"
2017-12-04 08:00:00,NA,2017-12-04 06:46:46,44.218,54.212,0.2109,68,1.2,"HH115"
2017-12-04 09:00:00,NA,2017-12-04 07:46:46,44.355,55.776,0.2109,66,1.2,"HH115"
2017-12-04 10:00:00,NA,2017-12-04 08:46:46,44.492,57.247,0.2109,65.4,28.7,"HH115"
2017-12-04 11:00:00,NA,2017-12-04 09:46:46,44.674,58.325,0.2109,64,76.2,"HH115"
2017-12-04 12:00:00,NA,2017-12-04 10:46:46,44.901,59.099,0.2109,63.2,116.2,"HH115"
2017-12-04 13:00:00,NA,2017-12-04 11:46:46,45.217,61.29,0.2109,62.1,121.2,"HH115"
2017-12-04 14:00:00,NA,2017-12-04 12:46:46,45.489,63.219,0.2109,60.4,166.2,"HH115"
2017-12-04 15:00:00,NA,2017-12-04 13:46:46,45.806,64.247,0.2116,60,158.7,"HH115"
2017-12-04 16:00:00,NA,2017-12-04 14:46:46,46.166,63.689,0.2109,60.9,61.2,"HH115"
2017-12-04 17:00:00,NA,2017-12-04 15:46:46,46.481,63.775,0.2116,60.5,31.2,"HH115"
2017-12-04 18:00:00,NA,2017-12-04 16:46:46,46.751,63.048,0.2116,60.1,6.2,"HH115"
2017-12-04 19:00:00,NA,2017-12-04 17:46:46,46.931,62.276,0.2109,61.4,1.2,"HH115"
2017-12-04 20:00:00,NA,2017-12-04 18:46:46,47.154,61.848,0.2109,63.8,1.2,"HH115"
2017-12-04 21:00:00,NA,2017-12-04 19:46:46,47.289,62.319,0.2109,69.1,1.2,"HH115"
2017-12-04 22:00:00,NA,2017-12-04 20:46:46,47.467,60.046,0.2116,73.4,1.2,"HH115"
2017-12-04 23:00:00,NA,2017-12-04 21:46:46,47.647,59.702,0.2116,82.8,1.2,"HH115"
2017-12-05 00:00:00,NA,2017-12-04 22:46:46,47.781,52.115,0.2146,86,1.2,"HH115"
2017-12-05 01:00:00,NA,2017-12-04 23:46:46,47.914,43.306,0.2131,82.8,1.2,"HH115"
2017-12-05 02:00:00,NA,2017-12-05 00:46:46,47.781,42.847,0.2124,80.6,1.2,"HH115"
2017-12-05 03:00:00,NA,2017-12-05 01:46:46,47.512,40.064,0.2116,77.4,1.2,"HH115"
2017-12-05 04:00:00,NA,2017-12-05 02:46:46,47.154,38.653,0.2116,74.6,1.2,"HH115"
2017-12-05 05:00:00,NA,2017-12-05 03:46:46,46.796,37.179,0.2116,76.6,1.2,"HH115"
2017-12-05 06:00:00,NA,2017-12-05 04:46:46,46.436,35.541,0.2109,75.8,1.2,"HH115"
2017-12-05 07:00:00,NA,2017-12-05 05:46:46,46.076,35.103,0.2109,77.6,1.2,"HH115"
2017-12-05 08:00:00,NA,2017-12-05 06:46:46,45.806,33.287,0.2109,78.5,1.2,"HH115"
2017-12-05 09:00:00,NA,2017-12-05 07:46:46,45.489,29.046,0.2102,74.7,3.7,"HH115"
2017-12-05 10:00:00,NA,2017-12-05 08:46:46,45.172,28.218,0.2102,70.1,31.2,"HH115"
2017-12-05 11:00:00,NA,2017-12-05 09:46:46,44.764,30.378,0.2102,64.8,108.7,"HH115"
2017-12-05 12:00:00,NA,2017-12-05 10:46:46,44.4,31.541,0.2102,59,218.7,"HH115"
2017-12-05 13:00:00,NA,2017-12-05 11:46:46,44.173,33.584,0.2095,54,241.2,"HH115"
2017-12-05 14:00:00,NA,2017-12-05 12:46:46,43.99,33.681,0.2102,49.4,221.2,"HH115"
2017-12-05 15:00:00,NA,2017-12-05 13:46:46,43.763,35.249,0.2095,49.2,121.2,"HH115"
2017-12-05 16:00:00,NA,2017-12-05 14:46:46,43.579,32.293,0.2102,49.4,106.2,"HH115"
2017-12-05 17:00:00,NA,2017-12-05 15:46:46,43.351,30.835,0.2095,49.5,48.7,"HH115"
2017-12-05 18:00:00,NA,2017-12-05 16:46:46,43.122,30.123,0.2087,50.3,11.2,"HH115"
2017-12-05 19:00:00,NA,2017-12-05 17:46:46,42.8,29.611,0.2087,52.3,1.2,"HH115"
2017-12-05 20:00:00,NA,2017-12-05 18:46:46,42.478,28.425,0.2087,52.9,1.2,"HH115"
2017-12-05 21:00:00,NA,2017-12-05 19:46:46,42.247,28.27,0.208,56.1,1.2,"HH115"
2017-12-05 22:00:00,NA,2017-12-05 20:46:46,42.017,27.801,0.2087,56.9,1.2,"HH115"
2017-12-05 23:00:00,NA,2017-12-05 21:46:46,41.787,27.329,0.2087,58.8,1.2,"HH115"
2017-12-06 00:00:00,NA,2017-12-05 22:46:46,41.601,26.749,0.2095,58.2,1.2,"HH115"
2017-12-06 01:00:00,NA,2017-12-05 23:46:46,41.369,26.166,0.2087,61.4,1.2,"HH115"
2017-12-06 02:00:00,NA,2017-12-06 00:46:46,41.184,27.118,0.2087,63,1.2,"HH115"
2017-12-06 03:00:00,NA,2017-12-06 01:46:46,41.043,28.27,0.2087,59.4,1.2,"HH115"
2017-12-06 04:00:00,NA,2017-12-06 02:46:46,40.951,29.201,0.2095,58.1,1.2,"HH115"
2017-12-06 05:00:00,NA,2017-12-06 03:46:46,40.858,29.201,0.2087,62.2,1.2,"HH115"
2017-12-06 06:00:00,NA,2017-12-06 04:46:46,40.811,30.531,0.2087,67.6,1.2,"HH115"
2017-12-06 07:00:00,NA,2017-12-06 05:46:46,40.811,30.072,0.2087,66.9,1.2,"HH115"
2017-12-06 08:00:00,NA,2017-12-06 06:46:46,40.764,28.425,0.2087,69.5,1.2,"HH115"
2017-12-06 09:00:00,NA,2017-12-06 07:46:46,40.672,27.433,0.208,74.2,3.7,"HH115"
2017-12-06 10:00:00,NA,2017-12-06 08:46:46,40.579,28.321,0.208,72.1,53.7,"HH115"
2017-12-06 11:00:00,NA,2017-12-06 09:46:46,40.485,28.944,0.208,59.2,103.7,"HH115"
2017-12-06 12:00:00,NA,2017-12-06 10:46:46,40.392,31.037,0.208,51.5,213.7,"HH115"
2017-12-06 13:00:00,NA,2017-12-06 11:46:46,40.345,31.894,0.208,49.4,266.2,"HH115"
2017-12-06 14:00:00,NA,2017-12-06 12:46:46,40.392,33.138,0.208,49.5,198.7,"HH115"
2017-12-06 15:00:00,NA,2017-12-06 13:46:46,40.438,33.681,0.208,49.9,181.2,"HH115"
2017-12-06 16:00:00,NA,2017-12-06 14:46:46,40.438,33.681,0.208,49.2,96.2,"HH115"
2017-12-06 17:00:00,NA,2017-12-06 15:46:46,40.392,32.293,0.208,49.7,41.2,"HH115"
2017-12-06 18:00:00,NA,2017-12-06 16:46:46,40.298,30.835,0.208,51.6,8.7,"HH115"
2017-12-06 19:00:00,NA,2017-12-06 17:46:46,40.204,29.561,0.2073,53.3,1.2,"HH115"
2017-12-06 20:00:00,NA,2017-12-06 18:46:46,40.064,29.714,0.2073,53.5,1.2,"HH115"
2017-12-06 21:00:00,NA,2017-12-06 19:46:46,39.97,28.737,0.2073,56.3,1.2,"HH115"
2017-12-06 22:00:00,NA,2017-12-06 20:46:46,39.83,27.381,0.208,60.8,1.2,"HH115"
2017-12-06 23:00:00,NA,2017-12-06 21:46:46,39.69,25.952,0.2073,64.8,1.2,"HH115"
2017-12-07 00:00:00,NA,2017-12-06 22:46:46,39.549,24.663,0.2073,68.4,1.2,"HH115"
2017-12-07 01:00:00,NA,2017-12-06 23:46:46,39.407,24.066,0.2073,71.8,1.2,"HH115"
2017-12-07 02:00:00,NA,2017-12-07 00:46:46,39.267,24.12,0.2073,73.4,1.2,"HH115"
2017-12-07 03:00:00,NA,2017-12-07 01:46:46,39.124,23.738,0.2073,73.3,1.2,"HH115"
2017-12-07 04:00:00,NA,2017-12-07 02:46:46,39.031,22.802,0.2073,74.9,1.2,"HH115"
2017-12-07 05:00:00,NA,2017-12-07 03:46:46,38.937,21.295,0.2073,76.6,1.2,"HH115"
2017-12-07 06:00:00,NA,2017-12-07 04:46:46,38.842,20.102,0.208,83.6,1.2,"HH115"
2017-12-07 07:00:00,NA,2017-12-07 05:46:46,38.7,18.424,0.2073,86,1.2,"HH115"
2017-12-07 08:00:00,NA,2017-12-07 06:46:46,38.557,17.481,0.2073,83.9,1.2,"HH115"
2017-12-07 09:00:00,NA,2017-12-07 07:46:46,38.415,16.707,0.2066,84.9,3.7,"HH115"
2017-12-07 10:00:00,NA,2017-12-07 08:46:46,38.226,18.891,0.2066,84.9,46.2,"HH115"
2017-12-07 11:00:00,NA,2017-12-07 09:46:46,38.131,19.701,0.2073,81.9,71.2,"HH115"
2017-12-07 12:00:00,NA,2017-12-07 10:46:46,38.037,21.295,0.2066,79.2,101.2,"HH115"
2017-12-07 13:00:00,NA,2017-12-07 11:46:46,37.989,23.189,0.2066,76.8,163.7,"HH115"
2017-12-07 14:00:00,NA,2017-12-07 12:46:46,37.989,25.363,0.2073,71.3,196.2,"HH115"
2017-12-07 15:00:00,NA,2017-12-07 13:46:46,38.037,26.272,0.2066,67.1,191.2,"HH115"
2017-12-07 16:00:00,NA,2017-12-07 14:46:46,38.037,26.908,0.2066,61,88.7,"HH115"
2017-12-07 17:00:00,NA,2017-12-07 15:46:46,37.989,25.9,0.2066,58.7,43.7,"HH115"
2017-12-07 18:00:00,NA,2017-12-07 16:46:46,37.942,24.283,0.2066,57.8,8.7,"HH115"
2017-12-07 19:00:00,NA,2017-12-07 17:46:46,37.846,22.748,0.2066,59.8,1.2,"HH115"
2017-12-07 20:00:00,NA,2017-12-07 18:46:46,37.702,21.745,0.2058,61.5,1.2,"HH115"
2017-12-07 21:00:00,NA,2017-12-07 19:46:46,37.609,20.673,0.2058,63.4,1.2,"HH115"
2017-12-07 22:00:00,NA,2017-12-07 20:46:46,37.465,19.643,0.2051,66.8,1.2,"HH115"
2017-12-07 23:00:00,NA,2017-12-07 21:46:46,37.369,18.948,0.2044,66.5,1.2,"HH115"
2017-12-08 00:00:00,NA,2017-12-07 22:46:46,37.225,18.072,0.2044,67,1.2,"HH115"
2017-12-08 01:00:00,NA,2017-12-07 23:46:46,37.13,17.481,0.2029,67.7,1.2,"HH115"
2017-12-08 02:00:00,NA,2017-12-08 00:46:46,36.986,16.707,0.2029,69.7,1.2,"HH115"
2017-12-08 03:00:00,NA,2017-12-08 01:46:46,36.842,16.527,0.2022,70.8,1.2,"HH115"
2017-12-08 04:00:00,NA,2017-12-08 02:46:46,36.747,16.407,0.2022,70.9,1.2,"HH115"
2017-12-08 05:00:00,NA,2017-12-08 03:46:46,36.603,15.071,0.2015,72.9,1.2,"HH115"
2017-12-08 06:00:00,NA,2017-12-08 04:46:46,36.505,14.641,0.2015,76,1.2,"HH115"
2017-12-08 07:00:00,NA,2017-12-08 05:46:46,36.41,14.58,0.2008,76.3,1.2,"HH115"
2017-12-08 08:00:00,NA,2017-12-08 06:46:46,36.361,14.641,0.2008,76.6,1.2,"HH115"
2017-12-08 09:00:00,NA,2017-12-08 07:46:46,36.266,15.561,0.2008,77.4,3.7,"HH115"
2017-12-08 10:00:00,NA,2017-12-08 08:46:46,36.169,18.948,0.2,75.3,48.7,"HH115"
2017-12-08 11:00:00,NA,2017-12-08 09:46:46,36.12,22.802,0.2,69.8,101.2,"HH115"
2017-12-08 12:00:00,NA,2017-12-08 10:46:46,36.072,27.118,0.2008,63.5,231.2,"HH115"
2017-12-08 13:00:00,NA,2017-12-08 11:46:46,36.072,31.541,0.2008,57.5,236.2,"HH115"
2017-12-08 14:00:00,NA,2017-12-08 12:46:46,36.12,33.78,0.2015,53.1,181.2,"HH115"
2017-12-08 15:00:00,NA,2017-12-08 13:46:46,36.169,35.055,0.2022,50.9,196.2,"HH115"
2017-12-08 16:00:00,NA,2017-12-08 14:46:46,36.266,35.152,0.2029,50,78.7,"HH115"
2017-12-08 17:00:00,NA,2017-12-08 15:46:46,36.313,33.978,0.2037,51.2,43.7,"HH115"
2017-12-08 18:00:00,NA,2017-12-08 16:46:46,36.41,32.293,0.2037,54.1,8.7,"HH115"
2017-12-08 19:00:00,NA,2017-12-08 17:46:46,36.459,30.733,0.2037,56.9,1.2,"HH115"
2017-12-08 20:00:00,NA,2017-12-08 18:46:46,36.459,31.591,0.2037,59,1.2,"HH115"
2017-12-08 21:00:00,NA,2017-12-08 19:46:46,36.459,30.987,0.2037,56.7,1.2,"HH115"
2017-12-08 22:00:00,NA,2017-12-08 20:46:46,36.505,30.632,0.2037,54.6,1.2,"HH115"
2017-12-08 23:00:00,NA,2017-12-08 21:46:46,36.554,30.936,0.2037,54.4,1.2,"HH115"
2017-12-09 00:00:00,NA,2017-12-08 22:46:46,36.603,31.037,0.2044,53.7,1.2,"HH115"
2017-12-09 01:00:00,NA,2017-12-08 23:46:46,36.651,31.541,0.2044,51.6,1.2,"HH115"
2017-12-09 02:00:00,NA,2017-12-09 00:46:46,36.698,27.644,0.2044,59.9,1.2,"HH115"
2017-12-09 03:00:00,NA,2017-12-09 01:46:46,36.747,27.225,0.2044,86.6,1.2,"HH115"
2017-12-09 04:00:00,NA,2017-12-09 02:46:46,36.747,27.54,0.2044,87.4,1.2,"HH115"
2017-12-09 05:00:00,NA,2017-12-09 03:46:46,36.747,27.118,0.2044,86.5,1.2,"HH115"
2017-12-09 06:00:00,NA,2017-12-09 04:46:46,36.795,28.114,0.2051,90.5,1.2,"HH115"
2017-12-09 07:00:00,NA,2017-12-09 05:46:46,36.842,28.944,0.2051,90.3,1.2,"HH115"
2017-12-09 08:00:00,NA,2017-12-09 06:46:46,36.891,28.944,0.2044,89.9,1.2,"HH115"
2017-12-09 09:00:00,NA,2017-12-09 07:46:46,36.939,28.425,0.2051,89.1,1.2,"HH115"
2017-12-09 10:00:00,NA,2017-12-09 08:46:46,36.939,27.171,0.2044,84.4,21.2,"HH115"
2017-12-09 11:00:00,NA,2017-12-09 09:46:46,36.939,28.27,0.2044,80.5,68.7,"HH115"
2017-12-09 12:00:00,NA,2017-12-09 10:46:46,36.891,28.114,0.2044,79.6,113.7,"HH115"
2017-12-09 13:00:00,NA,2017-12-09 11:46:46,36.842,28.477,0.2044,78.2,156.2,"HH115"
2017-12-09 14:00:00,NA,2017-12-09 12:46:46,36.842,28.27,0.2044,76.5,156.2,"HH115"
2017-12-09 15:00:00,NA,2017-12-09 13:46:46,36.891,28.839,0.2044,73.3,153.7,"HH115"
2017-12-09 16:00:00,NA,2017-12-09 14:46:46,36.891,28.166,0.2044,71.8,103.7,"HH115"
2017-12-09 17:00:00,NA,2017-12-09 15:46:46,36.891,27.433,0.2044,71.6,56.2,"HH115"
2017-12-09 18:00:00,NA,2017-12-09 16:46:46,36.842,26.749,0.2037,71.3,8.7,"HH115"
2017-12-09 19:00:00,NA,2017-12-09 17:46:46,36.795,26.431,0.2037,71.1,1.2,"HH115"
2017-12-09 20:00:00,NA,2017-12-09 18:46:46,36.747,24.447,0.2044,70.8,1.2,"HH115"
2017-12-09 21:00:00,NA,2017-12-09 19:46:46,36.698,22.303,0.2037,72.4,1.2,"HH115"
2017-12-09 22:00:00,NA,2017-12-09 20:46:46,36.603,21.969,0.2037,73.6,1.2,"HH115"
2017-12-09 23:00:00,NA,2017-12-09 21:46:46,36.505,20.728,0.2037,74.2,1.2,"HH115"
2017-12-10 00:00:00,NA,2017-12-09 22:46:46,36.459,19.296,0.2029,76,1.2,"HH115"
2017-12-10 01:00:00,NA,2017-12-09 23:46:46,36.361,18.891,0.2022,77.8,1.2,"HH115"
2017-12-10 02:00:00,NA,2017-12-10 00:46:46,36.266,18.307,0.2015,80.2,1.2,"HH115"
2017-12-10 03:00:00,NA,2017-12-10 01:46:46,36.169,19.065,0.2015,81.1,1.2,"HH115"
2017-12-10 04:00:00,NA,2017-12-10 02:46:46,36.12,19.123,0.2008,81.9,1.2,"HH115"
2017-12-10 05:00:00,NA,2017-12-10 03:46:46,36.072,20.273,0.2015,81.8,1.2,"HH115"
2017-12-10 06:00:00,NA,2017-12-10 04:46:46,36.025,21.465,0.2008,80.8,1.2,"HH115"
2017-12-10 07:00:00,NA,2017-12-10 05:46:46,36.025,22.248,0.2015,79.7,1.2,"HH115"
2017-12-10 08:00:00,NA,2017-12-10 06:46:46,35.976,22.748,0.2008,80.6,1.2,"HH115"
2017-12-10 09:00:00,NA,2017-12-10 07:46:46,35.976,22.969,0.2015,80.5,3.7,"HH115"
2017-12-10 10:00:00,NA,2017-12-10 08:46:46,35.928,25.311,0.2015,78.9,48.7,"HH115"
2017-12-10 11:00:00,NA,2017-12-10 09:46:46,35.879,27.486,0.2015,74.1,111.2,"HH115"
2017-12-10 12:00:00,NA,2017-12-10 10:46:46,35.879,30.886,0.2015,71,211.2,"HH115"
2017-12-10 13:00:00,NA,2017-12-10 11:46:46,35.928,32.542,0.2029,68.4,201.2,"HH115"
2017-12-10 14:00:00,NA,2017-12-10 12:46:46,36.025,34.124,0.2029,66.7,201.2,"HH115"
2017-12-10 15:00:00,NA,2017-12-10 13:46:46,36.12,33.681,0.2029,66.1,211.2,"HH115"
2017-12-10 16:00:00,NA,2017-12-10 14:46:46,36.217,32.293,0.2037,68.9,86.2,"HH115"
2017-12-10 17:00:00,NA,2017-12-10 15:46:46,36.361,31.289,0.2037,71.6,63.7,"HH115"
2017-12-10 18:00:00,NA,2017-12-10 16:46:46,36.459,30.225,0.2037,72.7,16.2,"HH115"
2017-12-10 19:00:00,NA,2017-12-10 17:46:46,36.505,29.766,0.2037,74.5,1.2,"HH115"
2017-12-10 20:00:00,NA,2017-12-10 18:46:46,36.505,29.664,0.2037,73.6,1.2,"HH115"
2017-12-10 21:00:00,NA,2017-12-10 19:46:46,36.505,29.406,0.2037,74,1.2,"HH115"
2017-12-10 22:00:00,NA,2017-12-10 20:46:46,36.505,28.27,0.2037,74,1.2,"HH115"
2017-12-10 23:00:00,NA,2017-12-10 21:46:46,36.505,27.853,0.2037,74.4,1.2,"HH115"
2017-12-11 00:00:00,NA,2017-12-10 22:46:46,36.459,26.06,0.2037,75,1.2,"HH115"
2017-12-11 01:00:00,NA,2017-12-10 23:46:46,36.41,24.501,0.2037,77.7,1.2,"HH115"
2017-12-11 02:00:00,NA,2017-12-11 00:46:46,36.361,23.245,0.2029,80.5,1.2,"HH115"
2017-12-11 03:00:00,NA,2017-12-11 01:46:46,36.266,21.576,0.2029,83,1.2,"HH115"
2017-12-11 04:00:00,NA,2017-12-11 02:46:46,36.217,20.16,0.2029,87,1.2,"HH115"
2017-12-11 05:00:00,NA,2017-12-11 03:46:46,36.12,21.576,0.2022,89.3,1.2,"HH115"
2017-12-11 06:00:00,NA,2017-12-11 04:46:46,36.072,25.686,0.2029,87.8,1.2,"HH115"
2017-12-11 07:00:00,NA,2017-12-11 05:46:46,36.025,26.218,0.2029,85.5,1.2,"HH115"
2017-12-11 08:00:00,NA,2017-12-11 06:46:46,36.025,26.802,0.2029,84.6,1.2,"HH115"
2017-12-11 09:00:00,NA,2017-12-11 07:46:46,36.025,27.433,0.2029,83.9,1.2,"HH115"
2017-12-11 10:00:00,NA,2017-12-11 08:46:46,36.025,28.477,0.2037,82.1,33.7,"HH115"
2017-12-11 11:00:00,NA,2017-12-11 09:46:46,36.072,30.682,0.2029,81,96.2,"HH115"
2017-12-11 12:00:00,NA,2017-12-11 10:46:46,36.12,32.99,0.2029,78.3,146.2,"HH115"
2017-12-11 13:00:00,NA,2017-12-11 11:46:46,36.169,34.419,0.2037,74.7,173.7,"HH115"
2017-12-11 14:00:00,NA,2017-12-11 12:46:46,36.361,37.179,0.2037,72.3,178.7,"HH115"
2017-12-11 15:00:00,NA,2017-12-11 13:46:46,36.554,38.415,0.2037,68.5,173.7,"HH115"
2017-12-11 16:00:00,NA,2017-12-11 14:46:46,36.795,38.179,0.2037,68.6,61.2,"HH115"
2017-12-11 17:00:00,NA,2017-12-11 15:46:46,36.986,37.274,0.2037,69.4,38.7,"HH115"
2017-12-11 18:00:00,NA,2017-12-11 16:46:46,37.13,36.025,0.2037,71.6,6.2,"HH115"
2017-12-11 19:00:00,NA,2017-12-11 17:46:46,37.225,32.592,0.2037,76.2,1.2,"HH115"
2017-12-11 20:00:00,NA,2017-12-11 18:46:46,37.225,31.993,0.2037,91.5,1.2,"HH115"
2017-12-11 21:00:00,NA,2017-12-11 19:46:46,37.225,31.743,0.2037,94.1,1.2,"HH115"
2017-12-11 22:00:00,NA,2017-12-11 20:46:46,37.274,31.39,0.2037,92.7,1.2,"HH115"
2017-12-11 23:00:00,NA,2017-12-11 21:46:46,37.274,31.339,0.2037,90,1.2,"HH115"
2017-12-12 00:00:00,NA,2017-12-11 22:46:46,37.274,30.123,0.2037,86.9,1.2,"HH115"
2017-12-12 01:00:00,NA,2017-12-11 23:46:46,37.179,30.072,0.2037,83.8,1.2,"HH115"
2017-12-12 02:00:00,NA,2017-12-12 00:46:46,37.13,29.509,0.2037,78.8,1.2,"HH115"
2017-12-12 03:00:00,NA,2017-12-12 01:46:46,37.081,26.06,0.2037,75.1,1.2,"HH115"
2017-12-12 04:00:00,NA,2017-12-12 02:46:46,36.939,22.914,0.2029,68.7,1.2,"HH115"
2017-12-12 05:00:00,NA,2017-12-12 03:46:46,36.747,21.913,0.2029,73.1,1.2,"HH115"
2017-12-12 06:00:00,NA,2017-12-12 04:46:46,36.603,19.296,0.2029,73,1.2,"HH115"
2017-12-12 07:00:00,NA,2017-12-12 05:46:46,36.41,18.131,0.2015,72.4,1.2,"HH115"
2017-12-12 08:00:00,NA,2017-12-12 06:46:46,36.217,17.125,0.2008,70.7,1.2,"HH115"
2017-12-12 09:00:00,NA,2017-12-12 07:46:46,36.072,15.804,0.2,72.2,3.7,"HH115"
2017-12-12 10:00:00,NA,2017-12-12 08:46:46,35.879,16.707,0.1993,73.1,43.7,"HH115"
2017-12-12 11:00:00,NA,2017-12-12 09:46:46,35.782,17.719,0.1993,71.3,106.2,"HH115"
2017-12-12 12:00:00,NA,2017-12-12 10:46:46,35.638,19.528,0.1993,68.7,178.7,"HH115"
2017-12-12 13:00:00,NA,2017-12-12 11:46:46,35.589,19.701,0.1993,65.1,208.7,"HH115"
2017-12-12 14:00:00,NA,2017-12-12 12:46:46,35.492,20.615,0.2,64.7,198.7,"HH115"
2017-12-12 15:00:00,NA,2017-12-12 13:46:46,35.443,20.786,0.1993,65,176.2,"HH115"
2017-12-12 16:00:00,NA,2017-12-12 14:46:46,35.443,20.786,0.1986,65.7,81.2,"HH115"
2017-12-12 17:00:00,NA,2017-12-12 15:46:46,35.395,18.424,0.1986,68.3,43.7,"HH115"
2017-12-12 18:00:00,NA,2017-12-12 16:46:46,35.346,16.767,0.1986,70.6,11.2,"HH115"
2017-12-12 19:00:00,NA,2017-12-12 17:46:46,35.249,16.707,0.1986,72.1,1.2,"HH115"
2017-12-12 20:00:00,NA,2017-12-12 18:46:46,35.2,16.045,0.1978,74.5,1.2,"HH115"
2017-12-12 21:00:00,NA,2017-12-12 19:46:46,35.152,16.045,0.1978,77,1.2,"HH115"
2017-12-12 22:00:00,NA,2017-12-12 20:46:46,35.103,17.895,0.1978,77.3,1.2,"HH115"
2017-12-12 23:00:00,NA,2017-12-12 21:46:46,35.103,19.413,0.1978,73.7,1.2,"HH115"
2017-12-13 00:00:00,NA,2017-12-12 22:46:46,35.055,19.585,0.1978,71.2,1.2,"HH115"
2017-12-13 01:00:00,NA,2017-12-12 23:46:46,35.055,20.273,0.1978,70.5,1.2,"HH115"
2017-12-13 02:00:00,NA,2017-12-13 00:46:46,35.055,20.102,0.1978,71.2,1.2,"HH115"
2017-12-13 03:00:00,NA,2017-12-13 01:46:46,35.006,20.786,0.1978,72.2,1.2,"HH115"
2017-12-13 04:00:00,NA,2017-12-13 02:46:46,35.006,21.913,0.1978,71,1.2,"HH115"
2017-12-13 05:00:00,NA,2017-12-13 03:46:46,34.957,22.636,0.1978,69.1,1.2,"HH115"
2017-12-13 06:00:00,NA,2017-12-13 04:46:46,34.907,23.684,0.1978,66.4,1.2,"HH115"
2017-12-13 07:00:00,NA,2017-12-13 05:46:46,34.907,24.337,0.1978,64.6,1.2,"HH115"
2017-12-13 08:00:00,NA,2017-12-13 06:46:46,34.858,24.987,0.1971,63.6,1.2,"HH115"
2017-12-13 09:00:00,NA,2017-12-13 07:46:46,34.81,26.379,0.1971,64.1,1.2,"HH115"
2017-12-13 10:00:00,NA,2017-12-13 08:46:46,34.81,28.062,0.1971,65.1,18.7,"HH115"
2017-12-13 11:00:00,NA,2017-12-13 09:46:46,34.761,29.766,0.1971,65.5,81.2,"HH115"
2017-12-13 12:00:00,NA,2017-12-13 10:46:46,34.761,32.142,0.1971,66.6,111.2,"HH115"
2017-12-13 13:00:00,NA,2017-12-13 11:46:46,34.761,34.565,0.1978,67.3,123.7,"HH115"
2017-12-13 14:00:00,NA,2017-12-13 12:46:46,34.761,35.492,0.1986,68.1,86.2,"HH115"
2017-12-13 15:00:00,NA,2017-12-13 13:46:46,34.81,35.879,0.1993,73.1,81.2,"HH115"
2017-12-13 16:00:00,NA,2017-12-13 14:46:46,34.81,34.761,0.2,79.2,53.7,"HH115"
2017-12-13 17:00:00,NA,2017-12-13 15:46:46,34.858,34.272,0.2008,89.2,13.7,"HH115"
2017-12-13 18:00:00,NA,2017-12-13 16:46:46,34.907,33.386,0.2015,82.8,1.2,"HH115"
2017-12-13 19:00:00,NA,2017-12-13 17:46:46,34.957,31.289,0.2015,79.2,1.2,"HH115"
2017-12-13 20:00:00,NA,2017-12-13 18:46:46,35.006,28.789,0.2022,76.4,1.2,"HH115"
2017-12-13 21:00:00,NA,2017-12-13 19:46:46,35.006,27.329,0.2022,74.7,1.2,"HH115"
2017-12-13 22:00:00,NA,2017-12-13 20:46:46,35.055,26.856,0.2022,76.7,1.2,"HH115"
2017-12-13 23:00:00,NA,2017-12-13 21:46:46,35.055,27.696,0.2022,80,1.2,"HH115"
2017-12-14 00:00:00,NA,2017-12-13 22:46:46,35.055,27.748,0.2015,78.3,1.2,"HH115"
2017-12-14 01:00:00,NA,2017-12-13 23:46:46,35.055,27.225,0.2022,77.3,1.2,"HH115"
2017-12-14 02:00:00,NA,2017-12-14 00:46:46,35.055,26.379,0.2015,79.4,1.2,"HH115"
2017-12-14 03:00:00,NA,2017-12-14 01:46:46,35.006,24.012,0.2015,80.6,1.2,"HH115"
2017-12-14 04:00:00,NA,2017-12-14 02:46:46,35.006,20.842,0.2008,81.2,1.2,"HH115"
2017-12-14 05:00:00,NA,2017-12-14 03:46:46,34.957,18.072,0.1993,80.9,1.2,"HH115"
2017-12-14 06:00:00,NA,2017-12-14 04:46:46,34.907,16.947,0.1986,81.7,1.2,"HH115"
2017-12-14 07:00:00,NA,2017-12-14 05:46:46,34.858,15.681,0.1986,82.3,1.2,"HH115"
2017-12-14 08:00:00,NA,2017-12-14 06:46:46,34.81,14.702,0.1978,83.5,1.2,"HH115"
2017-12-14 09:00:00,NA,2017-12-14 07:46:46,34.713,14.949,0.1971,83.6,1.2,"HH115"
2017-12-14 10:00:00,NA,2017-12-14 08:46:46,34.664,16.887,0.1971,81.7,36.2,"HH115"
2017-12-14 11:00:00,NA,2017-12-14 09:46:46,34.615,19.643,0.1971,77.4,88.7,"HH115"
2017-12-14 12:00:00,NA,2017-12-14 10:46:46,34.615,22.636,0.1971,71,176.2,"HH115"
2017-12-14 13:00:00,NA,2017-12-14 11:46:46,34.565,25.095,0.1971,65.6,198.7,"HH115"
2017-12-14 14:00:00,NA,2017-12-14 12:46:46,34.565,26.112,0.1978,62.7,218.7,"HH115"
2017-12-14 15:00:00,NA,2017-12-14 13:46:46,34.565,26.697,0.1978,59.6,188.7,"HH115"
2017-12-14 16:00:00,NA,2017-12-14 14:46:46,34.565,25.74,0.1978,57.8,91.2,"HH115"
2017-12-14 17:00:00,NA,2017-12-14 15:46:46,34.565,24.501,0.1971,58.1,46.2,"HH115"
2017-12-14 18:00:00,NA,2017-12-14 16:46:46,34.565,22.748,0.1971,60.6,11.2,"HH115"
2017-12-14 19:00:00,NA,2017-12-14 17:46:46,34.565,21.069,0.1971,64.3,1.2,"HH115"
2017-12-14 20:00:00,NA,2017-12-14 18:46:46,34.565,18.541,0.1964,66.7,1.2,"HH115"
2017-12-14 21:00:00,NA,2017-12-14 19:46:46,34.516,17.895,0.1964,71.3,1.2,"HH115"
2017-12-14 22:00:00,NA,2017-12-14 20:46:46,34.468,16.887,0.1957,73.9,1.2,"HH115"
2017-12-14 23:00:00,NA,2017-12-14 21:46:46,34.468,16.227,0.1957,78.1,1.2,"HH115"
2017-12-15 00:00:00,NA,2017-12-14 22:46:46,34.419,15.804,0.1949,80.3,1.2,"HH115"
2017-12-15 01:00:00,NA,2017-12-14 23:46:46,34.371,17.895,0.1942,83.6,1.2,"HH115"
2017-12-15 02:00:00,NA,2017-12-15 00:46:46,34.371,19.18,0.1942,79.9,1.2,"HH115"
2017-12-15 03:00:00,NA,2017-12-15 01:46:46,34.32,20.502,0.1942,78.6,1.2,"HH115"
2017-12-15 04:00:00,NA,2017-12-15 02:46:46,34.32,21.688,0.1942,77.6,1.2,"HH115"
2017-12-15 05:00:00,NA,2017-12-15 03:46:46,34.32,21.857,0.1942,78.5,1.2,"HH115"
2017-12-15 06:00:00,NA,2017-12-15 04:46:46,34.32,22.581,0.1942,80.2,1.2,"HH115"
2017-12-15 07:00:00,NA,2017-12-15 05:46:46,34.32,24.012,0.1942,81.4,1.2,"HH115"
2017-12-15 08:00:00,NA,2017-12-15 06:46:46,34.32,24.501,0.1942,82.2,1.2,"HH115"
2017-12-15 09:00:00,NA,2017-12-15 07:46:46,34.32,24.987,0.1942,81.6,1.2,"HH115"
2017-12-15 10:00:00,NA,2017-12-15 08:46:46,34.272,25.792,0.1949,79.6,8.7,"HH115"
2017-12-15 11:00:00,NA,2017-12-15 09:46:46,34.272,26.749,0.1942,72.8,61.2,"HH115"
2017-12-15 12:00:00,NA,2017-12-15 10:46:46,34.272,28.632,0.1949,66.8,146.2,"HH115"
2017-12-15 13:00:00,NA,2017-12-15 11:46:46,34.272,31.39,0.1949,63.3,213.7,"HH115"
2017-12-15 14:00:00,NA,2017-12-15 12:46:46,34.32,30.378,0.1949,64.3,143.7,"HH115"
2017-12-15 15:00:00,NA,2017-12-15 13:46:46,34.32,31.793,0.1957,66.5,138.7,"HH115"
2017-12-15 16:00:00,NA,2017-12-15 14:46:46,34.32,30.582,0.1957,72.4,53.7,"HH115"
2017-12-15 17:00:00,NA,2017-12-15 15:46:46,34.371,31.289,0.1964,81.3,41.2,"HH115"
2017-12-15 18:00:00,NA,2017-12-15 16:46:46,34.371,31.843,0.1964,74.3,3.7,"HH115"
2017-12-15 19:00:00,NA,2017-12-15 17:46:46,34.419,32.392,0.1964,71.3,1.2,"HH115"
2017-12-15 20:00:00,NA,2017-12-15 18:46:46,34.419,32.542,0.1964,70.9,1.2,"HH115"
2017-12-15 21:00:00,NA,2017-12-15 19:46:46,34.468,32.691,0.1971,70.1,1.2,"HH115"
2017-12-15 22:00:00,NA,2017-12-15 20:46:46,34.468,33.188,0.1978,69.1,1.2,"HH115"
2017-12-15 23:00:00,NA,2017-12-15 21:46:46,34.516,33.879,0.1978,68.2,1.2,"HH115"
2017-12-16 00:00:00,NA,2017-12-15 22:46:46,34.516,35.541,0.1986,66.2,1.2,"HH115"
2017-12-16 01:00:00,NA,2017-12-15 23:46:46,34.565,35.443,0.1986,63.5,1.2,"HH115"
2017-12-16 02:00:00,NA,2017-12-16 00:46:46,34.615,35.055,0.1986,63.4,1.2,"HH115"
2017-12-16 03:00:00,NA,2017-12-16 01:46:46,34.615,35.298,0.1993,63.4,1.2,"HH115"
2017-12-16 04:00:00,NA,2017-12-16 02:46:46,34.664,35.638,0.1993,64.4,1.2,"HH115"
2017-12-16 05:00:00,NA,2017-12-16 03:46:46,34.713,35.733,0.2,66.2,1.2,"HH115"
2017-12-16 06:00:00,NA,2017-12-16 04:46:46,34.761,35.395,0.2,68.5,1.2,"HH115"
2017-12-16 07:00:00,NA,2017-12-16 05:46:46,34.81,34.565,0.2,70.3,1.2,"HH115"
2017-12-16 08:00:00,NA,2017-12-16 06:46:46,34.858,33.039,0.2,73.2,1.2,"HH115"
2017-12-16 09:00:00,NA,2017-12-16 07:46:46,34.858,31.591,0.2,76,3.7,"HH115"
2017-12-16 10:00:00,NA,2017-12-16 08:46:46,34.907,33.831,0.2,76.6,41.2,"HH115"
2017-12-16 11:00:00,NA,2017-12-16 09:46:46,34.907,37.513,0.2,71.8,98.7,"HH115"
2017-12-16 12:00:00,NA,2017-12-16 10:46:46,35.006,40.017,0.2,65.4,191.2,"HH115"
2017-12-16 13:00:00,NA,2017-12-16 11:46:46,35.055,42.755,0.2008,61.5,176.2,"HH115"
2017-12-16 14:00:00,NA,2017-12-16 12:46:46,35.2,44.719,0.2008,57.2,211.2,"HH115"
2017-12-16 15:00:00,NA,2017-12-16 13:46:46,35.395,44.991,0.2008,55.1,148.7,"HH115"
2017-12-16 16:00:00,NA,2017-12-16 14:46:46,35.589,45.941,0.2008,54.2,83.7,"HH115"
2017-12-16 17:00:00,NA,2017-12-16 15:46:46,35.782,43.03,0.2008,55.6,41.2,"HH115"
2017-12-16 18:00:00,NA,2017-12-16 16:46:46,35.928,40.532,0.2008,58.4,11.2,"HH115"
2017-12-16 19:00:00,NA,2017-12-16 17:46:46,36.072,36.459,0.2008,64.1,1.2,"HH115"
2017-12-16 20:00:00,NA,2017-12-16 18:46:46,36.072,33.978,0.2008,69.6,1.2,"HH115"
2017-12-16 21:00:00,NA,2017-12-16 19:46:46,36.072,33.879,0.2008,75,1.2,"HH115"
2017-12-16 22:00:00,NA,2017-12-16 20:46:46,36.072,31.289,0.2008,79.1,1.2,"HH115"
2017-12-16 23:00:00,NA,2017-12-16 21:46:46,36.025,29.304,0.2008,83.4,1.2,"HH115"
2017-12-17 00:00:00,NA,2017-12-16 22:46:46,35.976,31.188,0.2008,87.5,1.2,"HH115"
2017-12-17 01:00:00,NA,2017-12-16 23:46:46,35.928,30.225,0.2008,89.9,1.2,"HH115"
2017-12-17 02:00:00,NA,2017-12-17 00:46:46,35.879,30.785,0.2008,92.6,1.2,"HH115"
2017-12-17 03:00:00,NA,2017-12-17 01:46:46,35.879,30.123,0.2008,94.2,1.2,"HH115"
2017-12-17 04:00:00,NA,2017-12-17 02:46:46,35.83,30.785,0.2008,95.3,1.2,"HH115"
2017-12-17 05:00:00,NA,2017-12-17 03:46:46,35.83,31.692,0.2008,96,1.2,"HH115"
2017-12-17 06:00:00,NA,2017-12-17 04:46:46,35.83,31.491,0.2008,96.5,1.2,"HH115"
2017-12-17 07:00:00,NA,2017-12-17 05:46:46,35.83,32.691,0.2008,96.8,1.2,"HH115"
2017-12-17 08:00:00,NA,2017-12-17 06:46:46,35.879,33.386,0.2008,97,1.2,"HH115"
2017-12-17 09:00:00,NA,2017-12-17 07:46:46,35.928,33.831,0.2008,96.9,1.2,"HH115"
2017-12-17 10:00:00,NA,2017-12-17 08:46:46,36.025,34.516,0.2008,96.7,16.2,"HH115"
2017-12-17 11:00:00,NA,2017-12-17 09:46:46,36.072,36.505,0.2008,96.1,56.2,"HH115"
2017-12-17 12:00:00,NA,2017-12-17 10:46:46,36.217,36.986,0.2008,94.4,46.2,"HH115"
2017-12-17 13:00:00,NA,2017-12-17 11:46:46,36.361,38.464,0.2008,92.9,76.2,"HH115"
2017-12-17 14:00:00,NA,2017-12-17 12:46:46,36.554,40.111,0.2008,87.5,151.2,"HH115"
2017-12-17 15:00:00,NA,2017-12-17 13:46:46,36.747,41.601,0.2008,78.1,153.7,"HH115"
2017-12-17 16:00:00,NA,2017-12-17 14:46:46,36.986,42.433,0.2008,73.9,98.7,"HH115"
2017-12-17 17:00:00,NA,2017-12-17 15:46:46,37.225,41.601,0.2008,74.5,33.7,"HH115"
2017-12-17 18:00:00,NA,2017-12-17 16:46:46,37.369,39.736,0.2015,75.9,6.2,"HH115"
2017-12-17 19:00:00,NA,2017-12-17 17:46:46,37.416,38.937,0.2008,78.4,1.2,"HH115"
2017-12-17 20:00:00,NA,2017-12-17 18:46:46,37.465,38.084,0.2008,80.2,1.2,"HH115"
2017-12-17 21:00:00,NA,2017-12-17 19:46:46,37.513,38.795,0.2008,80.8,1.2,"HH115"
2017-12-17 22:00:00,NA,2017-12-17 20:46:46,37.56,40.858,0.2008,79.5,1.2,"HH115"
2017-12-17 23:00:00,NA,2017-12-17 21:46:46,37.609,39.22,0.2015,77.5,1.2,"HH115"
2017-12-18 00:00:00,NA,2017-12-17 22:46:46,37.656,39.454,0.2008,80.1,1.2,"HH115"
2017-12-18 01:00:00,NA,2017-12-17 23:46:46,37.702,39.549,0.2008,79.9,1.2,"HH115"
2017-12-18 02:00:00,NA,2017-12-18 00:46:46,37.751,41.416,0.2015,88.5,1.2,"HH115"
2017-12-18 03:00:00,NA,2017-12-18 01:46:46,37.846,41.832,0.2008,90.1,1.2,"HH115"
2017-12-18 04:00:00,NA,2017-12-18 02:46:46,37.893,42.109,0.2015,90.7,1.2,"HH115"
2017-12-18 05:00:00,NA,2017-12-18 03:46:46,37.989,41.832,0.2008,93,1.2,"HH115"
2017-12-18 06:00:00,NA,2017-12-18 04:46:46,38.084,41.832,0.2015,95.5,1.2,"HH115"
2017-12-18 07:00:00,NA,2017-12-18 05:46:46,38.226,42.247,0.2015,96.2,1.2,"HH115"
2017-12-18 08:00:00,NA,2017-12-18 06:46:46,38.322,42.017,0.2008,95.8,1.2,"HH115"
2017-12-18 09:00:00,NA,2017-12-18 07:46:46,38.368,42.156,0.2015,94.9,1.2,"HH115"
2017-12-18 10:00:00,NA,2017-12-18 08:46:46,38.464,42.017,0.2008,96.2,3.7,"HH115"
2017-12-18 11:00:00,NA,2017-12-18 09:46:46,38.557,41.97,0.2015,97.3,16.2,"HH115"
2017-12-18 12:00:00,NA,2017-12-18 10:46:46,38.653,41.416,0.2029,97.5,31.2,"HH115"
2017-12-18 13:00:00,NA,2017-12-18 11:46:46,38.748,40.438,0.2037,97.2,38.7,"HH115"
2017-12-18 14:00:00,NA,2017-12-18 12:46:46,38.842,41.693,0.2044,94.5,181.2,"HH115"
2017-12-18 15:00:00,NA,2017-12-18 13:46:46,38.984,43.99,0.2044,88.8,146.2,"HH115"
2017-12-18 16:00:00,NA,2017-12-18 14:46:46,39.124,43.716,0.2044,84.1,101.2,"HH115"
2017-12-18 17:00:00,NA,2017-12-18 15:46:46,39.22,42.939,0.2044,81.9,46.2,"HH115"
2017-12-18 18:00:00,NA,2017-12-18 16:46:46,39.267,40.719,0.2037,83.2,11.2,"HH115"
2017-12-18 19:00:00,NA,2017-12-18 17:46:46,39.22,38.037,0.2037,87.4,1.2,"HH115"
2017-12-18 20:00:00,NA,2017-12-18 18:46:46,39.124,37.035,0.2037,91.9,1.2,"HH115"
2017-12-18 21:00:00,NA,2017-12-18 19:46:46,38.984,41.09,0.2037,91.8,1.2,"HH115"
2017-12-18 22:00:00,NA,2017-12-18 20:46:46,38.937,41.322,0.2037,89.5,1.2,"HH115"
2017-12-18 23:00:00,NA,2017-12-18 21:46:46,38.889,41.137,0.2037,90.3,1.2,"HH115"
2017-12-19 00:00:00,NA,2017-12-18 22:46:46,38.889,40.626,0.2037,90.7,1.2,"HH115"
2017-12-19 01:00:00,NA,2017-12-18 23:46:46,38.889,40.485,0.2037,90.5,1.2,"HH115"
2017-12-19 02:00:00,NA,2017-12-19 00:46:46,38.889,39.173,0.2029,90.5,1.2,"HH115"
2017-12-19 03:00:00,NA,2017-12-19 01:46:46,38.889,39.124,0.2029,90.9,1.2,"HH115"
2017-12-19 04:00:00,NA,2017-12-19 02:46:46,38.842,37.893,0.2029,89.8,1.2,"HH115"
2017-12-19 05:00:00,NA,2017-12-19 03:46:46,38.795,36.842,0.2029,92.2,1.2,"HH115"
2017-12-19 06:00:00,NA,2017-12-19 04:46:46,38.748,36.12,0.2037,93.2,1.2,"HH115"
2017-12-19 07:00:00,NA,2017-12-19 05:46:46,38.7,35.638,0.2029,94.2,1.2,"HH115"
2017-12-19 08:00:00,NA,2017-12-19 06:46:46,38.653,35.152,0.2037,95,1.2,"HH115"
2017-12-19 09:00:00,NA,2017-12-19 07:46:46,38.557,34.907,0.2037,95.9,3.7,"HH115"
2017-12-19 10:00:00,NA,2017-12-19 08:46:46,38.511,38.984,0.2029,96.2,38.7,"HH115"
2017-12-19 11:00:00,NA,2017-12-19 09:46:46,38.557,41.878,0.2029,90.8,103.7,"HH115"
2017-12-19 12:00:00,NA,2017-12-19 10:46:46,38.653,43.671,0.2029,85,153.7,"HH115"
2017-12-19 13:00:00,NA,2017-12-19 11:46:46,38.842,46.751,0.2037,78.6,186.2,"HH115"
2017-12-19 14:00:00,NA,2017-12-19 12:46:46,39.078,48.583,0.2037,71.3,248.7,"HH115"
2017-12-19 15:00:00,NA,2017-12-19 13:46:46,39.313,48.628,0.2037,66,173.7,"HH115"
2017-12-19 16:00:00,NA,2017-12-19 14:46:46,39.502,48.137,0.2037,54.1,78.7,"HH115"
2017-12-19 17:00:00,NA,2017-12-19 15:46:46,39.596,45.624,0.2029,46.3,33.7,"HH115"
2017-12-19 18:00:00,NA,2017-12-19 16:46:46,39.596,42.663,0.2029,50.3,6.2,"HH115"
2017-12-19 19:00:00,NA,2017-12-19 17:46:46,39.549,40.719,0.2029,54.8,1.2,"HH115"
2017-12-19 20:00:00,NA,2017-12-19 18:46:46,39.407,39.078,0.2029,56.4,1.2,"HH115"
2017-12-19 21:00:00,NA,2017-12-19 19:46:46,39.267,37.846,0.2029,56.1,1.2,"HH115"
2017-12-19 22:00:00,NA,2017-12-19 20:46:46,39.173,35.83,0.2029,54.4,1.2,"HH115"
2017-12-19 23:00:00,NA,2017-12-19 21:46:46,39.031,33.732,0.2029,58.1,1.2,"HH115"
2017-12-20 00:00:00,NA,2017-12-19 22:46:46,38.889,32.94,0.2022,63.5,1.2,"HH115"
2017-12-20 01:00:00,NA,2017-12-19 23:46:46,38.7,34.027,0.2029,62.4,1.2,"HH115"
2017-12-20 02:00:00,NA,2017-12-20 00:46:46,38.606,32.891,0.2022,61.7,1.2,"HH115"
2017-12-20 03:00:00,NA,2017-12-20 01:46:46,38.511,32.542,0.2029,62.3,1.2,"HH115"
2017-12-20 04:00:00,NA,2017-12-20 02:46:46,38.415,32.293,0.2022,61.7,1.2,"HH115"
2017-12-20 05:00:00,NA,2017-12-20 03:46:46,38.368,32.043,0.2029,60.7,1.2,"HH115"
2017-12-20 06:00:00,NA,2017-12-20 04:46:46,38.273,28.944,0.2022,61.5,1.2,"HH115"
2017-12-20 07:00:00,NA,2017-12-20 05:46:46,38.131,27.171,0.2015,66.6,1.2,"HH115"
2017-12-20 08:00:00,NA,2017-12-20 06:46:46,37.989,26.908,0.2022,71,1.2,"HH115"
2017-12-20 09:00:00,NA,2017-12-20 07:46:46,37.846,26.166,0.2022,71.5,3.7,"HH115"
2017-12-20 10:00:00,NA,2017-12-20 08:46:46,37.702,28.789,0.2022,71.1,33.7,"HH115"
2017-12-20 11:00:00,NA,2017-12-20 09:46:46,37.609,32.542,0.2022,64.2,141.2,"HH115"
2017-12-20 12:00:00,NA,2017-12-20 10:46:46,37.56,32.542,0.2015,57.4,181.2,"HH115"
2017-12-20 12:00:00,2017-12-20 11:52:16,NA,37.609,32.142,0.2022,57,368.7,"HH115"
2017-12-20 13:00:00,2017-12-20 12:52:16,NA,37.656,33.78,0.2022,54.1,201.2,"HH115"
2017-12-20 14:00:00,2017-12-20 13:52:16,NA,37.702,34.32,0.2022,54,233.7,"HH115"
2017-12-20 15:00:00,2017-12-20 14:52:16,NA,37.751,36.313,0.2022,54.1,193.7,"HH115"
2017-12-20 16:00:00,2017-12-20 15:52:16,NA,37.846,34.32,0.2022,59.5,133.7,"HH115"
2017-12-20 17:00:00,2017-12-20 16:52:16,NA,37.942,31.894,0.2022,67.3,53.7,"HH115"
2017-12-20 18:00:00,2017-12-20 17:52:16,NA,37.989,29.406,0.2022,72.6,11.2,"HH115"
2017-12-20 19:00:00,2017-12-20 18:52:16,NA,37.942,28.737,0.2015,76.8,1.2,"HH115"
2017-12-20 20:00:00,2017-12-20 19:52:16,NA,37.798,28.944,0.2022,80.3,1.2,"HH115"
2017-12-20 21:00:00,2017-12-20 20:52:16,NA,37.656,29.098,0.2022,82.3,1.2,"HH115"
2017-12-20 22:00:00,2017-12-20 21:52:16,NA,37.513,29.561,0.2022,83.6,1.2,"HH115"
2017-12-20 23:00:00,2017-12-20 22:52:16,NA,37.416,28.218,0.2015,85.4,1.2,"HH115"
2017-12-21 00:00:00,2017-12-20 23:52:16,NA,37.321,28.425,0.2022,87.2,1.2,"HH115"
2017-12-21 01:00:00,2017-12-21 00:52:16,NA,37.274,28.477,0.2015,87.8,1.2,"HH115"
2017-12-21 02:00:00,2017-12-21 01:52:16,NA,37.179,29.046,0.2015,88.3,1.2,"HH115"
2017-12-21 03:00:00,2017-12-21 02:52:16,NA,37.179,30.123,0.2022,88.3,1.2,"HH115"
2017-12-21 04:00:00,2017-12-21 03:52:16,NA,37.13,31.087,0.2015,86.3,1.2,"HH115"
2017-12-21 05:00:00,2017-12-21 04:52:16,NA,37.13,31.843,0.2022,85,1.2,"HH115"
2017-12-21 06:00:00,2017-12-21 05:52:16,NA,37.081,32.193,0.2022,82,1.2,"HH115"
2017-12-21 07:00:00,2017-12-21 06:52:16,NA,37.081,32.043,0.2015,80.5,1.2,"HH115"
2017-12-21 08:00:00,2017-12-21 07:52:16,NA,37.081,32.491,0.2015,77.9,1.2,"HH115"
2017-12-21 09:00:00,2017-12-21 08:52:16,NA,37.081,32.243,0.2022,73.1,1.2,"HH115"
2017-12-21 10:00:00,2017-12-21 09:52:16,NA,37.035,32.94,0.2022,71.5,23.7,"HH115"
2017-12-21 11:00:00,2017-12-21 10:52:16,NA,37.035,34.81,0.2015,69.5,76.2,"HH115"
2017-12-21 12:00:00,2017-12-21 11:52:16,NA,37.081,36.747,0.2015,64.7,123.7,"HH115"
2017-12-21 13:00:00,2017-12-21 12:52:16,NA,37.225,38.179,0.2022,61.2,133.7,"HH115"
2017-12-21 14:00:00,2017-12-21 13:52:16,NA,37.369,38.7,0.2015,59.8,86.2,"HH115"
2017-12-21 15:00:00,2017-12-21 14:52:16,NA,37.56,38.415,0.2015,60.2,46.2,"HH115"
2017-12-21 16:00:00,2017-12-21 15:52:16,NA,37.702,38.795,0.2022,60.5,31.2,"HH115"
2017-12-21 17:00:00,2017-12-21 16:52:16,NA,37.798,37.989,0.2022,62.9,21.2,"HH115"
2017-12-21 18:00:00,2017-12-21 17:52:16,NA,37.893,37.656,0.2022,64.6,1.2,"HH115"
2017-12-21 19:00:00,2017-12-21 18:52:16,NA,37.942,37.702,0.2015,66.9,1.2,"HH115"
2017-12-21 20:00:00,2017-12-21 19:52:16,NA,37.989,38.084,0.2015,67.9,1.2,"HH115"
2017-12-21 21:00:00,2017-12-21 20:52:16,NA,38.037,37.893,0.2015,68.6,1.2,"HH115"
2017-12-21 22:00:00,2017-12-21 21:52:16,NA,38.037,38.084,0.2022,70.5,1.2,"HH115"
2017-12-21 23:00:00,2017-12-21 22:52:16,NA,38.084,38.037,0.2022,72.1,1.2,"HH115"
2017-12-22 00:00:00,2017-12-21 23:52:16,NA,38.084,37.989,0.2015,72.4,1.2,"HH115"
2017-12-22 01:00:00,2017-12-22 00:52:16,NA,38.131,37.179,0.2022,75.3,1.2,"HH115"
2017-12-22 02:00:00,2017-12-22 01:52:16,NA,38.179,36.072,0.2015,80.7,1.2,"HH115"
2017-12-22 03:00:00,2017-12-22 02:52:16,NA,38.179,36.072,0.2015,83.8,1.2,"HH115"
2017-12-22 04:00:00,2017-12-22 03:52:16,NA,38.179,36.025,0.2015,83.5,1.2,"HH115"
2017-12-22 05:00:00,2017-12-22 04:52:16,NA,38.226,35.782,0.2015,83.6,1.2,"HH115"
2017-12-22 06:00:00,2017-12-22 05:52:16,NA,38.226,35.928,0.2015,84.4,1.2,"HH115"
2017-12-22 07:00:00,2017-12-22 06:52:16,NA,38.273,35.879,0.2015,84.9,1.2,"HH115"
2017-12-22 08:00:00,2017-12-22 07:52:16,NA,38.273,35.976,0.2015,84.7,1.2,"HH115"
2017-12-22 09:00:00,2017-12-22 08:52:16,NA,38.273,35.733,0.2022,84.3,1.2,"HH115"
2017-12-22 10:00:00,2017-12-22 09:52:16,NA,38.273,34.957,0.2015,86.7,36.2,"HH115"
2017-12-22 11:00:00,2017-12-22 10:52:16,NA,38.273,38.037,0.2015,86.2,123.7,"HH115"
2017-12-22 12:00:00,2017-12-22 11:52:16,NA,38.322,37.893,0.2015,82,86.2,"HH115"
2017-12-22 13:00:00,2017-12-22 12:52:16,NA,38.464,37.989,0.2022,81.7,66.2,"HH115"
2017-12-22 14:00:00,2017-12-22 13:52:16,NA,38.557,37.56,0.2015,82.5,51.2,"HH115"
2017-12-22 15:00:00,2017-12-22 14:52:16,NA,38.653,37.846,0.2015,81.7,51.2,"HH115"
2017-12-22 16:00:00,2017-12-22 15:52:16,NA,38.748,37.179,0.2015,83.3,33.7,"HH115"
2017-12-22 17:00:00,2017-12-22 16:52:16,NA,38.795,36.603,0.2022,85.1,11.2,"HH115"
2017-12-22 18:00:00,2017-12-22 17:52:16,NA,38.842,36.12,0.2022,86.3,1.2,"HH115"
2017-12-22 19:00:00,2017-12-22 18:52:16,NA,38.842,35.733,0.2022,87.6,1.2,"HH115"
2017-12-22 20:00:00,2017-12-22 19:52:16,NA,38.842,35.395,0.2015,88.3,1.2,"HH115"
2017-12-22 21:00:00,2017-12-22 20:52:16,NA,38.795,35.103,0.2015,89,1.2,"HH115"
2017-12-22 22:00:00,2017-12-22 21:52:16,NA,38.795,34.713,0.2015,87.8,1.2,"HH115"
2017-12-22 23:00:00,2017-12-22 22:52:16,NA,38.795,33.237,0.2015,85.8,1.2,"HH115"
2017-12-23 00:00:00,2017-12-22 23:52:16,NA,38.7,32.742,0.2015,86.3,1.2,"HH115"
2017-12-23 01:00:00,2017-12-23 00:52:16,NA,38.653,32.491,0.2015,83.3,1.2,"HH115"
2017-12-23 02:00:00,2017-12-23 01:52:16,NA,38.557,32.542,0.2015,80.5,1.2,"HH115"
2017-12-23 03:00:00,2017-12-23 02:52:16,NA,38.464,31.642,0.2015,80.4,1.2,"HH115"
2017-12-23 04:00:00,2017-12-23 03:52:16,NA,38.322,30.785,0.2015,80.7,1.2,"HH115"
2017-12-23 05:00:00,2017-12-23 04:52:16,NA,38.226,30.429,0.2015,80.6,1.2,"HH115"
2017-12-23 06:00:00,2017-12-23 05:52:16,NA,38.131,30.276,0.2008,81.4,1.2,"HH115"
2017-12-23 07:00:00,2017-12-23 06:52:16,NA,38.037,28.632,0.2015,82.5,1.2,"HH115"
2017-12-23 08:00:00,2017-12-23 07:52:16,NA,37.893,27.486,0.2015,78.1,1.2,"HH115"
2017-12-23 09:00:00,2017-12-23 08:52:16,NA,37.702,25.471,0.2008,72.1,3.7,"HH115"
2017-12-23 10:00:00,2017-12-23 09:52:16,NA,37.513,25.74,0.2,73.6,38.7,"HH115"
2017-12-23 11:00:00,2017-12-23 10:52:16,NA,37.369,27.801,0.2008,72.9,106.2,"HH115"
2017-12-23 12:00:00,2017-12-23 11:52:16,NA,37.225,29.817,0.2008,66.9,201.2,"HH115"
2017-12-23 13:00:00,2017-12-23 12:52:16,NA,37.225,30.632,0.2008,63.2,188.7,"HH115"
2017-12-23 14:00:00,2017-12-23 13:52:16,NA,37.225,31.239,0.2008,62.8,248.7,"HH115"
2017-12-23 15:00:00,2017-12-23 14:52:16,NA,37.321,28.839,0.2008,66.2,173.7,"HH115"
2017-12-23 16:00:00,2017-12-23 15:52:16,NA,37.369,28.684,0.2008,68.5,101.2,"HH115"
2017-12-23 17:00:00,2017-12-23 16:52:16,NA,37.369,26.218,0.2008,69.6,51.2,"HH115"
2017-12-23 18:00:00,2017-12-23 17:52:16,NA,37.274,23.518,0.2,73.4,8.7,"HH115"
2017-12-23 19:00:00,2017-12-23 18:52:16,NA,37.13,22.08,0.2,76.4,1.2,"HH115"
2017-12-23 20:00:00,2017-12-23 19:52:16,NA,36.939,21.013,0.2,77.8,1.2,"HH115"
2017-12-23 21:00:00,2017-12-23 20:52:16,NA,36.747,20.444,0.1993,78.4,1.2,"HH115"
2017-12-23 22:00:00,2017-12-23 21:52:16,NA,36.603,20.044,0.2,79.7,1.2,"HH115"
2017-12-23 23:00:00,2017-12-23 22:52:16,NA,36.459,20.16,0.1993,79.5,1.2,"HH115"
2017-12-24 00:00:00,2017-12-23 23:52:16,NA,36.313,19.18,0.1986,80.5,1.2,"HH115"
2017-12-24 01:00:00,2017-12-24 00:52:16,NA,36.217,18.658,0.1978,80,1.2,"HH115"
2017-12-24 02:00:00,2017-12-24 01:52:16,NA,36.072,18.658,0.1971,82.3,1.2,"HH115"
2017-12-24 03:00:00,2017-12-24 02:52:16,NA,35.976,18.658,0.1964,82.3,1.2,"HH115"
2017-12-24 04:00:00,2017-12-24 03:52:16,NA,35.879,18.774,0.1964,79.8,1.2,"HH115"
2017-12-24 05:00:00,2017-12-24 04:52:16,NA,35.782,19.413,0.1964,77.3,1.2,"HH115"
2017-12-24 06:00:00,2017-12-24 05:52:16,NA,35.733,19.987,0.1964,71.6,1.2,"HH115"
2017-12-24 07:00:00,2017-12-24 06:52:16,NA,35.638,19.987,0.1957,69.6,1.2,"HH115"
2017-12-24 08:00:00,2017-12-24 07:52:16,NA,35.589,20.044,0.1957,68.3,1.2,"HH115"
2017-12-24 09:00:00,2017-12-24 08:52:16,NA,35.492,19.931,0.1957,68.5,1.2,"HH115"
2017-12-24 10:00:00,2017-12-24 09:52:16,NA,35.443,18.948,0.1957,77.4,11.2,"HH115"
2017-12-24 11:00:00,2017-12-24 10:52:16,NA,35.395,19.413,0.1957,86.4,23.7,"HH115"
2017-12-24 12:00:00,2017-12-24 11:52:16,NA,35.346,20.102,0.1957,88.4,23.7,"HH115"
2017-12-24 13:00:00,2017-12-24 12:52:16,NA,35.346,21.069,0.1964,89.5,31.2,"HH115"
2017-12-24 14:00:00,2017-12-24 13:52:16,NA,35.298,20.615,0.1964,90.5,41.2,"HH115"
2017-12-24 15:00:00,2017-12-24 14:52:16,NA,35.298,21.069,0.1964,91,38.7,"HH115"
2017-12-24 16:00:00,2017-12-24 15:52:16,NA,35.298,21.126,0.1964,91.1,38.7,"HH115"
2017-12-24 17:00:00,2017-12-24 16:52:16,NA,35.298,19.816,0.1964,90.3,21.2,"HH115"
2017-12-24 18:00:00,2017-12-24 17:52:16,NA,35.298,18.482,0.1971,90.3,1.2,"HH115"
2017-12-24 19:00:00,2017-12-24 18:52:16,NA,35.249,18.365,0.1971,90.8,1.2,"HH115"
2017-12-24 20:00:00,2017-12-24 19:52:16,NA,35.249,18.424,0.1971,90.4,1.2,"HH115"
2017-12-24 21:00:00,2017-12-24 20:52:16,NA,35.249,18.599,0.1971,90.3,1.2,"HH115"
2017-12-24 22:00:00,2017-12-24 21:52:16,NA,35.2,16.767,0.1971,89.1,1.2,"HH115"
2017-12-24 23:00:00,2017-12-24 22:52:16,NA,35.2,15.742,0.1971,89.7,1.2,"HH115"
2017-12-25 00:00:00,2017-12-24 23:52:16,NA,35.2,19.238,0.1971,87.8,1.2,"HH115"
2017-12-25 01:00:00,2017-12-25 00:52:16,NA,35.152,19.528,0.1971,85.8,1.2,"HH115"
2017-12-25 02:00:00,2017-12-25 01:52:16,NA,35.152,17.422,0.1971,80.7,1.2,"HH115"
2017-12-25 03:00:00,2017-12-25 02:52:16,NA,35.152,14.58,0.1971,79.6,1.2,"HH115"
2017-12-25 04:00:00,2017-12-25 03:52:16,NA,35.103,13.647,0.1971,82.2,1.2,"HH115"
2017-12-25 05:00:00,2017-12-25 04:52:16,NA,35.103,12.956,0.1971,82.6,1.2,"HH115"
2017-12-25 06:00:00,2017-12-25 05:52:16,NA,35.055,13.46,0.1971,83.8,1.2,"HH115"
2017-12-25 07:00:00,2017-12-25 06:52:16,NA,35.055,13.334,0.1971,87.4,1.2,"HH115"
2017-12-25 08:00:00,2017-12-25 07:52:16,NA,35.006,12.893,0.1971,89.5,1.2,"HH115"
2017-12-25 09:00:00,2017-12-25 08:52:16,NA,35.006,11.872,0.1971,87,1.2,"HH115"
2017-12-25 10:00:00,2017-12-25 09:52:16,NA,34.957,12.128,0.1971,86.5,26.2,"HH115"
2017-12-25 11:00:00,2017-12-25 10:52:16,NA,34.957,14.022,0.1971,79.4,71.2,"HH115"
2017-12-25 12:00:00,2017-12-25 11:52:16,NA,34.907,15.132,0.1971,67.5,133.7,"HH115"
2017-12-25 13:00:00,2017-12-25 12:52:16,NA,34.907,15.071,0.1971,65.2,163.7,"HH115"
2017-12-25 14:00:00,2017-12-25 13:52:16,NA,34.907,15.681,0.1971,63.8,216.2,"HH115"
2017-12-25 15:00:00,2017-12-25 14:52:16,NA,34.907,13.897,0.1971,62.4,188.7,"HH115"
2017-12-25 16:00:00,2017-12-25 15:52:16,NA,34.858,12.384,0.1971,63.1,103.7,"HH115"
2017-12-25 17:00:00,2017-12-25 16:52:16,NA,34.858,11.615,0.1971,68.1,51.2,"HH115"
2017-12-25 18:00:00,2017-12-25 17:52:16,NA,34.858,10.575,0.1971,75.8,13.7,"HH115"
2017-12-25 19:00:00,2017-12-25 18:52:16,NA,34.81,9.385,0.1971,78.8,1.2,"HH115"
2017-12-25 20:00:00,2017-12-25 19:52:16,NA,34.81,8.307,0.1964,74.8,1.2,"HH115"
2017-12-25 21:00:00,2017-12-25 20:52:16,NA,34.761,7.142,0.1971,73.4,1.2,"HH115"
2017-12-25 22:00:00,2017-12-25 21:52:16,NA,34.713,5.387,0.1964,72.4,1.2,"HH115"
2017-12-25 23:00:00,2017-12-25 22:52:16,NA,34.713,3.504,0.1964,67.5,1.2,"HH115"
2017-12-26 00:00:00,2017-12-25 23:52:16,NA,34.664,2.986,0.1964,67.9,1.2,"HH115"
2017-12-26 01:00:00,2017-12-26 00:52:16,NA,34.615,1.558,0.1964,70.4,1.2,"HH115"
2017-12-26 02:00:00,2017-12-26 01:52:16,NA,34.615,-0.142,0.1964,71,1.2,"HH115"
2017-12-26 03:00:00,2017-12-26 02:52:16,NA,34.565,-0.853,0.1964,71.9,1.2,"HH115"
2017-12-26 04:00:00,2017-12-26 03:52:16,NA,34.516,-2.057,0.1964,71.8,1.2,"HH115"
2017-12-26 05:00:00,2017-12-26 04:52:16,NA,34.468,-2.302,0.1957,72.1,1.2,"HH115"
2017-12-26 06:00:00,2017-12-26 05:52:16,NA,34.419,-2.795,0.1957,72.8,1.2,"HH115"
2017-12-26 07:00:00,2017-12-26 06:52:16,NA,34.371,-3.71,0.1957,73.1,1.2,"HH115"
2017-12-26 08:00:00,2017-12-26 07:52:16,NA,34.371,-3.125,0.1957,73.7,1.2,"HH115"
2017-12-26 09:00:00,2017-12-26 08:52:16,NA,34.32,-3.458,0.1949,73.4,1.2,"HH115"
2017-12-26 10:00:00,2017-12-26 09:52:16,NA,34.272,-2.057,0.1949,73.6,51.2,"HH115"
2017-12-26 11:00:00,2017-12-26 10:52:16,NA,34.223,0.482,0.1949,70.1,121.2,"HH115"
2017-12-26 12:00:00,2017-12-26 11:52:16,NA,34.223,1.33,0.1949,66.6,166.2,"HH115"
2017-12-26 13:00:00,2017-12-26 12:52:16,NA,34.174,1.787,0.1942,64.6,161.2,"HH115"
2017-12-26 14:00:00,2017-12-26 13:52:16,NA,34.174,2.314,0.1942,63,148.7,"HH115"
2017-12-26 15:00:00,2017-12-26 14:52:16,NA,34.174,4.089,0.1942,61.4,171.2,"HH115"
2017-12-26 16:00:00,2017-12-26 15:52:16,NA,34.124,4.017,0.1942,59.4,98.7,"HH115"
2017-12-26 17:00:00,2017-12-26 16:52:16,NA,34.124,2.838,0.1935,60.1,43.7,"HH115"
2017-12-26 18:00:00,2017-12-26 17:52:16,NA,34.124,0.869,0.1935,64.2,11.2,"HH115"
2017-12-26 19:00:00,2017-12-26 18:52:16,NA,34.075,-0.063,0.1928,68.8,1.2,"HH115"
2017-12-26 20:00:00,2017-12-26 19:52:16,NA,34.075,-0.693,0.1928,71.3,1.2,"HH115"
2017-12-26 21:00:00,2017-12-26 20:52:16,NA,34.075,-1.332,0.1928,73.3,1.2,"HH115"
2017-12-26 22:00:00,2017-12-26 21:52:16,NA,34.027,-1.976,0.192,74.7,1.2,"HH115"
2017-12-26 23:00:00,2017-12-26 22:52:16,NA,34.027,-2.878,0.192,76.2,1.2,"HH115"
2017-12-27 00:00:00,2017-12-26 23:52:16,NA,33.978,-3.793,0.1913,77.7,1.2,"HH115"
2017-12-27 01:00:00,2017-12-27 00:52:16,NA,33.978,-4.898,0.1913,79.8,1.2,"HH115"
2017-12-27 02:00:00,2017-12-27 01:52:16,NA,33.978,-4.469,0.1906,80.5,1.2,"HH115"
2017-12-27 03:00:00,2017-12-27 02:52:16,NA,33.928,-5.155,0.1906,80.7,1.2,"HH115"
2017-12-27 04:00:00,2017-12-27 03:52:16,NA,33.879,-5.501,0.1899,80.9,1.2,"HH115"
2017-12-27 05:00:00,2017-12-27 04:52:16,NA,33.879,-6.554,0.1899,81.5,1.2,"HH115"
2017-12-27 06:00:00,2017-12-27 05:52:16,NA,33.831,-7.178,0.1891,83,1.2,"HH115"
2017-12-27 07:00:00,2017-12-27 06:52:16,NA,33.78,-7.81,0.1891,83.4,1.2,"HH115"
2017-12-27 08:00:00,2017-12-27 07:52:16,NA,33.78,-8.357,0.1884,83.5,1.2,"HH115"
2017-12-27 09:00:00,2017-12-27 08:52:16,NA,33.732,-8.174,0.1884,83.6,3.7,"HH115"
2017-12-27 10:00:00,2017-12-27 09:52:16,NA,33.732,-4.046,0.1884,83,41.2,"HH115"
2017-12-27 11:00:00,2017-12-27 10:52:16,NA,33.681,-0.142,0.1877,77.3,101.2,"HH115"
2017-12-27 12:00:00,2017-12-27 11:52:16,NA,33.633,2.838,0.1877,70.8,196.2,"HH115"
2017-12-27 13:00:00,2017-12-27 12:52:16,NA,33.633,5.029,0.187,65.7,188.7,"HH115"
2017-12-27 14:00:00,2017-12-27 13:52:16,NA,33.633,7.281,0.1862,62,216.2,"HH115"
2017-12-27 15:00:00,2017-12-27 14:52:16,NA,33.633,6.094,0.1862,60.6,173.7,"HH115"
2017-12-27 16:00:00,2017-12-27 15:52:16,NA,33.584,5.387,0.1862,62.1,86.2,"HH115"
2017-12-27 17:00:00,2017-12-27 16:52:16,NA,33.584,3.943,0.1862,64.1,46.2,"HH115"
2017-12-27 18:00:00,2017-12-27 17:52:16,NA,33.584,2.165,0.1855,66.1,8.7,"HH115"
2017-12-27 19:00:00,2017-12-27 18:52:16,NA,33.584,0.25,0.1848,69.3,1.2,"HH115"
2017-12-27 20:00:00,2017-12-27 19:52:16,NA,33.534,-1.976,0.1848,72.5,1.2,"HH115"
2017-12-27 21:00:00,2017-12-27 20:52:16,NA,33.534,-3.209,0.184,75.8,1.2,"HH115"
2017-12-27 22:00:00,2017-12-27 21:52:16,NA,33.534,-4.64,0.1826,78.4,1.2,"HH115"
2017-12-27 23:00:00,2017-12-27 22:52:16,NA,33.534,-4.131,0.1826,80.2,1.2,"HH115"
2017-12-28 00:00:00,2017-12-27 23:52:16,NA,33.485,-3.877,0.1819,81.3,1.2,"HH115"
2017-12-28 01:00:00,2017-12-28 00:52:16,NA,33.485,-4.469,0.1811,82.2,1.2,"HH115"
2017-12-28 02:00:00,2017-12-28 01:52:16,NA,33.435,-4.385,0.1804,82.8,1.2,"HH115"
2017-12-28 03:00:00,2017-12-28 02:52:16,NA,33.435,-2.302,0.1797,83.6,1.2,"HH115"
2017-12-28 04:00:00,2017-12-28 03:52:16,NA,33.435,-2.14,0.1797,84,1.2,"HH115"
2017-12-28 05:00:00,2017-12-28 04:52:16,NA,33.386,-1.895,0.179,84.2,1.2,"HH115"
2017-12-28 06:00:00,2017-12-28 05:52:16,NA,33.386,-0.534,0.179,84.4,1.2,"HH115"
2017-12-28 07:00:00,2017-12-28 06:52:16,NA,33.336,1.177,0.1782,84.1,1.2,"HH115"
2017-12-28 08:00:00,2017-12-28 07:52:16,NA,33.336,2.314,0.1775,83.6,1.2,"HH115"
2017-12-28 09:00:00,2017-12-28 08:52:16,NA,33.336,3.798,0.1775,82.3,1.2,"HH115"
2017-12-28 10:00:00,2017-12-28 09:52:16,NA,33.336,6.445,0.1768,80.8,38.7,"HH115"
2017-12-28 11:00:00,2017-12-28 10:52:16,NA,33.336,9.849,0.1768,72.8,108.7,"HH115"
2017-12-28 12:00:00,2017-12-28 11:52:16,NA,33.287,12,0.1768,68.7,171.2,"HH115"
2017-12-28 13:00:00,2017-12-28 12:52:16,NA,33.287,12.574,0.1761,67.3,178.7,"HH115"
2017-12-28 14:00:00,2017-12-28 13:52:16,NA,33.287,12.384,0.1761,66.4,163.7,"HH115"
2017-12-28 15:00:00,2017-12-28 14:52:16,NA,33.287,12,0.1753,66.4,118.7,"HH115"
2017-12-28 16:00:00,2017-12-28 15:52:16,NA,33.287,11.68,0.1753,69.6,101.2,"HH115"
2017-12-28 17:00:00,2017-12-28 16:52:16,NA,33.287,11.161,0.1746,77.5,53.7,"HH115"
2017-12-28 18:00:00,2017-12-28 17:52:16,NA,33.287,10.378,0.1746,79.5,6.2,"HH115"
2017-12-28 19:00:00,2017-12-28 18:52:16,NA,33.287,10.247,0.1746,85.7,1.2,"HH115"
2017-12-28 20:00:00,2017-12-28 19:52:16,NA,33.287,10.639,0.1746,86,1.2,"HH115"
2017-12-28 21:00:00,2017-12-28 20:52:16,NA,33.287,10.312,0.1746,86.5,1.2,"HH115"
2017-12-28 22:00:00,2017-12-28 21:52:16,NA,33.237,10.247,0.1739,86.7,1.2,"HH115"
2017-12-28 23:00:00,2017-12-28 22:52:16,NA,33.237,10.575,0.1739,87.1,1.2,"HH115"
2017-12-29 00:00:00,2017-12-28 23:52:16,NA,33.237,10.51,0.1739,87,1.2,"HH115"
2017-12-29 01:00:00,2017-12-29 00:52:16,NA,33.237,10.639,0.1739,87.1,1.2,"HH115"
2017-12-29 02:00:00,2017-12-29 01:52:16,NA,33.237,10.18,0.1732,87.1,1.2,"HH115"
2017-12-29 03:00:00,2017-12-29 02:52:16,NA,33.237,9.982,0.1732,86.5,1.2,"HH115"
2017-12-29 04:00:00,2017-12-29 03:52:16,NA,33.237,9.385,0.1732,86.4,1.2,"HH115"
2017-12-29 05:00:00,2017-12-29 04:52:16,NA,33.237,9.451,0.1732,86.6,1.2,"HH115"
2017-12-29 06:00:00,2017-12-29 05:52:16,NA,33.237,9.25,0.1732,86.5,1.2,"HH115"
2017-12-29 07:00:00,2017-12-29 06:52:16,NA,33.237,9.25,0.1724,86.7,1.2,"HH115"
2017-12-29 08:00:00,2017-12-29 07:52:16,NA,33.237,6.586,0.1724,87.4,1.2,"HH115"
2017-12-29 09:00:00,2017-12-29 08:52:16,NA,33.237,5.599,0.1724,89,1.2,"HH115"
2017-12-29 10:00:00,2017-12-29 09:52:16,NA,33.237,10.312,0.1724,89.9,23.7,"HH115"
2017-12-29 11:00:00,2017-12-29 10:52:16,NA,33.237,13.082,0.1724,86.9,58.7,"HH115"
2017-12-29 12:00:00,2017-12-29 11:52:16,NA,33.237,14.331,0.1724,80.9,78.7,"HH115"
2017-12-29 13:00:00,2017-12-29 12:52:16,NA,33.237,14.58,0.1724,76.2,73.7,"HH115"
2017-12-29 14:00:00,2017-12-29 13:52:16,NA,33.237,14.455,0.1724,75.8,63.7,"HH115"
2017-12-29 15:00:00,2017-12-29 14:52:16,NA,33.237,14.209,0.1724,81.5,48.7,"HH115"
2017-12-29 16:00:00,2017-12-29 15:52:16,NA,33.237,13.771,0.1717,85.1,31.2,"HH115"
2017-12-29 17:00:00,2017-12-29 16:52:16,NA,33.237,14.022,0.1717,87.6,16.2,"HH115"
2017-12-29 18:00:00,2017-12-29 17:52:16,NA,33.237,13.397,0.1724,87.9,1.2,"HH115"
2017-12-29 19:00:00,2017-12-29 18:52:16,NA,33.237,13.334,0.1724,89.3,1.2,"HH115"
2017-12-29 20:00:00,2017-12-29 19:52:16,NA,33.237,13.46,0.1717,89.9,1.2,"HH115"
2017-12-29 21:00:00,2017-12-29 20:52:16,NA,33.237,13.208,0.1724,90.1,1.2,"HH115"
2017-12-29 22:00:00,2017-12-29 21:52:16,NA,33.237,13.082,0.1724,90.2,1.2,"HH115"
2017-12-29 23:00:00,2017-12-29 22:52:16,NA,33.237,13.082,0.1724,89.5,1.2,"HH115"
2017-12-30 00:00:00,2017-12-29 23:52:16,NA,33.237,12.956,0.1724,89.4,1.2,"HH115"
2017-12-30 01:00:00,2017-12-30 00:52:16,NA,33.237,12.956,0.1724,89.6,1.2,"HH115"
2017-12-30 02:00:00,2017-12-30 01:52:16,NA,33.237,12.702,0.1724,89.4,1.2,"HH115"
2017-12-30 03:00:00,2017-12-30 02:52:16,NA,33.237,12.193,0.1724,87.9,1.2,"HH115"
2017-12-30 04:00:00,2017-12-30 03:52:16,NA,33.237,11.68,0.1724,87.1,1.2,"HH115"
2017-12-30 05:00:00,2017-12-30 04:52:16,NA,33.237,11.161,0.1724,86,1.2,"HH115"
2017-12-30 06:00:00,2017-12-30 05:52:16,NA,33.237,9.982,0.1724,85.2,1.2,"HH115"
2017-12-30 07:00:00,2017-12-30 06:52:16,NA,33.237,7.83,0.1724,82,1.2,"HH115"
2017-12-30 08:00:00,2017-12-30 07:52:16,NA,33.237,5.882,0.1724,78.8,1.2,"HH115"
2017-12-30 09:00:00,2017-12-30 08:52:16,NA,33.237,3.871,0.1724,75.6,1.2,"HH115"
2017-12-30 10:00:00,2017-12-30 09:52:16,NA,33.237,2.689,0.1724,72.6,18.7,"HH115"
2017-12-30 11:00:00,2017-12-30 10:52:16,NA,33.237,4.017,0.1724,69.5,56.2,"HH115"
2017-12-30 12:00:00,2017-12-30 11:52:16,NA,33.237,4.885,0.1717,65.1,93.7,"HH115"
2017-12-30 13:00:00,2017-12-30 12:52:16,NA,33.237,5.599,0.1717,62.9,116.2,"HH115"
2017-12-30 14:00:00,2017-12-30 13:52:16,NA,33.237,4.381,0.1717,62,123.7,"HH115"
2017-12-30 15:00:00,2017-12-30 14:52:16,NA,33.237,2.689,0.1717,63,111.2,"HH115"
2017-12-30 16:00:00,2017-12-30 15:52:16,NA,33.188,3.209,0.1717,64.5,68.7,"HH115"
2017-12-30 17:00:00,2017-12-30 16:52:16,NA,33.188,2.314,0.1717,65.2,41.2,"HH115"
2017-12-30 18:00:00,2017-12-30 17:52:16,NA,33.188,0.171,0.1717,66.2,11.2,"HH115"
2017-12-30 19:00:00,2017-12-30 18:52:16,NA,33.188,-1.652,0.171,68.6,1.2,"HH115"
2017-12-30 20:00:00,2017-12-30 19:52:16,NA,33.188,-2.63,0.171,71.3,1.2,"HH115"
2017-12-30 21:00:00,2017-12-30 20:52:16,NA,33.188,-3.71,0.171,73.9,1.2,"HH115"
2017-12-30 22:00:00,2017-12-30 21:52:16,NA,33.188,-3.292,0.1702,75.1,1.2,"HH115"
2017-12-30 23:00:00,2017-12-30 22:52:16,NA,33.188,-4.469,0.1702,76.9,1.2,"HH115"
2017-12-31 00:00:00,2017-12-30 23:52:16,NA,33.188,-6.201,0.1695,77.8,1.2,"HH115"
2017-12-31 01:00:00,2017-12-31 00:52:16,NA,33.188,-2.959,0.1695,79.6,1.2,"HH115"
2017-12-31 02:00:00,2017-12-31 01:52:16,NA,33.188,-1.411,0.1695,77.3,1.2,"HH115"
2017-12-31 03:00:00,2017-12-31 02:52:16,NA,33.188,-0.693,0.1688,74.9,1.2,"HH115"
2017-12-31 04:00:00,2017-12-31 03:52:16,NA,33.188,-0.614,0.1688,75,1.2,"HH115"
2017-12-31 05:00:00,2017-12-31 04:52:16,NA,33.188,-0.455,0.1688,75.3,1.2,"HH115"
2017-12-31 06:00:00,2017-12-31 05:52:16,NA,33.188,-0.534,0.1681,75.9,1.2,"HH115"
2017-12-31 07:00:00,2017-12-31 06:52:16,NA,33.188,-0.534,0.1688,76.5,1.2,"HH115"
2017-12-31 08:00:00,2017-12-31 07:52:16,NA,33.138,-0.063,0.1681,77.3,1.2,"HH115"
2017-12-31 09:00:00,2017-12-31 08:52:16,NA,33.138,-0.772,0.1681,77.9,1.2,"HH115"
2017-12-31 10:00:00,2017-12-31 09:52:16,NA,33.138,0.405,0.1681,78.2,41.2,"HH115"
2017-12-31 11:00:00,2017-12-31 10:52:16,NA,33.138,4.669,0.1681,76,108.7,"HH115"
2017-12-31 12:00:00,2017-12-31 11:52:16,NA,33.138,9.117,0.1681,71.4,211.2,"HH115"
2017-12-31 13:00:00,2017-12-31 12:52:16,NA,33.138,10.114,0.1681,67.6,241.2,"HH115"
2017-12-31 14:00:00,2017-12-31 13:52:16,NA,33.138,11.55,0.1681,65.1,246.2,"HH115"
2017-12-31 15:00:00,2017-12-31 14:52:16,NA,33.138,12.065,0.1681,64.3,196.2,"HH115"
2017-12-31 16:00:00,2017-12-31 15:52:16,NA,33.138,11.937,0.1673,62.9,96.2,"HH115"
2017-12-31 17:00:00,2017-12-31 16:52:16,NA,33.138,10.312,0.1673,60.8,56.2,"HH115"
2017-12-31 18:00:00,2017-12-31 17:52:16,NA,33.138,8.172,0.1673,61.7,13.7,"HH115"
2017-12-31 19:00:00,2017-12-31 18:52:16,NA,33.138,5.173,0.1673,65.2,1.2,"HH115"
2017-12-31 20:00:00,2017-12-31 19:52:16,NA,33.138,3.061,0.1666,70,1.2,"HH115"
2017-12-31 21:00:00,2017-12-31 20:52:16,NA,33.138,2.089,0.1673,71.5,1.2,"HH115"
2017-12-31 22:00:00,2017-12-31 21:52:16,NA,33.138,0.482,0.1666,71.5,1.2,"HH115"
2017-12-31 23:00:00,2017-12-31 22:52:16,NA,33.138,-1.652,0.1666,73,1.2,"HH115"
