"Date_Check","Soil_Temp","Air_Temp","Soil_Moisture","Relative_Humidity","PAR","Plot_Name"
2018-12-01 00:00:00,3.72222222222222,0.107222222222221,-0.1392,100,1.2,"U134"
2018-12-01 01:00:00,3.72222222222222,0.107222222222221,-0.1392,100,1.2,"U134"
2018-12-01 02:00:00,3.72222222222222,0.107222222222221,-0.1392,100,1.2,"U134"
2018-12-01 03:00:00,3.72222222222222,0.135000000000001,-0.1384,100,1.2,"U134"
2018-12-01 04:00:00,3.72222222222222,0.135000000000001,-0.1384,100,1.2,"U134"
2018-12-01 05:00:00,3.72222222222222,0.135000000000001,-0.1384,100,1.2,"U134"
2018-12-01 06:00:00,3.69611111111111,0.135000000000001,-0.1384,100,1.2,"U134"
2018-12-01 07:00:00,3.69611111111111,0.135000000000001,-0.1392,100,1.2,"U134"
2018-12-01 08:00:00,3.69611111111111,0.189999999999999,-0.1384,100,1.2,"U134"
2018-12-01 09:00:00,3.69611111111111,0.217777777777779,-0.1384,100,1.2,"U134"
2018-12-01 10:00:00,3.67,0.35611111111111,-0.1137,100,1.2,"U134"
2018-12-01 11:00:00,3.64277777777778,0.715,-0.1152,100,3.7,"U134"
2018-12-01 12:00:00,3.53777777777778,1.09888888888889,-0.1254,100,3.7,"U134"
2018-12-01 13:00:00,3.485,1.88611111111111,-0.1297,100,3.7,"U134"
2018-12-01 14:00:00,3.45888888888889,2.55722222222222,-0.1297,100,8.7,"U134"
2018-12-01 15:00:00,3.45888888888889,3.35388888888889,-0.1261,100,6.2,"U134"
2018-12-01 16:00:00,3.43277777777778,4.03722222222222,-0.1203,100,3.7,"U134"
2018-12-01 17:00:00,3.40611111111111,4.01111111111111,-0.1166,100,1.2,"U134"
2018-12-01 18:00:00,3.35388888888889,4.895,-0.1232,100,1.2,"U134"
2018-12-01 19:00:00,3.38,4.74,-0.1225,100,1.2,"U134"
2018-12-01 20:00:00,3.40611111111111,4.97277777777778,-0.1261,100,1.2,"U134"
2018-12-01 21:00:00,3.43277777777778,5.36,-0.1239,100,1.2,"U134"
2018-12-01 22:00:00,3.485,5.61611111111111,-0.1203,100,1.2,"U134"
2018-12-01 23:00:00,3.485,5.66777777777778,-0.1159,100,1.2,"U134"
2018-12-02 00:00:00,3.485,5.385,-0.1188,100,1.2,"U134"
2018-12-02 01:00:00,3.56388888888889,5.02388888888889,-0.1225,100,1.2,"U134"
2018-12-02 02:00:00,3.64277777777778,5.02388888888889,-0.1196,100,1.2,"U134"
2018-12-02 03:00:00,3.72222222222222,5.05,-0.1261,100,1.2,"U134"
2018-12-02 04:00:00,3.80111111111111,5.205,-0.1268,100,1.2,"U134"
2018-12-02 05:00:00,3.85388888888889,5.05,-0.1275,100,1.2,"U134"
2018-12-02 06:00:00,3.93222222222222,4.74,-0.1275,100,1.2,"U134"
2018-12-02 07:00:00,3.985,4.81777777777778,-0.1203,100,1.2,"U134"
2018-12-02 08:00:00,4.03722222222222,4.68777777777778,-0.1254,100,1.2,"U134"
2018-12-02 09:00:00,4.08888888888889,4.84388888888889,-0.1232,100,1.2,"U134"
2018-12-02 10:00:00,4.14111111111111,6.40777777777778,-0.129,100,6.2,"U134"
2018-12-02 11:00:00,4.19388888888889,6.28111111111111,-0.1341,100,21.2,"U134"
2018-12-02 12:00:00,4.24611111111111,6.30611111111111,-0.1384,100,41.2,"U134"
2018-12-02 13:00:00,4.32388888888889,6.10222222222222,-0.1392,100,38.7,"U134"
2018-12-02 14:00:00,4.37611111111111,4.84388888888889,-0.1392,100,11.2,"U134"
2018-12-02 15:00:00,4.45388888888889,4.81777777777778,-0.1392,100,11.2,"U134"
2018-12-02 16:00:00,4.50611111111111,4.61,-0.1384,100,6.2,"U134"
2018-12-02 17:00:00,4.55777777777778,4.29777777777778,-0.1392,100,3.7,"U134"
2018-12-02 18:00:00,4.58388888888889,3.80111111111111,-0.1377,100,1.2,"U134"
2018-12-02 19:00:00,4.61,3.64277777777778,-0.1319,100,1.2,"U134"
2018-12-02 20:00:00,4.63611111111111,3.06277777777778,-0.1297,100,1.2,"U134"
2018-12-02 21:00:00,4.66222222222222,2.10111111111111,-0.1246,100,1.2,"U134"
2018-12-02 22:00:00,4.66222222222222,1.37111111111111,-0.1268,100,1.2,"U134"
2018-12-02 23:00:00,4.66222222222222,1.48,-0.1319,100,1.2,"U134"
2018-12-03 00:00:00,4.66222222222222,1.28888888888889,-0.1341,100,1.2,"U134"
2018-12-03 01:00:00,4.63611111111111,1.18,-0.1377,100,1.2,"U134"
2018-12-03 02:00:00,4.63611111111111,0.825,-0.1392,100,1.2,"U134"
2018-12-03 03:00:00,4.61,0.660000000000001,-0.1392,100,1.2,"U134"
2018-12-03 04:00:00,4.58388888888889,0.632222222222221,-0.1399,100,1.2,"U134"
2018-12-03 05:00:00,4.55777777777778,0.522222222222221,-0.1399,100,1.2,"U134"
2018-12-03 06:00:00,4.53222222222222,0.38388888888889,-0.1399,100,1.2,"U134"
2018-12-03 07:00:00,4.50611111111111,-0.00388888888888969,-0.1399,100,1.2,"U134"
2018-12-03 08:00:00,4.48,0.0238888888888885,-0.1392,100,1.2,"U134"
2018-12-03 09:00:00,4.45388888888889,0.0788888888888906,-0.1392,100,1.2,"U134"
2018-12-03 10:00:00,4.42777777777778,0.272777777777778,-0.1348,100,16.2,"U134"
2018-12-03 11:00:00,4.40222222222222,0.825,-0.1384,100,23.7,"U134"
2018-12-03 12:00:00,4.37611111111111,2.07388888888889,-0.1392,100,41.2,"U134"
2018-12-03 13:00:00,4.35,2.23611111111111,-0.1399,100,51.2,"U134"
2018-12-03 14:00:00,4.32388888888889,2.61,-0.1392,100,36.2,"U134"
2018-12-03 15:00:00,4.32388888888889,1.58777777777778,-0.1399,100,26.2,"U134"
2018-12-03 16:00:00,4.32388888888889,0.660000000000001,-0.1399,100,13.7,"U134"
2018-12-03 17:00:00,4.32388888888889,-0.171111111111111,-0.1399,100,3.7,"U134"
2018-12-03 18:00:00,4.32388888888889,-0.62,-0.1406,100,1.2,"U134"
2018-12-03 19:00:00,4.32388888888889,-0.78888888888889,-0.1413,100,1.2,"U134"
2018-12-03 20:00:00,4.29777777777778,-0.845000000000001,-0.1413,100,1.2,"U134"
2018-12-03 21:00:00,4.27222222222222,-0.93,-0.1413,100,1.2,"U134"
2018-12-03 22:00:00,4.24611111111111,-1.1,-0.1421,100,1.2,"U134"
2018-12-03 23:00:00,4.22,-1.185,-0.1421,100,1.2,"U134"
2018-12-04 00:00:00,4.19388888888889,-1.29888888888889,-0.1421,100,1.2,"U134"
2018-12-04 01:00:00,4.16777777777778,-1.32722222222222,-0.1421,100,1.2,"U134"
2018-12-04 02:00:00,4.14111111111111,-1.38388888888889,-0.1421,100,1.2,"U134"
2018-12-04 03:00:00,4.08888888888889,-1.44111111111111,-0.1421,100,1.2,"U134"
2018-12-04 04:00:00,4.06277777777778,-1.49777777777778,-0.1421,99.9,1.2,"U134"
2018-12-04 05:00:00,4.03722222222222,-1.55611111111111,-0.1428,99.1,1.2,"U134"
2018-12-04 06:00:00,4.01111111111111,-1.52722222222222,-0.1428,98.1,1.2,"U134"
2018-12-04 07:00:00,3.985,-1.52722222222222,-0.1428,97,1.2,"U134"
2018-12-04 08:00:00,3.95777777777778,-1.64111111111111,-0.1428,96.2,1.2,"U134"
2018-12-04 09:00:00,3.93222222222222,-1.49777777777778,-0.1428,95.6,1.2,"U134"
2018-12-04 10:00:00,3.88,-1.015,-0.1421,94.3,6.2,"U134"
2018-12-04 11:00:00,3.85388888888889,-0.338888888888889,-0.1421,92.2,16.2,"U134"
2018-12-04 12:00:00,3.85388888888889,0.0238888888888885,-0.1421,90.3,16.2,"U134"
2018-12-04 13:00:00,3.82722222222222,0.412222222222221,-0.1413,89.4,21.2,"U134"
2018-12-04 14:00:00,3.80111111111111,0.770000000000002,-0.1406,88.4,23.7,"U134"
2018-12-04 15:00:00,3.775,1.01722222222222,-0.1406,88.2,18.7,"U134"
2018-12-04 16:00:00,3.775,0.301111111111112,-0.1406,88.7,11.2,"U134"
2018-12-04 17:00:00,3.775,-0.116111111111111,-0.1413,90.7,3.7,"U134"
2018-12-04 18:00:00,3.775,-0.591111111111111,-0.1421,91.9,1.2,"U134"
2018-12-04 19:00:00,3.775,-0.845000000000001,-0.1421,92.7,1.2,"U134"
2018-12-04 20:00:00,3.74888888888889,-0.98611111111111,-0.1421,94,1.2,"U134"
2018-12-04 21:00:00,3.74888888888889,-1.32722222222222,-0.1428,93.1,1.2,"U134"
2018-12-04 22:00:00,3.72222222222222,-1.32722222222222,-0.1428,92.1,1.2,"U134"
2018-12-04 23:00:00,3.72222222222222,-1.47,-0.1428,93,1.2,"U134"
2018-12-05 00:00:00,3.69611111111111,-1.52722222222222,-0.1428,94.2,1.2,"U134"
2018-12-05 01:00:00,3.69611111111111,-1.52722222222222,-0.1428,95.6,1.2,"U134"
2018-12-05 02:00:00,3.67,-1.67,-0.1428,97.2,1.2,"U134"
2018-12-05 03:00:00,3.67,-1.87111111111111,-0.1428,97.6,1.2,"U134"
2018-12-05 04:00:00,3.64277777777778,-2.04388888888889,-0.1428,96.8,1.2,"U134"
2018-12-05 05:00:00,3.61722222222222,-2.59611111111111,-0.1428,95.6,1.2,"U134"
2018-12-05 06:00:00,3.59111111111111,-2.71222222222222,-0.1435,95,1.2,"U134"
2018-12-05 07:00:00,3.56388888888889,-2.94722222222222,-0.1435,94.9,1.2,"U134"
2018-12-05 08:00:00,3.53777777777778,-2.85888888888889,-0.1428,94.1,1.2,"U134"
2018-12-05 09:00:00,3.51222222222222,-3.18277777777778,-0.1428,92.4,1.2,"U134"
2018-12-05 10:00:00,3.485,-2.88777777777778,-0.1435,91.8,1.2,"U134"
2018-12-05 11:00:00,3.45888888888889,-2.16,-0.1428,90.1,11.2,"U134"
2018-12-05 12:00:00,3.43277777777778,-1.1,-0.1428,87.3,23.7,"U134"
2018-12-05 13:00:00,3.38,-0.171111111111111,-0.1421,85,31.2,"U134"
2018-12-05 14:00:00,3.35388888888889,-0.422777777777777,-0.1421,84.8,18.7,"U134"
2018-12-05 15:00:00,3.32722222222222,0.107222222222221,-0.1421,85.7,26.2,"U134"
2018-12-05 16:00:00,3.32722222222222,-0.227222222222222,-0.1421,85,31.2,"U134"
2018-12-05 17:00:00,3.30111111111111,-0.338888888888889,-0.1421,87.7,16.2,"U134"
2018-12-05 18:00:00,3.30111111111111,-2.36277777777778,-0.1428,90.5,1.2,"U134"
2018-12-05 19:00:00,3.27388888888889,-0.93,-0.1421,93.8,1.2,"U134"
2018-12-05 20:00:00,3.27388888888889,-0.535000000000001,-0.1421,93,1.2,"U134"
2018-12-05 21:00:00,3.27388888888889,-0.62,-0.1421,93.5,1.2,"U134"
2018-12-05 22:00:00,3.27388888888889,-1.785,-0.1428,94.9,1.2,"U134"
2018-12-05 23:00:00,3.24777777777778,-2.07277777777778,-0.1428,97,1.2,"U134"
2018-12-06 00:00:00,3.24777777777778,-2.71222222222222,-0.1428,97.8,1.2,"U134"
2018-12-06 01:00:00,3.24777777777778,-2.85888888888889,-0.1428,98.5,1.2,"U134"
2018-12-06 02:00:00,3.24777777777778,-2.71222222222222,-0.1428,98.9,1.2,"U134"
2018-12-06 03:00:00,3.22111111111111,-2.24722222222222,-0.1428,99.1,1.2,"U134"
2018-12-06 04:00:00,3.22111111111111,-1.92888888888889,-0.1421,99.1,1.2,"U134"
2018-12-06 05:00:00,3.195,-1.84222222222222,-0.1428,99.2,1.2,"U134"
2018-12-06 06:00:00,3.195,-1.52722222222222,-0.1421,99.2,1.2,"U134"
2018-12-06 07:00:00,3.16777777777778,-1.32722222222222,-0.1421,98.7,1.2,"U134"
2018-12-06 08:00:00,3.16777777777778,-1.21277777777778,-0.1421,98.1,1.2,"U134"
2018-12-06 09:00:00,3.14222222222222,-1.185,-0.1421,97.6,1.2,"U134"
2018-12-06 10:00:00,3.14222222222222,-1.21277777777778,-0.1421,94.8,1.2,"U134"
2018-12-06 11:00:00,3.14222222222222,-0.902222222222222,-0.1421,90.4,11.2,"U134"
2018-12-06 12:00:00,3.11611111111111,-0.93,-0.1428,85.8,23.7,"U134"
2018-12-06 13:00:00,3.11611111111111,-1.49777777777778,-0.1428,79.1,86.2,"U134"
2018-12-06 14:00:00,3.11611111111111,-1.64111111111111,-0.1421,78.5,136.2,"U134"
2018-12-06 15:00:00,3.08888888888889,-1.49777777777778,-0.1428,76,236.2,"U134"
2018-12-06 16:00:00,3.08888888888889,-2.13111111111111,-0.1428,77.1,138.7,"U134"
2018-12-06 17:00:00,3.06277777777778,-3.47888888888889,-0.1435,80.3,11.2,"U134"
2018-12-06 18:00:00,3.06277777777778,-4.49888888888889,-0.1435,84.8,1.2,"U134"
2018-12-06 19:00:00,3.03611111111111,-5.38777777777778,-0.1442,88,1.2,"U134"
2018-12-06 20:00:00,3.00888888888889,-5.94777777777778,-0.1442,90.7,1.2,"U134"
2018-12-06 21:00:00,3.00888888888889,-6.29388888888889,-0.1442,92.7,1.2,"U134"
2018-12-06 22:00:00,2.98277777777778,-6.64222222222222,-0.1442,93.5,1.2,"U134"
2018-12-06 23:00:00,2.95611111111111,-6.86611111111111,-0.145,93.7,1.2,"U134"
2018-12-07 00:00:00,2.93,-7.86888888888889,-0.145,93.3,1.2,"U134"
2018-12-07 01:00:00,2.90277777777778,-8.46277777777778,-0.145,92.7,1.2,"U134"
2018-12-07 02:00:00,2.85,-8.23111111111111,-0.1457,93.1,1.2,"U134"
2018-12-07 03:00:00,2.82277777777778,-9.03277777777778,-0.1457,92.3,1.2,"U134"
2018-12-07 04:00:00,2.79722222222222,-8.965,-0.1457,91.8,1.2,"U134"
2018-12-07 05:00:00,2.77,-9.85111111111111,-0.1457,90.9,1.2,"U134"
2018-12-07 06:00:00,2.71722222222222,-9.47277777777778,-0.1457,91.2,1.2,"U134"
2018-12-07 07:00:00,2.69,-10.0922222222222,-0.1457,90.8,1.2,"U134"
2018-12-07 08:00:00,2.66388888888889,-10.3711111111111,-0.1457,90,1.2,"U134"
2018-12-07 09:00:00,2.63722222222222,-10.3011111111111,-0.145,89.6,1.2,"U134"
2018-12-07 10:00:00,2.61,-7.18722222222222,-0.1442,92.4,56.2,"U134"
2018-12-07 11:00:00,2.55722222222222,-4.46888888888889,-0.1435,91.8,191.2,"U134"
2018-12-07 12:00:00,2.53,-3.71722222222222,-0.1435,86.4,228.7,"U134"
2018-12-07 13:00:00,2.50277777777778,-2.305,-0.1442,82.4,271.2,"U134"
2018-12-07 14:00:00,2.50277777777778,-2.42111111111111,-0.1435,79,78.7,"U134"
2018-12-07 15:00:00,2.47722222222222,-3.86611111111111,-0.1435,77.5,146.2,"U134"
2018-12-07 16:00:00,2.45,-4.49888888888889,-0.1435,75.2,68.7,"U134"
2018-12-07 17:00:00,2.42277777777778,-5.51111111111111,-0.1442,76.1,16.2,"U134"
2018-12-07 18:00:00,2.42277777777778,-7.155,-0.145,80,1.2,"U134"
2018-12-07 19:00:00,2.39611111111111,-8.36388888888889,-0.1457,86.7,1.2,"U134"
2018-12-07 20:00:00,2.37,-9.1,-0.1457,88.5,1.2,"U134"
2018-12-07 21:00:00,2.34277777777778,-9.13388888888889,-0.1457,89.8,1.2,"U134"
2018-12-07 22:00:00,2.34277777777778,-9.13388888888889,-0.1457,90.1,1.2,"U134"
2018-12-07 23:00:00,2.31611111111111,-9.61,-0.1457,90.6,1.2,"U134"
2018-12-08 00:00:00,2.28888888888889,-9.235,-0.1457,90.5,1.2,"U134"
2018-12-08 01:00:00,2.26222222222222,-9.885,-0.1457,90.3,1.2,"U134"
2018-12-08 02:00:00,2.26222222222222,-8.29722222222222,-0.145,91.1,1.2,"U134"
2018-12-08 03:00:00,2.23611111111111,-6.70611111111111,-0.1442,92,1.2,"U134"
2018-12-08 04:00:00,2.20888888888889,-5.63611111111111,-0.1442,92.8,1.2,"U134"
2018-12-08 05:00:00,2.18222222222222,-5.17222222222222,-0.1442,92.7,1.2,"U134"
2018-12-08 06:00:00,2.18222222222222,-4.895,-0.1442,93.2,1.2,"U134"
2018-12-08 07:00:00,2.155,-4.895,-0.1442,93,1.2,"U134"
2018-12-08 08:00:00,2.155,-4.77277777777778,-0.1435,92.8,1.2,"U134"
2018-12-08 09:00:00,2.12777777777778,-7.09,-0.145,93,1.2,"U134"
2018-12-08 10:00:00,2.12777777777778,-5.605,-0.1442,93.4,43.7,"U134"
2018-12-08 11:00:00,2.12777777777778,-3.065,-0.1428,89.9,168.7,"U134"
2018-12-08 12:00:00,2.10111111111111,-1.64111111111111,-0.1428,81,313.7,"U134"
2018-12-08 13:00:00,2.10111111111111,-0.116111111111111,-0.1421,74.7,243.7,"U134"
2018-12-08 14:00:00,2.10111111111111,-0.93,-0.1413,72,123.7,"U134"
2018-12-08 15:00:00,2.10111111111111,-1.015,-0.1421,71,228.7,"U134"
2018-12-08 16:00:00,2.10111111111111,-1.785,-0.1428,73.3,91.2,"U134"
2018-12-08 17:00:00,2.10111111111111,-3.30111111111111,-0.1435,78,13.7,"U134"
2018-12-08 18:00:00,2.10111111111111,-5.26388888888889,-0.1442,85,1.2,"U134"
2018-12-08 19:00:00,2.10111111111111,-6.42,-0.1442,89.3,1.2,"U134"
2018-12-08 20:00:00,2.10111111111111,-7.02611111111111,-0.145,91.6,1.2,"U134"
2018-12-08 21:00:00,2.10111111111111,-7.83611111111111,-0.145,91.9,1.2,"U134"
2018-12-08 22:00:00,2.10111111111111,-8.36388888888889,-0.145,91.5,1.2,"U134"
2018-12-08 23:00:00,2.07388888888889,-8.93222222222222,-0.145,91.1,1.2,"U134"
2018-12-09 00:00:00,2.07388888888889,-8.83111111111111,-0.145,91.2,1.2,"U134"
2018-12-09 01:00:00,2.04722222222222,-9.30277777777778,-0.145,90.8,1.2,"U134"
2018-12-09 02:00:00,2.04722222222222,-9.885,-0.145,89.9,1.2,"U134"
2018-12-09 03:00:00,2.02111111111111,-9.91888888888889,-0.1442,90,1.2,"U134"
2018-12-09 04:00:00,1.99388888888889,-10.1972222222222,-0.1442,89.8,1.2,"U134"
2018-12-09 05:00:00,1.96722222222222,-10.2311111111111,-0.1442,89.4,1.2,"U134"
2018-12-09 06:00:00,1.96722222222222,-10.6861111111111,-0.1442,89.5,1.2,"U134"
2018-12-09 07:00:00,1.94,-10.5811111111111,-0.1435,89.3,1.2,"U134"
2018-12-09 08:00:00,1.91277777777778,-9.885,-0.1435,90.7,1.2,"U134"
2018-12-09 09:00:00,1.91277777777778,-8.69722222222222,-0.1428,90.8,1.2,"U134"
2018-12-09 10:00:00,1.88611111111111,-6.35722222222222,-0.1421,92.8,31.2,"U134"
2018-12-09 11:00:00,1.88611111111111,-3.24222222222222,-0.1413,94.3,141.2,"U134"
2018-12-09 12:00:00,1.85888888888889,-1.1,-0.1428,93.1,233.7,"U134"
2018-12-09 13:00:00,1.85888888888889,0.272777777777778,-0.1421,87.8,256.2,"U134"
2018-12-09 14:00:00,1.85888888888889,-0.62,-0.1406,83.2,133.7,"U134"
2018-12-09 15:00:00,1.85888888888889,-0.478888888888888,-0.1413,80.3,231.2,"U134"
2018-12-09 16:00:00,1.85888888888889,-1.35611111111111,-0.1413,80.3,103.7,"U134"
2018-12-09 17:00:00,1.85888888888889,-2.8,-0.1428,86,11.2,"U134"
2018-12-09 18:00:00,1.85888888888889,-4.83388888888889,-0.1428,89.5,1.2,"U134"
2018-12-09 19:00:00,1.85888888888889,-6.105,-0.1435,92,1.2,"U134"
2018-12-09 20:00:00,1.85888888888889,-6.83388888888889,-0.1435,93,1.2,"U134"
2018-12-09 21:00:00,1.85888888888889,-7.09,-0.1442,94.6,1.2,"U134"
2018-12-09 22:00:00,1.85888888888889,-7.70611111111111,-0.1442,94.7,1.2,"U134"
2018-12-09 23:00:00,1.85888888888889,-8.73,-0.1442,93.3,1.2,"U134"
2018-12-10 00:00:00,1.85888888888889,-9.235,-0.1442,93,1.2,"U134"
2018-12-10 01:00:00,1.85888888888889,-9.64388888888889,-0.1435,92.6,1.2,"U134"
2018-12-10 02:00:00,1.83222222222222,-10.0922222222222,-0.1435,91.8,1.2,"U134"
2018-12-10 03:00:00,1.83222222222222,-10.6161111111111,-0.1442,91.2,1.2,"U134"
2018-12-10 04:00:00,1.805,-10.4061111111111,-0.1442,91.5,1.2,"U134"
2018-12-10 05:00:00,1.77777777777778,-10.4411111111111,-0.1442,91.4,1.2,"U134"
2018-12-10 06:00:00,1.77777777777778,-10.9688888888889,-0.1435,90.4,1.2,"U134"
2018-12-10 07:00:00,1.77777777777778,-10.8272222222222,-0.1435,90.3,1.2,"U134"
2018-12-10 08:00:00,1.75111111111111,-11.3261111111111,-0.1435,89.8,1.2,"U134"
2018-12-10 09:00:00,1.75111111111111,-11.1111111111111,-0.1435,89.6,1.2,"U134"
2018-12-10 10:00:00,1.72388888888889,-8.49722222222222,-0.1428,91.5,46.2,"U134"
2018-12-10 11:00:00,1.72388888888889,-4.22722222222222,-0.1421,94.2,161.2,"U134"
2018-12-10 12:00:00,1.69722222222222,-1.64111111111111,-0.1421,93.9,273.7,"U134"
2018-12-10 13:00:00,1.69722222222222,0.272777777777778,-0.1421,89.5,288.7,"U134"
2018-12-10 14:00:00,1.69722222222222,-0.394999999999999,-0.1413,84.3,161.2,"U134"
2018-12-10 15:00:00,1.69722222222222,-0.31111111111111,-0.1421,83.6,236.2,"U134"
2018-12-10 16:00:00,1.69722222222222,-1.41277777777778,-0.1421,86.8,101.2,"U134"
2018-12-10 17:00:00,1.69722222222222,-2.27611111111111,-0.1428,90.3,16.2,"U134"
2018-12-10 18:00:00,1.69722222222222,-3.65722222222222,-0.1428,93.1,1.2,"U134"
2018-12-10 19:00:00,1.69722222222222,-4.62111111111111,-0.1428,95.2,1.2,"U134"
2018-12-10 20:00:00,1.69722222222222,-5.26388888888889,-0.1428,96.4,1.2,"U134"
2018-12-10 21:00:00,1.69722222222222,-5.41777777777778,-0.1428,96.8,1.2,"U134"
2018-12-10 22:00:00,1.69722222222222,-4.92611111111111,-0.1428,97.4,1.2,"U134"
2018-12-10 23:00:00,1.69722222222222,-5.35722222222222,-0.1428,97.4,1.2,"U134"
2018-12-11 00:00:00,1.69722222222222,-5.35722222222222,-0.1428,97.6,1.2,"U134"
2018-12-11 01:00:00,1.69722222222222,-5.35722222222222,-0.1428,97.6,1.2,"U134"
2018-12-11 02:00:00,1.69722222222222,-5.69777777777778,-0.1428,97.6,1.2,"U134"
2018-12-11 03:00:00,1.69722222222222,-6.105,-0.1435,97.5,1.2,"U134"
2018-12-11 04:00:00,1.69722222222222,-6.515,-0.1435,97.4,1.2,"U134"
2018-12-11 05:00:00,1.69722222222222,-6.35722222222222,-0.1435,97.3,1.2,"U134"
2018-12-11 06:00:00,1.69722222222222,-6.48277777777778,-0.1435,97.3,1.2,"U134"
2018-12-11 07:00:00,1.69722222222222,-6.83388888888889,-0.1435,97.1,1.2,"U134"
2018-12-11 08:00:00,1.67,-7.05777777777778,-0.1435,97,1.2,"U134"
2018-12-11 09:00:00,1.67,-6.83388888888889,-0.1435,96.8,1.2,"U134"
2018-12-11 10:00:00,1.67,-4.56,-0.1428,97.1,43.7,"U134"
2018-12-11 11:00:00,1.67,-1.9,-0.1421,97.4,128.7,"U134"
2018-12-11 12:00:00,1.67,-0.116111111111111,-0.1421,96,226.2,"U134"
2018-12-11 13:00:00,1.67,1.58777777777778,-0.1413,93.1,258.7,"U134"
2018-12-11 14:00:00,1.67,1.31722222222222,-0.1406,89.5,173.7,"U134"
2018-12-11 15:00:00,1.67,1.53388888888889,-0.1413,86.6,213.7,"U134"
2018-12-11 16:00:00,1.67,0.438888888888888,-0.1413,87.4,98.7,"U134"
2018-12-11 17:00:00,1.67,-0.732222222222223,-0.1421,91.2,18.7,"U134"
2018-12-11 18:00:00,1.67,-1.87111111111111,-0.1428,93.9,1.2,"U134"
2018-12-11 19:00:00,1.67,-2.625,-0.1428,95.3,1.2,"U134"
2018-12-11 20:00:00,1.67,-2.56611111111111,-0.1428,96.5,1.2,"U134"
2018-12-11 21:00:00,1.69722222222222,-2.625,-0.1421,96.9,1.2,"U134"
2018-12-11 22:00:00,1.69722222222222,-2.47888888888889,-0.1421,97.3,1.2,"U134"
2018-12-11 23:00:00,1.69722222222222,-2.015,-0.1421,97.8,1.2,"U134"
2018-12-12 00:00:00,1.72388888888889,-1.69888888888889,-0.1421,97.7,1.2,"U134"
2018-12-12 01:00:00,1.72388888888889,-1.44111111111111,-0.1421,97.3,1.2,"U134"
2018-12-12 02:00:00,1.72388888888889,-1.24222222222222,-0.1421,97.2,1.2,"U134"
2018-12-12 03:00:00,1.72388888888889,-0.902222222222222,-0.1421,97.1,1.2,"U134"
2018-12-12 04:00:00,1.72388888888889,-0.535000000000001,-0.1421,96.5,1.2,"U134"
2018-12-12 05:00:00,1.72388888888889,-0.367222222222223,-0.1421,96.1,1.2,"U134"
2018-12-12 06:00:00,1.75111111111111,-0.00388888888888969,-0.1421,96,1.2,"U134"
2018-12-12 07:00:00,1.75111111111111,-0.227222222222222,-0.1421,95.7,1.2,"U134"
2018-12-12 08:00:00,1.75111111111111,0.880000000000002,-0.1421,96.2,1.2,"U134"
2018-12-12 09:00:00,1.75111111111111,0.825,-0.1421,95.6,1.2,"U134"
2018-12-12 10:00:00,1.75111111111111,1.56111111111111,-0.1413,96.3,31.2,"U134"
2018-12-12 11:00:00,1.75111111111111,2.55722222222222,-0.1413,94.1,98.7,"U134"
2018-12-12 12:00:00,1.77777777777778,3.61722222222222,-0.1413,90.3,93.7,"U134"
2018-12-12 13:00:00,1.77777777777778,5.975,-0.1413,80.5,313.7,"U134"
2018-12-12 14:00:00,1.77777777777778,3.74888888888889,-0.1406,74.4,103.7,"U134"
2018-12-12 15:00:00,1.77777777777778,2.85,-0.1413,76.7,213.7,"U134"
2018-12-12 16:00:00,1.77777777777778,1.67,-0.1421,78.7,21.2,"U134"
2018-12-12 17:00:00,1.77777777777778,0.412222222222221,-0.1428,84,6.2,"U134"
2018-12-12 18:00:00,1.77777777777778,-0.394999999999999,-0.1428,85.6,1.2,"U134"
2018-12-12 19:00:00,1.77777777777778,-0.227222222222222,-0.1428,86.5,1.2,"U134"
2018-12-12 20:00:00,1.77777777777778,-0.282777777777778,-0.1428,87.6,1.2,"U134"
2018-12-12 21:00:00,1.77777777777778,-0.67611111111111,-0.1428,89.1,1.2,"U134"
2018-12-12 22:00:00,1.77777777777778,-0.93,-0.1428,90.7,1.2,"U134"
2018-12-12 23:00:00,1.77777777777778,-1.72722222222222,-0.1428,92.2,1.2,"U134"
2018-12-13 00:00:00,1.77777777777778,-2.27611111111111,-0.1428,93.9,1.2,"U134"
2018-12-13 01:00:00,1.77777777777778,-2.97611111111111,-0.1428,95.1,1.2,"U134"
2018-12-13 02:00:00,1.77777777777778,-3.56777777777778,-0.1428,96.1,1.2,"U134"
2018-12-13 03:00:00,1.77777777777778,-4.10611111111111,-0.1428,96.5,1.2,"U134"
2018-12-13 04:00:00,1.805,-4.68222222222222,-0.1428,96.8,1.2,"U134"
2018-12-13 05:00:00,1.805,-5.11,-0.1428,96.5,1.2,"U134"
2018-12-13 06:00:00,1.805,-5.32611111111111,-0.1435,96.9,1.2,"U134"
2018-12-13 07:00:00,1.805,-5.41777777777778,-0.1435,96.7,1.2,"U134"
2018-12-13 08:00:00,1.805,-5.69777777777778,-0.1435,96.3,1.2,"U134"
2018-12-13 09:00:00,1.805,-5.26388888888889,-0.1428,96,1.2,"U134"
2018-12-13 10:00:00,1.805,-3.035,-0.1413,96.8,43.7,"U134"
2018-12-13 11:00:00,1.805,0.412222222222221,-0.1421,97.2,36.2,"U134"
2018-12-13 12:00:00,1.805,2.66388888888889,-0.1406,90,206.2,"U134"
2018-12-13 13:00:00,1.805,4.99888888888889,-0.1406,83.9,248.7,"U134"
2018-12-13 14:00:00,1.805,3.985,-0.1406,81.9,153.7,"U134"
2018-12-13 15:00:00,1.805,5.64222222222222,-0.1406,86.1,161.2,"U134"
2018-12-13 16:00:00,1.805,4.74,-0.1406,86.7,18.7,"U134"
2018-12-13 17:00:00,1.805,3.90611111111111,-0.1406,88.8,3.7,"U134"
2018-12-13 18:00:00,1.805,3.67,-0.1406,91.8,1.2,"U134"
2018-12-13 19:00:00,1.83222222222222,3.03611111111111,-0.1406,95.1,1.2,"U134"
2018-12-13 20:00:00,1.83222222222222,2.74388888888889,-0.1304,97.8,1.2,"U134"
2018-12-13 21:00:00,1.85888888888889,3.14222222222222,-0.1217,99.4,1.2,"U134"
2018-12-13 22:00:00,1.85888888888889,3.40611111111111,-0.1239,100,1.2,"U134"
2018-12-13 23:00:00,1.88611111111111,3.32722222222222,-0.1217,100,1.2,"U134"
2018-12-14 00:00:00,1.91277777777778,3.14222222222222,-0.1217,100,1.2,"U134"
2018-12-14 01:00:00,1.91277777777778,3.22111111111111,-0.1239,100,1.2,"U134"
2018-12-14 02:00:00,1.94,3.22111111111111,-0.1246,100,1.2,"U134"
2018-12-14 03:00:00,1.96722222222222,3.11611111111111,-0.1217,100,1.2,"U134"
2018-12-14 04:00:00,1.96722222222222,3.00888888888889,-0.1217,100,1.2,"U134"
2018-12-14 05:00:00,1.99388888888889,2.90277777777778,-0.1232,100,1.2,"U134"
2018-12-14 06:00:00,2.02111111111111,2.85,-0.1254,100,1.2,"U134"
2018-12-14 07:00:00,2.04722222222222,3.195,-0.1268,100,1.2,"U134"
2018-12-14 08:00:00,2.07388888888889,3.08888888888889,-0.1261,100,1.2,"U134"
2018-12-14 09:00:00,2.07388888888889,3.40611111111111,-0.1275,100,1.2,"U134"
2018-12-14 10:00:00,2.10111111111111,3.775,-0.129,100,1.2,"U134"
2018-12-14 11:00:00,2.12777777777778,4.53222222222222,-0.1304,100,11.2,"U134"
2018-12-14 12:00:00,2.155,4.27222222222222,-0.1312,100,8.7,"U134"
2018-12-14 13:00:00,2.18222222222222,5.02388888888889,-0.1319,100,13.7,"U134"
2018-12-14 14:00:00,2.23611111111111,5.51388888888889,-0.1341,100,13.7,"U134"
2018-12-14 15:00:00,2.26222222222222,5.66777777777778,-0.1377,100,13.7,"U134"
2018-12-14 16:00:00,2.31611111111111,4.50611111111111,-0.1384,100,6.2,"U134"
2018-12-14 17:00:00,2.37,4.19388888888889,-0.1392,100,1.2,"U134"
2018-12-14 18:00:00,2.42277777777778,3.775,-0.1392,100,1.2,"U134"
2018-12-14 19:00:00,2.45,1.56111111111111,-0.1392,100,1.2,"U134"
2018-12-14 20:00:00,2.50277777777778,3.11611111111111,-0.1392,100,1.2,"U134"
2018-12-14 21:00:00,2.53,2.90277777777778,-0.1392,100,1.2,"U134"
2018-12-14 22:00:00,2.55722222222222,2.18222222222222,-0.1392,100,1.2,"U134"
2018-12-14 23:00:00,2.55722222222222,1.18,-0.1399,100,1.2,"U134"
2018-12-15 00:00:00,2.58388888888889,0.328888888888888,-0.1399,100,1.2,"U134"
2018-12-15 01:00:00,2.61,0.301111111111112,-0.1392,100,1.2,"U134"
2018-12-15 02:00:00,2.61,-0.142777777777779,-0.1392,100,1.2,"U134"
2018-12-15 03:00:00,2.61,-0.116111111111111,-0.1377,100,1.2,"U134"
2018-12-15 04:00:00,2.61,-0.0600000000000003,-0.1363,100,1.2,"U134"
2018-12-15 05:00:00,2.61,-0.98611111111111,-0.1392,100,1.2,"U134"
2018-12-15 06:00:00,2.61,-1.29888888888889,-0.1392,100,1.2,"U134"
2018-12-15 07:00:00,2.61,-1.1,-0.1392,100,1.2,"U134"
2018-12-15 08:00:00,2.61,-1.27,-0.1399,100,1.2,"U134"
2018-12-15 09:00:00,2.58388888888889,-0.0322222222222221,-0.1355,100,1.2,"U134"
2018-12-15 10:00:00,2.58388888888889,0.660000000000001,-0.1377,100,28.7,"U134"
2018-12-15 11:00:00,2.58388888888889,2.18222222222222,-0.1392,100,133.7,"U134"
2018-12-15 12:00:00,2.58388888888889,4.03722222222222,-0.1392,100,253.7,"U134"
2018-12-15 13:00:00,2.61,5.87222222222222,-0.1392,100,298.7,"U134"
2018-12-15 14:00:00,2.61,5.565,-0.1392,96.4,143.7,"U134"
2018-12-15 15:00:00,2.66388888888889,6.10222222222222,-0.1392,85.1,298.7,"U134"
2018-12-15 16:00:00,2.71722222222222,4.97277777777778,-0.1399,83.4,108.7,"U134"
2018-12-15 17:00:00,2.77,3.61722222222222,-0.1406,85.5,8.7,"U134"
2018-12-15 18:00:00,2.82277777777778,2.37,-0.1413,89.5,1.2,"U134"
2018-12-15 19:00:00,2.85,0.880000000000002,-0.1421,93.5,1.2,"U134"
2018-12-15 20:00:00,2.87722222222222,-0.282777777777778,-0.1413,96.8,1.2,"U134"
2018-12-15 21:00:00,2.87722222222222,0.107222222222221,-0.1413,98.7,1.2,"U134"
2018-12-15 22:00:00,2.87722222222222,-1.04277777777778,-0.1421,99.3,1.2,"U134"
2018-12-15 23:00:00,2.87722222222222,-0.591111111111111,-0.1421,99.8,1.2,"U134"
2018-12-16 00:00:00,2.87722222222222,-1.44111111111111,-0.1421,99.9,1.2,"U134"
2018-12-16 01:00:00,2.87722222222222,-1.72722222222222,-0.1413,100,1.2,"U134"
2018-12-16 02:00:00,2.85,-1.84222222222222,-0.1399,99.9,1.2,"U134"
2018-12-16 03:00:00,2.85,-2.13111111111111,-0.1413,99.9,1.2,"U134"
2018-12-16 04:00:00,2.82277777777778,-2.47888888888889,-0.1413,99.6,1.2,"U134"
2018-12-16 05:00:00,2.82277777777778,-2.77111111111111,-0.1406,99.3,1.2,"U134"
2018-12-16 06:00:00,2.82277777777778,-2.59611111111111,-0.1406,99.6,1.2,"U134"
2018-12-16 07:00:00,2.79722222222222,-3.33,-0.1406,98.9,1.2,"U134"
2018-12-16 08:00:00,2.79722222222222,-2.85888888888889,-0.1406,98.8,1.2,"U134"
2018-12-16 09:00:00,2.77,-2.13111111111111,-0.1399,99,1.2,"U134"
2018-12-16 10:00:00,2.74388888888889,-1.785,-0.1399,99.4,31.2,"U134"
2018-12-16 11:00:00,2.74388888888889,0.135000000000001,-0.1341,100,153.7,"U134"
2018-12-16 12:00:00,2.71722222222222,1.99388888888889,-0.1399,100,266.2,"U134"
2018-12-16 13:00:00,2.71722222222222,4.92111111111111,-0.1399,99.5,273.7,"U134"
2018-12-16 14:00:00,2.69,4.94722222222222,-0.1392,91.3,98.7,"U134"
2018-12-16 15:00:00,2.69,5.23111111111111,-0.1399,87.6,281.2,"U134"
2018-12-16 16:00:00,2.71722222222222,4.37611111111111,-0.1406,89.3,81.2,"U134"
2018-12-16 17:00:00,2.74388888888889,2.50277777777778,-0.1413,93,11.2,"U134"
2018-12-16 18:00:00,2.79722222222222,0.880000000000002,-0.1421,96.4,1.2,"U134"
2018-12-16 19:00:00,2.85,0.0238888888888885,-0.1421,98.2,1.2,"U134"
2018-12-16 20:00:00,2.87722222222222,-0.394999999999999,-0.1413,99,1.2,"U134"
2018-12-16 21:00:00,2.87722222222222,-0.845000000000001,-0.1421,99.4,1.2,"U134"
2018-12-16 22:00:00,2.87722222222222,-1.1,-0.1428,99.7,1.2,"U134"
2018-12-16 23:00:00,2.87722222222222,-1.49777777777778,-0.1428,99.9,1.2,"U134"
2018-12-17 00:00:00,2.87722222222222,-1.75611111111111,-0.1428,100,1.2,"U134"
2018-12-17 01:00:00,2.87722222222222,-2.16,-0.1428,100,1.2,"U134"
2018-12-17 02:00:00,2.87722222222222,-2.24722222222222,-0.1428,100,1.2,"U134"
2018-12-17 03:00:00,2.87722222222222,-2.27611111111111,-0.1428,100,1.2,"U134"
2018-12-17 04:00:00,2.85,-2.47888888888889,-0.1428,99.8,1.2,"U134"
2018-12-17 05:00:00,2.85,-2.59611111111111,-0.1428,99.4,1.2,"U134"
2018-12-17 06:00:00,2.82277777777778,-2.015,-0.1428,99.3,1.2,"U134"
2018-12-17 07:00:00,2.82277777777778,-1.9,-0.1428,99.1,1.2,"U134"
2018-12-17 08:00:00,2.82277777777778,-2.36277777777778,-0.1428,99.1,1.2,"U134"
2018-12-17 09:00:00,2.79722222222222,-2.45,-0.1435,98.8,3.7,"U134"
2018-12-17 10:00:00,2.77,-1.185,-0.1428,98.9,33.7,"U134"
2018-12-17 11:00:00,2.77,-0.0877777777777785,-0.1421,95.5,171.2,"U134"
2018-12-17 12:00:00,2.74388888888889,1.26222222222222,-0.1413,89.1,273.7,"U134"
2018-12-17 13:00:00,2.74388888888889,3.59111111111111,-0.1406,82.6,273.7,"U134"
2018-12-17 14:00:00,2.74388888888889,2.79722222222222,-0.1406,78.3,136.2,"U134"
2018-12-17 15:00:00,2.71722222222222,3.11611111111111,-0.1406,74.9,328.7,"U134"
2018-12-17 16:00:00,2.74388888888889,2.07388888888889,-0.1406,79.2,108.7,"U134"
2018-12-17 17:00:00,2.74388888888889,0.522222222222221,-0.1421,85.4,8.7,"U134"
2018-12-17 18:00:00,2.77,-0.67611111111111,-0.1421,89.8,1.2,"U134"
2018-12-17 19:00:00,2.77,-1.41277777777778,-0.1428,93.1,1.2,"U134"
2018-12-17 20:00:00,2.77,-2.015,-0.1435,94.8,1.2,"U134"
2018-12-17 21:00:00,2.77,-2.50777777777778,-0.1428,95.6,1.2,"U134"
2018-12-17 22:00:00,2.77,-2.74222222222222,-0.1435,96.7,1.2,"U134"
2018-12-17 23:00:00,2.77,-3.00611111111111,-0.1435,98,1.2,"U134"
2018-12-18 00:00:00,2.77,-3.30111111111111,-0.1435,98.9,1.2,"U134"
2018-12-18 01:00:00,2.77,-3.62722222222222,-0.1435,99,1.2,"U134"
2018-12-18 02:00:00,2.77,-3.95611111111111,-0.1435,98.8,1.2,"U134"
2018-12-18 03:00:00,2.74388888888889,-4.37777777777778,-0.1435,98.4,1.2,"U134"
2018-12-18 04:00:00,2.74388888888889,-4.65111111111111,-0.1442,97.6,1.2,"U134"
2018-12-18 05:00:00,2.71722222222222,-4.71222222222222,-0.1435,97.5,1.2,"U134"
2018-12-18 06:00:00,2.69,-4.95722222222222,-0.1435,97.9,1.2,"U134"
2018-12-18 07:00:00,2.66388888888889,-5.295,-0.1442,97.8,1.2,"U134"
2018-12-18 08:00:00,2.63722222222222,-5.20222222222222,-0.1435,97.9,1.2,"U134"
2018-12-18 09:00:00,2.61,-4.83388888888889,-0.1435,97,1.2,"U134"
2018-12-18 10:00:00,2.58388888888889,-2.625,-0.1428,98.1,31.2,"U134"
2018-12-18 11:00:00,2.55722222222222,-0.142777777777779,-0.1413,98.8,126.2,"U134"
2018-12-18 12:00:00,2.55722222222222,1.56111111111111,-0.1406,96.1,261.2,"U134"
2018-12-18 13:00:00,2.53,3.85388888888889,-0.1406,87.7,256.2,"U134"
2018-12-18 14:00:00,2.50277777777778,3.38,-0.1399,83.1,151.2,"U134"
2018-12-18 15:00:00,2.50277777777778,3.53777777777778,-0.1406,81.2,318.7,"U134"
2018-12-18 16:00:00,2.47722222222222,2.82277777777778,-0.1406,82.4,113.7,"U134"
2018-12-18 17:00:00,2.47722222222222,1.34388888888889,-0.1413,85.4,11.2,"U134"
2018-12-18 18:00:00,2.50277777777778,0.0238888888888885,-0.1421,89.7,1.2,"U134"
2018-12-18 19:00:00,2.50277777777778,-0.507222222222222,-0.1421,93.6,1.2,"U134"
2018-12-18 20:00:00,2.53,-0.227222222222222,-0.1421,96,1.2,"U134"
2018-12-18 21:00:00,2.53,-0.171111111111111,-0.1413,96.5,1.2,"U134"
2018-12-18 22:00:00,2.53,-0.732222222222223,-0.1421,96.5,1.2,"U134"
2018-12-18 23:00:00,2.55722222222222,-1.15722222222222,-0.1428,97.3,1.2,"U134"
2018-12-19 00:00:00,2.55722222222222,-1.35611111111111,-0.1428,97.7,1.2,"U134"
2018-12-19 01:00:00,2.55722222222222,-1.27,-0.1428,97.9,1.2,"U134"
2018-12-19 02:00:00,2.55722222222222,-1.75611111111111,-0.1428,97.4,1.2,"U134"
2018-12-19 03:00:00,2.55722222222222,-2.27611111111111,-0.1428,97.8,1.2,"U134"
2018-12-19 04:00:00,2.55722222222222,-2.47888888888889,-0.1428,98.1,1.2,"U134"
2018-12-19 05:00:00,2.55722222222222,-1.24222222222222,-0.1421,98.7,1.2,"U134"
2018-12-19 06:00:00,2.55722222222222,-0.198888888888889,-0.1421,98.1,1.2,"U134"
2018-12-19 07:00:00,2.55722222222222,-0.171111111111111,-0.1428,96.1,1.2,"U134"
2018-12-19 08:00:00,2.55722222222222,0.135000000000001,-0.1421,96.1,1.2,"U134"
2018-12-19 09:00:00,2.55722222222222,0.467222222222223,-0.1421,95.4,1.2,"U134"
2018-12-19 10:00:00,2.55722222222222,1.77777777777778,-0.1413,94.5,23.7,"U134"
2018-12-19 11:00:00,2.58388888888889,3.985,-0.1406,89.4,66.2,"U134"
2018-12-19 12:00:00,2.58388888888889,6.35722222222222,-0.1392,84.8,166.2,"U134"
2018-12-19 13:00:00,2.61,8.07,-0.1392,80,266.2,"U134"
2018-12-19 14:00:00,2.63722222222222,7.49388888888889,-0.1392,78.7,173.7,"U134"
2018-12-19 15:00:00,2.69,8.59277777777778,-0.1392,78.6,316.2,"U134"
2018-12-19 16:00:00,2.77,7.14222222222222,-0.1392,81.3,101.2,"U134"
2018-12-19 17:00:00,2.87722222222222,6.33111111111111,-0.1399,87.8,21.2,"U134"
2018-12-19 18:00:00,2.95611111111111,4.29777777777778,-0.1406,92.2,1.2,"U134"
2018-12-19 19:00:00,3.03611111111111,4.55777777777778,-0.1399,96.5,1.2,"U134"
2018-12-19 20:00:00,3.11611111111111,4.71388888888889,-0.1399,96.8,1.2,"U134"
2018-12-19 21:00:00,3.16777777777778,4.16777777777778,-0.1406,95.9,1.2,"U134"
2018-12-19 22:00:00,3.195,3.61722222222222,-0.1406,96.7,1.2,"U134"
2018-12-19 23:00:00,3.24777777777778,3.08888888888889,-0.1406,97.2,1.2,"U134"
2018-12-20 00:00:00,3.27388888888889,4.71388888888889,-0.1399,97.9,1.2,"U134"
2018-12-20 01:00:00,3.30111111111111,5.05,-0.1399,96.8,1.2,"U134"
2018-12-20 02:00:00,3.35388888888889,5.07611111111111,-0.1406,96.2,1.2,"U134"
2018-12-20 03:00:00,3.38,4.66222222222222,-0.1406,96.4,1.2,"U134"
2018-12-20 04:00:00,3.40611111111111,4.58388888888889,-0.1406,97.2,1.2,"U134"
2018-12-20 05:00:00,3.45888888888889,4.58388888888889,-0.1399,97.6,1.2,"U134"
2018-12-20 06:00:00,3.485,4.29777777777778,-0.1406,98,1.2,"U134"
2018-12-20 07:00:00,3.51222222222222,4.71388888888889,-0.1399,98.4,1.2,"U134"
2018-12-20 08:00:00,3.53777777777778,4.55777777777778,-0.1399,98.4,1.2,"U134"
2018-12-20 09:00:00,3.59111111111111,5.12777777777778,-0.1377,99.3,1.2,"U134"
2018-12-20 10:00:00,3.61722222222222,5.61611111111111,-0.1392,99.9,1.2,"U134"
2018-12-20 11:00:00,3.64277777777778,6.33111111111111,-0.1399,100,3.7,"U134"
2018-12-20 12:00:00,3.67,7.24222222222222,-0.1399,100,11.2,"U134"
2018-12-20 13:00:00,3.72222222222222,7.26777777777778,-0.1392,99.9,8.7,"U134"
2018-12-20 14:00:00,3.775,7.845,-0.1392,99.8,11.2,"U134"
2018-12-20 15:00:00,3.82722222222222,7.97,-0.1392,99.3,8.7,"U134"
2018-12-20 16:00:00,3.88,7.61888888888889,-0.1392,99.3,6.2,"U134"
2018-12-20 17:00:00,3.95777777777778,6.91388888888889,-0.1377,99.7,1.2,"U134"
2018-12-20 18:00:00,4.01111111111111,6.43277777777778,-0.1246,100,1.2,"U134"
2018-12-20 19:00:00,4.06277777777778,5.92388888888889,-0.1275,100,1.2,"U134"
2018-12-20 20:00:00,4.115,4.92111111111111,-0.121,100,1.2,"U134"
2018-12-20 21:00:00,4.16777777777778,3.90611111111111,-0.1196,100,1.2,"U134"
2018-12-20 22:00:00,4.19388888888889,3.59111111111111,-0.1261,100,1.2,"U134"
2018-12-20 23:00:00,4.22,3.32722222222222,-0.129,100,1.2,"U134"
2018-12-21 00:00:00,4.22,3.195,-0.129,100,1.2,"U134"
2018-12-21 01:00:00,4.22,3.11611111111111,-0.121,100,1.2,"U134"
2018-12-21 02:00:00,4.24611111111111,3.06277777777778,-0.1275,100,1.2,"U134"
2018-12-21 03:00:00,4.22,3.00888888888889,-0.1217,100,1.2,"U134"
2018-12-21 04:00:00,4.22,2.71722222222222,-0.1225,100,1.2,"U134"
2018-12-21 05:00:00,4.22,2.10111111111111,-0.1246,100,1.2,"U134"
2018-12-21 06:00:00,4.22,0.933888888888887,-0.1268,100,1.2,"U134"
2018-12-21 07:00:00,4.19388888888889,0.660000000000001,-0.1268,100,1.2,"U134"
2018-12-21 08:00:00,4.19388888888889,0.38388888888889,-0.1312,100,1.2,"U134"
2018-12-21 09:00:00,4.16777777777778,0.467222222222223,-0.1341,100,1.2,"U134"
2018-12-21 10:00:00,4.115,0.494999999999999,-0.1355,100,1.2,"U134"
2018-12-21 11:00:00,4.08888888888889,0.38388888888889,-0.1399,100,3.7,"U134"
2018-12-21 12:00:00,4.06277777777778,0.494999999999999,-0.1406,100,6.2,"U134"
2018-12-21 13:00:00,4.03722222222222,0.412222222222221,-0.1406,100,6.2,"U134"
2018-12-21 14:00:00,3.985,0.189999999999999,-0.1406,100,8.7,"U134"
2018-12-21 15:00:00,3.95777777777778,-0.0877777777777785,-0.1406,100,6.2,"U134"
2018-12-21 16:00:00,3.93222222222222,-0.0322222222222221,-0.1406,100,3.7,"U134"
2018-12-21 17:00:00,3.90611111111111,-0.142777777777779,-0.1413,100,1.2,"U134"
2018-12-21 18:00:00,3.88,-0.31111111111111,-0.1413,100,1.2,"U134"
2018-12-21 19:00:00,3.82722222222222,-0.367222222222223,-0.1421,100,1.2,"U134"
2018-12-21 20:00:00,3.80111111111111,-0.367222222222223,-0.1421,100,1.2,"U134"
2018-12-21 21:00:00,3.775,-0.338888888888889,-0.1421,100,1.2,"U134"
2018-12-21 22:00:00,3.74888888888889,-0.562777777777779,-0.1428,99.8,1.2,"U134"
2018-12-21 23:00:00,3.72222222222222,-0.562777777777779,-0.1428,98.7,1.2,"U134"
2018-12-22 00:00:00,3.69611111111111,-0.647777777777778,-0.1428,98.3,1.2,"U134"
2018-12-22 01:00:00,3.69611111111111,-0.93,-0.1428,97.3,1.2,"U134"
2018-12-22 02:00:00,3.67,-0.872777777777779,-0.1435,96.8,1.2,"U134"
2018-12-22 03:00:00,3.64277777777778,-0.93,-0.1435,97.1,1.2,"U134"
2018-12-22 04:00:00,3.61722222222222,-0.902222222222222,-0.1435,96.8,1.2,"U134"
2018-12-22 05:00:00,3.59111111111111,-0.957777777777778,-0.1435,96.9,1.2,"U134"
2018-12-22 06:00:00,3.56388888888889,-1.04277777777778,-0.1435,96.7,1.2,"U134"
2018-12-22 07:00:00,3.53777777777778,-0.957777777777778,-0.1428,96.9,1.2,"U134"
2018-12-22 08:00:00,3.51222222222222,-0.93,-0.1435,97,1.2,"U134"
2018-12-22 09:00:00,3.485,-1.015,-0.1435,97.3,1.2,"U134"
2018-12-22 10:00:00,3.485,-0.93,-0.1428,96.5,1.2,"U134"
2018-12-22 11:00:00,3.45888888888889,-0.507222222222222,-0.1428,95.1,11.2,"U134"
2018-12-22 12:00:00,3.43277777777778,0.217777777777779,-0.1428,93.4,18.7,"U134"
2018-12-22 13:00:00,3.43277777777778,1.12611111111111,-0.1421,91.6,66.2,"U134"
2018-12-22 14:00:00,3.40611111111111,1.425,-0.1413,89.3,78.7,"U134"
2018-12-22 15:00:00,3.40611111111111,1.37111111111111,-0.1413,89.8,121.2,"U134"
2018-12-22 16:00:00,3.40611111111111,0.852222222222222,-0.1413,89.7,91.2,"U134"
2018-12-22 17:00:00,3.38,-0.562777777777779,-0.1413,92.1,16.2,"U134"
2018-12-22 18:00:00,3.40611111111111,0.272777777777778,-0.1413,94.7,1.2,"U134"
2018-12-22 19:00:00,3.40611111111111,0.412222222222221,-0.1413,95.9,1.2,"U134"
2018-12-22 20:00:00,3.40611111111111,0.35611111111111,-0.1413,95.6,1.2,"U134"
2018-12-22 21:00:00,3.40611111111111,0.438888888888888,-0.1413,96.4,1.2,"U134"
2018-12-22 22:00:00,3.40611111111111,0.494999999999999,-0.1413,96,1.2,"U134"
2018-12-22 23:00:00,3.38,0.38388888888889,-0.1413,97,1.2,"U134"
2018-12-23 00:00:00,3.38,0.189999999999999,-0.1421,96.3,1.2,"U134"
2018-12-23 01:00:00,3.38,-0.0322222222222221,-0.1413,97.7,1.2,"U134"
2018-12-23 02:00:00,3.38,-0.227222222222222,-0.1421,97.5,1.2,"U134"
2018-12-23 03:00:00,3.38,-0.142777777777779,-0.1421,96.9,1.2,"U134"
2018-12-23 04:00:00,3.35388888888889,-0.31111111111111,-0.1421,97,1.2,"U134"
2018-12-23 05:00:00,3.35388888888889,-0.394999999999999,-0.1421,96.6,1.2,"U134"
2018-12-23 06:00:00,3.35388888888889,-0.282777777777778,-0.1428,96.5,1.2,"U134"
2018-12-23 07:00:00,3.35388888888889,-0.198888888888889,-0.1428,96.3,1.2,"U134"
2018-12-23 08:00:00,3.32722222222222,-0.255,-0.1428,96.2,1.2,"U134"
2018-12-23 09:00:00,3.32722222222222,-0.394999999999999,-0.1428,96.5,1.2,"U134"
2018-12-23 10:00:00,3.30111111111111,0.272777777777778,-0.1421,96.1,6.2,"U134"
2018-12-23 11:00:00,3.30111111111111,0.687222222222223,-0.1421,94.9,8.7,"U134"
2018-12-23 12:00:00,3.30111111111111,1.96722222222222,-0.1413,94.1,38.7,"U134"
2018-12-23 13:00:00,3.30111111111111,2.79722222222222,-0.1413,89.6,78.7,"U134"
2018-12-23 14:00:00,3.30111111111111,2.47722222222222,-0.1406,87.5,128.7,"U134"
2018-12-23 15:00:00,3.30111111111111,2.155,-0.1413,85.7,198.7,"U134"
2018-12-23 16:00:00,3.32722222222222,1.58777777777778,-0.1413,84.2,86.2,"U134"
2018-12-23 17:00:00,3.32722222222222,1.50722222222222,-0.1413,81.1,16.2,"U134"
2018-12-23 18:00:00,3.35388888888889,0.825,-0.1421,83.3,1.2,"U134"
2018-12-23 19:00:00,3.35388888888889,1.12611111111111,-0.1413,85.9,1.2,"U134"
2018-12-23 20:00:00,3.35388888888889,1.12611111111111,-0.1413,85.4,1.2,"U134"
2018-12-23 21:00:00,3.35388888888889,0.852222222222222,-0.1413,85.3,1.2,"U134"
2018-12-23 22:00:00,3.35388888888889,0.107222222222221,-0.1421,85.2,1.2,"U134"
2018-12-23 23:00:00,3.35388888888889,-0.478888888888888,-0.1421,82.2,1.2,"U134"
2018-12-24 00:00:00,3.32722222222222,-1.24222222222222,-0.1428,81.3,1.2,"U134"
2018-12-24 01:00:00,3.32722222222222,-2.305,-0.1435,81.8,1.2,"U134"
2018-12-24 02:00:00,3.30111111111111,-3.035,-0.1435,85,1.2,"U134"
2018-12-24 03:00:00,3.27388888888889,-3.62722222222222,-0.1435,85.7,1.2,"U134"
2018-12-24 04:00:00,3.24777777777778,-3.89611111111111,-0.1435,86.1,1.2,"U134"
2018-12-24 05:00:00,3.22111111111111,-4.31777777777778,-0.1435,86,1.2,"U134"
2018-12-24 06:00:00,3.195,-4.68222222222222,-0.1435,86.6,1.2,"U134"
2018-12-24 07:00:00,3.16777777777778,-5.35722222222222,-0.1435,88.5,1.2,"U134"
2018-12-24 08:00:00,3.11611111111111,-5.97888888888889,-0.1442,90.9,1.2,"U134"
2018-12-24 09:00:00,3.08888888888889,-5.82277777777778,-0.1435,92.6,1.2,"U134"
2018-12-24 10:00:00,3.06277777777778,-4.19722222222222,-0.1435,93.2,18.7,"U134"
2018-12-24 11:00:00,3.00888888888889,-2.27611111111111,-0.1428,88.6,151.2,"U134"
2018-12-24 12:00:00,2.98277777777778,-0.817222222222222,-0.1428,81.5,258.7,"U134"
2018-12-24 13:00:00,2.93,0.98888888888889,-0.1421,77.4,258.7,"U134"
2018-12-24 14:00:00,2.90277777777778,-0.0322222222222221,-0.1421,74.3,156.2,"U134"
2018-12-24 15:00:00,2.87722222222222,1.39777777777778,-0.1421,72.6,208.7,"U134"
2018-12-24 16:00:00,2.85,0.0238888888888885,-0.1428,74.1,118.7,"U134"
2018-12-24 17:00:00,2.85,-0.872777777777779,-0.1428,82,18.7,"U134"
2018-12-24 18:00:00,2.82277777777778,-2.50777777777778,-0.1442,89.2,1.2,"U134"
2018-12-24 19:00:00,2.82277777777778,-3.62722222222222,-0.1435,92.2,1.2,"U134"
2018-12-24 20:00:00,2.79722222222222,-3.86611111111111,-0.1435,94.2,1.2,"U134"
2018-12-24 21:00:00,2.79722222222222,-3.92611111111111,-0.1435,95.9,1.2,"U134"
2018-12-24 22:00:00,2.79722222222222,-3.89611111111111,-0.1435,96.8,1.2,"U134"
2018-12-24 23:00:00,2.77,-3.80722222222222,-0.1435,97.2,1.2,"U134"
2018-12-25 00:00:00,2.77,-3.33,-0.1435,97.3,1.2,"U134"
2018-12-25 01:00:00,2.74388888888889,-3.00611111111111,-0.1428,96.5,1.2,"U134"
2018-12-25 02:00:00,2.71722222222222,-2.10222222222222,-0.1428,95.1,1.2,"U134"
2018-12-25 03:00:00,2.71722222222222,-1.58388888888889,-0.1428,93.3,1.2,"U134"
2018-12-25 04:00:00,2.69,-1.185,-0.1428,91.8,1.2,"U134"
2018-12-25 05:00:00,2.69,-1.35611111111111,-0.1428,91.6,1.2,"U134"
2018-12-25 06:00:00,2.66388888888889,-0.93,-0.1428,93,1.2,"U134"
2018-12-25 07:00:00,2.66388888888889,-0.591111111111111,-0.1428,96,1.2,"U134"
2018-12-25 08:00:00,2.63722222222222,-0.338888888888889,-0.1421,97.5,1.2,"U134"
2018-12-25 09:00:00,2.63722222222222,-0.394999999999999,-0.1428,98,1.2,"U134"
2018-12-25 10:00:00,2.63722222222222,0.35611111111111,-0.1428,98.4,6.2,"U134"
2018-12-25 11:00:00,2.63722222222222,0.98888888888889,-0.1421,98.1,33.7,"U134"
2018-12-25 12:00:00,2.63722222222222,3.22111111111111,-0.1406,96.7,58.7,"U134"
2018-12-25 13:00:00,2.63722222222222,4.99888888888889,-0.1406,92.5,56.2,"U134"
2018-12-25 14:00:00,2.66388888888889,6.30611111111111,-0.1406,85.5,63.7,"U134"
2018-12-25 15:00:00,2.66388888888889,6.86388888888889,-0.1399,82.1,138.7,"U134"
2018-12-25 16:00:00,2.71722222222222,5.565,-0.1406,80.3,96.2,"U134"
2018-12-25 17:00:00,2.77,2.82277777777778,-0.1413,85.8,23.7,"U134"
2018-12-25 18:00:00,2.82277777777778,0.328888888888888,-0.1421,91.2,1.2,"U134"
2018-12-25 19:00:00,2.87722222222222,-0.845000000000001,-0.1428,95.1,1.2,"U134"
2018-12-25 20:00:00,2.90277777777778,-1.32722222222222,-0.1435,96.5,1.2,"U134"
2018-12-25 21:00:00,2.90277777777778,-1.98611111111111,-0.1435,97.3,1.2,"U134"
2018-12-25 22:00:00,2.93,-2.07277777777778,-0.1435,97.5,1.2,"U134"
2018-12-25 23:00:00,2.90277777777778,-2.45,-0.1428,98.7,1.2,"U134"
2018-12-26 00:00:00,2.90277777777778,-2.59611111111111,-0.1428,99,1.2,"U134"
2018-12-26 01:00:00,2.90277777777778,-2.85888888888889,-0.1428,98.8,1.2,"U134"
2018-12-26 02:00:00,2.87722222222222,-2.91777777777778,-0.1435,97.7,1.2,"U134"
2018-12-26 03:00:00,2.87722222222222,-3.15277777777778,-0.1435,97.7,1.2,"U134"
2018-12-26 04:00:00,2.85,-3.41888888888889,-0.1435,98,1.2,"U134"
2018-12-26 05:00:00,2.85,-3.65722222222222,-0.1435,97.7,1.2,"U134"
2018-12-26 06:00:00,2.82277777777778,-4.01611111111111,-0.1435,98.1,1.2,"U134"
2018-12-26 07:00:00,2.79722222222222,-4.16722222222222,-0.1435,98.3,1.2,"U134"
2018-12-26 08:00:00,2.77,-4.37777777777778,-0.1435,97.8,1.2,"U134"
2018-12-26 09:00:00,2.77,-4.07611111111111,-0.1435,97.8,1.2,"U134"
2018-12-26 10:00:00,2.74388888888889,-2.97611111111111,-0.1428,97.2,16.2,"U134"
2018-12-26 11:00:00,2.71722222222222,0.328888888888888,-0.1421,98.4,68.7,"U134"
2018-12-26 12:00:00,2.69,3.16777777777778,-0.1399,99.8,218.7,"U134"
2018-12-26 13:00:00,2.66388888888889,6.63611111111111,-0.1399,94.9,208.7,"U134"
2018-12-26 14:00:00,2.66388888888889,6.40777777777778,-0.1399,82.5,128.7,"U134"
2018-12-26 15:00:00,2.66388888888889,7.41888888888889,-0.1399,76.5,166.2,"U134"
2018-12-26 16:00:00,2.69,6.71222222222222,-0.1406,73.2,68.7,"U134"
2018-12-26 17:00:00,2.71722222222222,5.385,-0.1406,74.1,21.2,"U134"
2018-12-26 18:00:00,2.77,3.53777777777778,-0.1413,78.1,1.2,"U134"
2018-12-26 19:00:00,2.82277777777778,3.80111111111111,-0.1413,82.8,1.2,"U134"
2018-12-26 20:00:00,2.87722222222222,3.775,-0.1413,84,1.2,"U134"
2018-12-26 21:00:00,2.93,4.06277777777778,-0.1413,83.3,1.2,"U134"
2018-12-26 22:00:00,2.98277777777778,4.19388888888889,-0.1413,78.7,1.2,"U134"
2018-12-26 23:00:00,3.00888888888889,4.19388888888889,-0.1413,77.1,1.2,"U134"
2018-12-27 00:00:00,3.06277777777778,4.29777777777778,-0.1413,77.4,1.2,"U134"
2018-12-27 01:00:00,3.08888888888889,4.22,-0.1413,78.6,1.2,"U134"
2018-12-27 02:00:00,3.11611111111111,4.115,-0.1413,79.2,1.2,"U134"
2018-12-27 03:00:00,3.16777777777778,4.19388888888889,-0.1413,78.9,1.2,"U134"
2018-12-27 04:00:00,3.195,3.80111111111111,-0.1413,83.4,1.2,"U134"
2018-12-27 05:00:00,3.22111111111111,2.98277777777778,-0.129,88,1.2,"U134"
2018-12-27 06:00:00,3.24777777777778,3.08888888888889,-0.1413,94.3,1.2,"U134"
2018-12-27 07:00:00,3.27388888888889,3.38,-0.1413,91.8,1.2,"U134"
2018-12-27 08:00:00,3.30111111111111,3.59111111111111,-0.1421,90,1.2,"U134"
2018-12-27 09:00:00,3.32722222222222,3.38,-0.1334,91.8,1.2,"U134"
2018-12-27 10:00:00,3.35388888888889,3.775,-0.1203,97.5,1.2,"U134"
2018-12-27 11:00:00,3.38,4.84388888888889,-0.1188,99.2,1.2,"U134"
2018-12-27 12:00:00,3.40611111111111,5.15388888888889,-0.1166,99.9,1.2,"U134"
2018-12-27 13:00:00,3.45888888888889,6.05111111111111,-0.1203,100,3.7,"U134"
2018-12-27 14:00:00,3.51222222222222,6.83888888888889,-0.1312,100,3.7,"U134"
2018-12-27 15:00:00,3.59111111111111,7.61888888888889,-0.137,100,1.2,"U134"
2018-12-27 16:00:00,3.64277777777778,7.92,-0.1377,100,1.2,"U134"
2018-12-27 17:00:00,3.72222222222222,8.51888888888889,-0.1384,100,1.2,"U134"
2018-12-27 18:00:00,3.775,8.81722222222222,-0.1377,100,1.2,"U134"
2018-12-27 19:00:00,3.85388888888889,8.91611111111111,-0.1181,100,1.2,"U134"
2018-12-27 20:00:00,3.95777777777778,8.89111111111111,-0.1188,100,1.2,"U134"
2018-12-27 21:00:00,4.06277777777778,9.70611111111111,-0.129,100,1.2,"U134"
2018-12-27 22:00:00,4.14111111111111,10.1977777777778,-0.1341,100,1.2,"U134"
2018-12-27 23:00:00,4.24611111111111,10.1977777777778,-0.1363,100,1.2,"U134"
2018-12-28 00:00:00,4.32388888888889,10.1,-0.137,100,1.2,"U134"
2018-12-28 01:00:00,4.42777777777778,10.075,-0.1377,100,1.2,"U134"
2018-12-28 02:00:00,4.50611111111111,10.1488888888889,-0.1377,100,1.2,"U134"
2018-12-28 03:00:00,4.61,10.1488888888889,-0.1246,100,1.2,"U134"
2018-12-28 04:00:00,4.68777777777778,8.41888888888889,-0.1268,100,1.2,"U134"
2018-12-28 05:00:00,4.76611111111111,7.29277777777778,-0.1312,100,1.2,"U134"
2018-12-28 06:00:00,4.86888888888889,4.86888888888889,-0.1384,100,1.2,"U134"
2018-12-28 07:00:00,4.92111111111111,4.79222222222222,-0.1392,100,1.2,"U134"
2018-12-28 08:00:00,4.94722222222222,3.32722222222222,-0.1399,100,1.2,"U134"
2018-12-28 09:00:00,4.97277777777778,1.64277777777778,-0.1406,100,1.2,"U134"
2018-12-28 10:00:00,4.94722222222222,0.962222222222222,-0.1406,100,1.2,"U134"
2018-12-28 11:00:00,4.92111111111111,0.715,-0.1406,100,8.7,"U134"
2018-12-28 12:00:00,4.895,1.01722222222222,-0.1413,100,18.7,"U134"
2018-12-28 13:00:00,4.81777777777778,0.687222222222223,-0.1413,100,18.7,"U134"
2018-12-28 14:00:00,4.76611111111111,0.715,-0.1413,100,16.2,"U134"
2018-12-28 15:00:00,4.68777777777778,0.217777777777779,-0.1413,100,16.2,"U134"
2018-12-28 16:00:00,4.63611111111111,-0.171111111111111,-0.1413,100,6.2,"U134"
2018-12-28 17:00:00,4.58388888888889,-0.227222222222222,-0.1421,100,1.2,"U134"
2018-12-28 18:00:00,4.50611111111111,-0.478888888888888,-0.1421,100,1.2,"U134"
2018-12-28 19:00:00,4.45388888888889,-0.62,-0.1428,100,1.2,"U134"
2018-12-28 20:00:00,4.40222222222222,-0.67611111111111,-0.1428,100,1.2,"U134"
2018-12-28 21:00:00,4.32388888888889,-0.78888888888889,-0.1428,100,1.2,"U134"
2018-12-28 22:00:00,4.27222222222222,-0.78888888888889,-0.1428,100,1.2,"U134"
2018-12-28 23:00:00,4.22,-0.845000000000001,-0.1428,100,1.2,"U134"
2018-12-29 00:00:00,4.16777777777778,-0.67611111111111,-0.1421,100,1.2,"U134"
2018-12-29 01:00:00,4.115,-0.845000000000001,-0.1421,100,1.2,"U134"
2018-12-29 02:00:00,4.08888888888889,-0.957777777777778,-0.1421,99.7,1.2,"U134"
2018-12-29 03:00:00,4.03722222222222,-0.817222222222222,-0.1428,99.5,1.2,"U134"
2018-12-29 04:00:00,3.985,-0.647777777777778,-0.1421,99.7,1.2,"U134"
2018-12-29 05:00:00,3.95777777777778,-0.562777777777779,-0.1421,99.8,1.2,"U134"
2018-12-29 06:00:00,3.93222222222222,-0.845000000000001,-0.1421,100,1.2,"U134"
2018-12-29 07:00:00,3.88,-0.817222222222222,-0.1421,100,1.2,"U134"
2018-12-29 08:00:00,3.85388888888889,-0.62,-0.1421,100,1.2,"U134"
2018-12-29 09:00:00,3.82722222222222,-0.845000000000001,-0.1428,100,1.2,"U134"
2018-12-29 10:00:00,3.80111111111111,-0.591111111111111,-0.1428,100,3.7,"U134"
2018-12-29 11:00:00,3.775,-0.647777777777778,-0.1428,100,13.7,"U134"
2018-12-29 12:00:00,3.74888888888889,-0.0600000000000003,-0.1428,100,26.2,"U134"
2018-12-29 13:00:00,3.72222222222222,-0.0877777777777785,-0.1421,100,28.7,"U134"
2018-12-29 14:00:00,3.72222222222222,0.107222222222221,-0.1421,100,21.2,"U134"
2018-12-29 15:00:00,3.69611111111111,-0.0322222222222221,-0.1428,100,16.2,"U134"
2018-12-29 16:00:00,3.67,-0.142777777777779,-0.1428,100,18.7,"U134"
2018-12-29 17:00:00,3.67,-0.759999999999999,-0.1428,99.6,8.7,"U134"
2018-12-29 18:00:00,3.64277777777778,-1.27,-0.1428,98.8,1.2,"U134"
2018-12-29 19:00:00,3.61722222222222,-1.12777777777778,-0.1435,99,1.2,"U134"
2018-12-29 20:00:00,3.61722222222222,-1.015,-0.1435,99.5,1.2,"U134"
2018-12-29 21:00:00,3.59111111111111,-1.185,-0.1435,99.7,1.2,"U134"
2018-12-29 22:00:00,3.56388888888889,-1.35611111111111,-0.1435,99.6,1.2,"U134"
2018-12-29 23:00:00,3.53777777777778,-1.49777777777778,-0.1435,99.6,1.2,"U134"
2018-12-30 00:00:00,3.51222222222222,-1.92888888888889,-0.1442,98.6,1.2,"U134"
2018-12-30 01:00:00,3.51222222222222,-1.87111111111111,-0.1442,98.8,1.2,"U134"
2018-12-30 02:00:00,3.485,-1.95777777777778,-0.145,98.8,1.2,"U134"
2018-12-30 03:00:00,3.45888888888889,-2.36277777777778,-0.145,97.6,1.2,"U134"
2018-12-30 04:00:00,3.43277777777778,-2.42111111111111,-0.145,96.7,1.2,"U134"
2018-12-30 05:00:00,3.40611111111111,-2.18888888888889,-0.145,97.5,1.2,"U134"
2018-12-30 06:00:00,3.35388888888889,-3.00611111111111,-0.145,96.1,1.2,"U134"
2018-12-30 07:00:00,3.32722222222222,-3.77722222222222,-0.1457,95.4,1.2,"U134"
2018-12-30 08:00:00,3.30111111111111,-4.28722222222222,-0.1457,93.2,1.2,"U134"
2018-12-30 09:00:00,3.27388888888889,-4.40777777777778,-0.1457,92.2,3.7,"U134"
2018-12-30 10:00:00,3.24777777777778,-3.80722222222222,-0.1442,93.3,26.2,"U134"
2018-12-30 11:00:00,3.22111111111111,-2.42111111111111,-0.1435,93.5,158.7,"U134"
2018-12-30 12:00:00,3.195,-2.07277777777778,-0.1435,92.7,351.2,"U134"
2018-12-30 13:00:00,3.14222222222222,-0.591111111111111,-0.1421,91.9,351.2,"U134"
2018-12-30 14:00:00,3.11611111111111,-0.732222222222223,-0.1428,90.6,221.2,"U134"
2018-12-30 15:00:00,3.08888888888889,-0.171111111111111,-0.1421,91.3,363.7,"U134"
2018-12-30 16:00:00,3.06277777777778,-0.338888888888889,-0.1421,92.7,161.2,"U134"
2018-12-30 17:00:00,3.03611111111111,-0.535000000000001,-0.1428,92.6,23.7,"U134"
2018-12-30 18:00:00,3.03611111111111,-1.07111111111111,-0.1435,93.5,3.7,"U134"
2018-12-30 19:00:00,3.00888888888889,-1.185,-0.1435,94.2,1.2,"U134"
2018-12-30 20:00:00,3.00888888888889,-1.015,-0.1428,95.4,1.2,"U134"
2018-12-30 21:00:00,2.98277777777778,-1.44111111111111,-0.1435,96.3,1.2,"U134"
2018-12-30 22:00:00,2.98277777777778,-1.44111111111111,-0.1435,97.3,1.2,"U134"
2018-12-30 23:00:00,2.98277777777778,-1.35611111111111,-0.1428,97.3,1.2,"U134"
2018-12-31 00:00:00,2.98277777777778,-1.12777777777778,-0.1428,97.2,1.2,"U134"
2018-12-31 01:00:00,2.95611111111111,-0.957777777777778,-0.1428,97.7,1.2,"U134"
2018-12-31 02:00:00,2.95611111111111,-1.12777777777778,-0.1435,97.9,1.2,"U134"
2018-12-31 03:00:00,2.95611111111111,-0.591111111111111,-0.1428,97.9,1.2,"U134"
2018-12-31 04:00:00,2.93,0.0238888888888885,-0.1428,98.9,1.2,"U134"
2018-12-31 05:00:00,2.93,0.162777777777777,-0.1421,98.9,1.2,"U134"
2018-12-31 06:00:00,2.93,0.217777777777779,-0.1428,99.1,1.2,"U134"
2018-12-31 07:00:00,2.93,0.217777777777779,-0.1406,99.5,1.2,"U134"
2018-12-31 08:00:00,2.93,0.38388888888889,-0.1326,99.7,1.2,"U134"
2018-12-31 09:00:00,2.90277777777778,0.301111111111112,-0.1239,100,1.2,"U134"
2018-12-31 10:00:00,2.90277777777778,0.577222222222223,-0.1217,100,1.2,"U134"
2018-12-31 11:00:00,2.90277777777778,0.962222222222222,-0.1203,100,1.2,"U134"
2018-12-31 12:00:00,2.87722222222222,1.15277777777778,-0.121,100,3.7,"U134"
2018-12-31 13:00:00,2.79722222222222,1.53388888888889,-0.1196,100,1.2,"U134"
2018-12-31 14:00:00,2.71722222222222,2.34277777777778,-0.1174,100,3.7,"U134"
2018-12-31 15:00:00,2.66388888888889,3.16777777777778,-0.1246,100,8.7,"U134"
2018-12-31 16:00:00,2.66388888888889,3.56388888888889,-0.1254,100,3.7,"U134"
2018-12-31 17:00:00,2.66388888888889,3.38,-0.1304,100,3.7,"U134"
2018-12-31 18:00:00,2.69,3.24777777777778,-0.1196,100,1.2,"U134"
2018-12-31 19:00:00,2.66388888888889,3.14222222222222,-0.121,100,1.2,"U134"
2018-12-31 20:00:00,2.71722222222222,2.77,-0.1246,100,1.2,"U134"
2018-12-31 21:00:00,2.79722222222222,2.10111111111111,-0.1217,100,1.2,"U134"
2018-12-31 22:00:00,2.85,1.58777777777778,-0.1254,100,1.2,"U134"
2018-12-31 23:00:00,2.90277777777778,1.37111111111111,-0.1254,100,1.2,"U134"
