"Plot_Name","Date_Time","Soil_Moisture","Relative_Humidity","PAR","Soil_Temp","Air_Temp"
"U134",2018-01-01 00:00:00,0.1485,70.7,1.2,0.687222222222223,-19.0116666666667
"U134",2018-01-01 01:00:00,0.147,68.5,1.2,0.687222222222223,-19.5138888888889
"U134",2018-01-01 02:00:00,0.1463,66.6,1.2,0.687222222222223,-20.2138888888889
"U134",2018-01-01 03:00:00,0.1456,66.9,1.2,0.660000000000001,-20.8338888888889
"U134",2018-01-01 04:00:00,0.1448,67.6,1.2,0.660000000000001,-21.37
"U134",2018-01-01 05:00:00,0.1434,68,1.2,0.660000000000001,-21.7655555555556
"U134",2018-01-01 06:00:00,0.1426,69.3,1.2,0.632222222222221,-22.6766666666667
"U134",2018-01-01 07:00:00,0.1412,71.9,1.2,0.632222222222221,-23.5138888888889
"U134",2018-01-01 08:00:00,0.1405,72.9,1.2,0.604999999999999,-23.7266666666667
"U134",2018-01-01 09:00:00,0.1397,73,6.2,0.604999999999999,-23.9955555555556
"U134",2018-01-01 10:00:00,0.139,72.3,58.7,0.604999999999999,-22.7805555555556
"U134",2018-01-01 11:00:00,0.1383,68.8,131.2,0.577222222222223,-21.3205555555556
"U134",2018-01-01 12:00:00,0.1376,64.7,211.2,0.577222222222223,-20.12
"U134",2018-01-01 13:00:00,0.1376,62.7,223.7,0.577222222222223,-18.4288888888889
"U134",2018-01-01 14:00:00,0.1376,61.7,246.2,0.550000000000001,-18.3838888888889
"U134",2018-01-01 15:00:00,0.1376,61.8,183.7,0.550000000000001,-17.6388888888889
"U134",2018-01-01 16:00:00,0.1368,62.7,98.7,0.550000000000001,-17.8566666666667
"U134",2018-01-01 17:00:00,0.1368,65.5,41.2,0.522222222222221,-18.6066666666667
"U134",2018-01-01 18:00:00,0.1368,68.9,11.2,0.522222222222221,-19.7916666666667
"U134",2018-01-01 19:00:00,0.1361,72.5,1.2,0.522222222222221,-20.7855555555556
"U134",2018-01-01 20:00:00,0.1354,74.3,1.2,0.522222222222221,-20.9788888888889
"U134",2018-01-01 21:00:00,0.1347,74.9,1.2,0.522222222222221,-21.7155555555556
"U134",2018-01-01 22:00:00,0.1347,75.5,1.2,0.494999999999999,-22.1166666666667
"U134",2018-01-01 23:00:00,0.1339,76.6,1.2,0.494999999999999,-22.37
"U134",2018-01-02 00:00:00,0.1332,77,1.2,0.494999999999999,-22.6255555555556
"U134",2018-01-02 01:00:00,0.1332,77.5,1.2,0.467222222222223,-22.4716666666667
"U134",2018-01-02 02:00:00,0.1325,77.7,1.2,0.467222222222223,-22.6766666666667
"U134",2018-01-02 03:00:00,0.1325,78.4,1.2,0.467222222222223,-23.0927777777778
"U134",2018-01-02 04:00:00,0.1318,79,1.2,0.438888888888888,-23.25
"U134",2018-01-02 05:00:00,0.131,79.2,1.2,0.438888888888888,-23.3027777777778
"U134",2018-01-02 06:00:00,0.1303,79.6,1.2,0.438888888888888,-23.6205555555556
"U134",2018-01-02 07:00:00,0.1303,79.9,1.2,0.412222222222221,-23.6738888888889
"U134",2018-01-02 08:00:00,0.1296,79.7,1.2,0.412222222222221,-24.0505555555556
"U134",2018-01-02 09:00:00,0.1296,80.1,6.2,0.412222222222221,-23.7266666666667
"U134",2018-01-02 10:00:00,0.1288,79.1,61.2,0.38388888888889,-22.8838888888889
"U134",2018-01-02 11:00:00,0.1288,74.5,116.2,0.38388888888889,-21.0755555555556
"U134",2018-01-02 12:00:00,0.1288,67.7,211.2,0.38388888888889,-19.1027777777778
"U134",2018-01-02 13:00:00,0.1288,65,203.7,0.35611111111111,-16.325
"U134",2018-01-02 14:00:00,0.1288,63.9,251.2,0.35611111111111,-15.1038888888889
"U134",2018-01-02 15:00:00,0.1288,63.5,186.2,0.35611111111111,-15.1038888888889
"U134",2018-01-02 16:00:00,0.1296,64,96.2,0.35611111111111,-15.465
"U134",2018-01-02 17:00:00,0.1288,64.6,43.7,0.35611111111111,-16.1188888888889
"U134",2018-01-02 18:00:00,0.1288,67.5,11.2,0.328888888888888,-17.1672222222222
"U134",2018-01-02 19:00:00,0.1288,70.3,1.2,0.328888888888888,-17.51
"U134",2018-01-02 20:00:00,0.1288,74.3,1.2,0.328888888888888,-17.5961111111111
"U134",2018-01-02 21:00:00,0.1288,74.6,1.2,0.328888888888888,-17.5961111111111
"U134",2018-01-02 22:00:00,0.1288,74.7,1.2,0.328888888888888,-16.7011111111111
"U134",2018-01-02 23:00:00,0.1288,75.1,1.2,0.328888888888888,-16.0772222222222
"U134",2018-01-03 00:00:00,0.1281,75.5,1.2,0.301111111111112,-15.5061111111111
"U134",2018-01-03 01:00:00,0.1288,74.5,1.2,0.301111111111112,-14.5877777777778
"U134",2018-01-03 02:00:00,0.1281,73.2,1.2,0.301111111111112,-13.3138888888889
"U134",2018-01-03 03:00:00,0.1288,71.6,1.2,0.301111111111112,-12.3061111111111
"U134",2018-01-03 04:00:00,0.1288,70.4,1.2,0.301111111111112,-11.6488888888889
"U134",2018-01-03 05:00:00,0.1288,72.3,1.2,0.272777777777778,-11.505
"U134",2018-01-03 06:00:00,0.1288,76.7,1.2,0.272777777777778,-11.075
"U134",2018-01-03 07:00:00,0.1288,80.1,1.2,0.272777777777778,-11.0038888888889
"U134",2018-01-03 08:00:00,0.1296,83.9,1.2,0.272777777777778,-10.8977777777778
"U134",2018-01-03 09:00:00,0.1288,85.8,1.2,0.272777777777778,-10.0922222222222
"U134",2018-01-03 10:00:00,0.1296,86.4,33.7,0.272777777777778,-9.54111111111111
"U134",2018-01-03 11:00:00,0.1296,86.1,88.7,0.272777777777778,-8.86388888888889
"U134",2018-01-03 12:00:00,0.1303,81.3,138.7,0.301111111111112,-8.26388888888889
"U134",2018-01-03 13:00:00,0.131,76.9,193.7,0.301111111111112,-8.06611111111111
"U134",2018-01-03 14:00:00,0.131,71.9,256.2,0.301111111111112,-7.60722222222222
"U134",2018-01-03 15:00:00,0.1318,69.4,166.2,0.301111111111112,-9.405
"U134",2018-01-03 16:00:00,0.1318,67.9,83.7,0.301111111111112,-10.1611111111111
"U134",2018-01-03 17:00:00,0.1318,67.2,46.2,0.301111111111112,-10.615
"U134",2018-01-03 18:00:00,0.1318,69.3,13.7,0.301111111111112,-11.2888888888889
"U134",2018-01-03 19:00:00,0.131,71.7,1.2,0.301111111111112,-12.2322222222222
"U134",2018-01-03 20:00:00,0.131,72.5,1.2,0.301111111111112,-12.4527777777778
"U134",2018-01-03 21:00:00,0.131,69,1.2,0.301111111111112,-12.5638888888889
"U134",2018-01-03 22:00:00,0.131,70.3,1.2,0.301111111111112,-13.3138888888889
"U134",2018-01-03 23:00:00,0.1303,72.1,1.2,0.301111111111112,-14.3527777777778
"U134",2018-01-04 00:00:00,0.1303,73.8,1.2,0.301111111111112,-15.3038888888889
"U134",2018-01-04 01:00:00,0.1303,74.7,1.2,0.272777777777778,-16.0772222222222
"U134",2018-01-04 02:00:00,0.1303,76.2,1.2,0.272777777777778,-16.8272222222222
"U134",2018-01-04 03:00:00,0.1296,76.3,1.2,0.272777777777778,-17.1238888888889
"U134",2018-01-04 04:00:00,0.1288,76.2,1.2,0.272777777777778,-17.5961111111111
"U134",2018-01-04 05:00:00,0.1288,76.9,1.2,0.24611111111111,-17.9877777777778
"U134",2018-01-04 06:00:00,0.1281,77.7,1.2,0.24611111111111,-18.6955555555556
"U134",2018-01-04 07:00:00,0.1281,79.5,1.2,0.24611111111111,-19.285
"U134",2018-01-04 08:00:00,0.1281,80.3,1.2,0.217777777777779,-19.7455555555556
"U134",2018-01-04 09:00:00,0.1274,81.5,6.2,0.217777777777779,-19.7916666666667
"U134",2018-01-04 10:00:00,0.1274,79.2,61.2,0.189999999999999,-17.295
"U134",2018-01-04 11:00:00,0.1274,69.9,108.7,0.189999999999999,-15.0638888888889
"U134",2018-01-04 12:00:00,0.1274,64,221.2,0.189999999999999,-13.6572222222222
"U134",2018-01-04 13:00:00,0.1274,60.6,206.2,0.162777777777777,-11.83
"U134",2018-01-04 14:00:00,0.1274,56.8,236.2,0.162777777777777,-11.83
"U134",2018-01-04 15:00:00,0.1281,57.3,183.7,0.162777777777777,-11.5772222222222
"U134",2018-01-04 16:00:00,0.1274,58.4,98.7,0.162777777777777,-12.1222222222222
"U134",2018-01-04 17:00:00,0.1281,61.1,46.2,0.162777777777777,-13.05
"U134",2018-01-04 18:00:00,0.1281,64.1,13.7,0.162777777777777,-14.275
"U134",2018-01-04 19:00:00,0.1274,68.4,1.2,0.162777777777777,-15.5061111111111
"U134",2018-01-04 20:00:00,0.1274,71.7,1.2,0.135000000000001,-17.1672222222222
"U134",2018-01-04 21:00:00,0.1274,75.3,1.2,0.135000000000001,-17.51
"U134",2018-01-04 22:00:00,0.1267,77.6,1.2,0.135000000000001,-20.1666666666667
"U134",2018-01-04 23:00:00,0.1267,80.5,1.2,0.135000000000001,-21.2227777777778
"U134",2018-01-05 00:00:00,0.1267,81.7,1.2,0.107222222222221,-21.9655555555556
"U134",2018-01-05 01:00:00,0.1259,82.1,1.2,0.107222222222221,-22.37
"U134",2018-01-05 02:00:00,0.1259,82.6,1.2,0.107222222222221,-22.0655555555556
"U134",2018-01-05 03:00:00,0.1252,83.5,1.2,0.0788888888888906,-21.865
"U134",2018-01-05 04:00:00,0.1252,83.4,1.2,0.0788888888888906,-23.0927777777778
"U134",2018-01-05 05:00:00,0.1245,84.3,1.2,0.0788888888888906,-22.8838888888889
"U134",2018-01-05 06:00:00,0.1245,84.4,1.2,0.0511111111111104,-22.4205555555556
"U134",2018-01-05 07:00:00,0.1238,84.7,1.2,0.0511111111111104,-22.1666666666667
"U134",2018-01-05 08:00:00,0.1238,83.7,1.2,0.0238888888888885,-23.5666666666667
"U134",2018-01-05 09:00:00,0.123,84,3.7,0.0238888888888885,-21.2227777777778
"U134",2018-01-05 10:00:00,0.123,82.5,58.7,0.0238888888888885,-18.6955555555556
"U134",2018-01-05 11:00:00,0.123,76.1,108.7,-0.00388888888888969,-15.425
"U134",2018-01-05 12:00:00,0.123,67.1,218.7,-0.00388888888888969,-13.5038888888889
"U134",2018-01-05 13:00:00,0.123,62.1,216.2,-0.00388888888888969,-12.825
"U134",2018-01-05 14:00:00,0.1238,59.7,238.7,-0.0311111111111116,-12.6011111111111
"U134",2018-01-05 15:00:00,0.1238,57.5,181.2,-0.0311111111111116,-12.4527777777778
"U134",2018-01-05 16:00:00,0.1238,57.6,98.7,-0.0311111111111116,-12.6761111111111
"U134",2018-01-05 17:00:00,0.1238,59,46.2,-0.0311111111111116,-13.5038888888889
"U134",2018-01-05 18:00:00,0.1238,63.8,11.2,-0.0311111111111116,-14.825
"U134",2018-01-05 19:00:00,0.1238,68.1,1.2,-0.0311111111111116,-16.5338888888889
"U134",2018-01-05 20:00:00,0.1238,73.9,1.2,-0.0588888888888898,-18.9666666666667
"U134",2018-01-05 21:00:00,0.123,77.9,1.2,-0.0588888888888898,-19.8388888888889
"U134",2018-01-05 22:00:00,0.123,79.7,1.2,-0.0588888888888898,-20.8338888888889
"U134",2018-01-05 23:00:00,0.1223,81.1,1.2,-0.0588888888888898,-21.3205555555556
"U134",2018-01-06 00:00:00,0.1223,81.7,1.2,-0.0588888888888898,-22.4205555555556
"U134",2018-01-06 01:00:00,0.1223,82.3,1.2,-0.0872222222222222,-22.3188888888889
"U134",2018-01-06 02:00:00,0.1216,83,1.2,-0.0872222222222222,-21.9655555555556
"U134",2018-01-06 03:00:00,0.1216,83.4,1.2,-0.115,-22.4205555555556
"U134",2018-01-06 04:00:00,0.1216,83.9,1.2,-0.115,-21.865
"U134",2018-01-06 05:00:00,0.1209,83.7,1.2,-0.115,-22.9355555555556
"U134",2018-01-06 06:00:00,0.1209,83.8,1.2,-0.142777777777779,-22.8316666666667
"U134",2018-01-06 07:00:00,0.1209,83.9,1.2,-0.142777777777779,-22.5744444444444
"U134",2018-01-06 08:00:00,0.1201,83.5,1.2,-0.142777777777779,-22.7805555555556
"U134",2018-01-06 09:00:00,0.1201,83.2,3.7,-0.171111111111111,-23.4077777777778
"U134",2018-01-06 10:00:00,0.1201,82.7,58.7,-0.198888888888889,-18.9666666666667
"U134",2018-01-06 11:00:00,0.1201,77.2,106.2,-0.198888888888889,-14.5877777777778
"U134",2018-01-06 12:00:00,0.1201,65.2,206.2,-0.198888888888889,-12.6388888888889
"U134",2018-01-06 13:00:00,0.1201,58.2,221.2,-0.227222222222222,-11.04
"U134",2018-01-06 14:00:00,0.1209,53.5,261.2,-0.227222222222222,-11.075
"U134",2018-01-06 15:00:00,0.1209,51.9,186.2,-0.227222222222222,-10.335
"U134",2018-01-06 16:00:00,0.1209,50.7,96.2,-0.227222222222222,-9.95277777777778
"U134",2018-01-06 17:00:00,0.1209,49.7,46.2,-0.227222222222222,-10.44
"U134",2018-01-06 18:00:00,0.1209,54.3,13.7,-0.227222222222222,-11.9761111111111
"U134",2018-01-06 19:00:00,0.1209,63.1,1.2,-0.227222222222222,-14.08
"U134",2018-01-06 20:00:00,0.1209,70.4,1.2,-0.227222222222222,-15.6677777777778
"U134",2018-01-06 21:00:00,0.1209,73.2,1.2,-0.227222222222222,-15.0238888888889
"U134",2018-01-06 22:00:00,0.1209,72,1.2,-0.227222222222222,-14.0027777777778
"U134",2018-01-06 23:00:00,0.1209,72.3,1.2,-0.227222222222222,-15.1038888888889
"U134",2018-01-07 00:00:00,0.1209,70.2,1.2,-0.255,-15.1038888888889
"U134",2018-01-07 01:00:00,0.1209,67.4,1.2,-0.255,-14.275
"U134",2018-01-07 02:00:00,0.1209,66.1,1.2,-0.255,-13.125
"U134",2018-01-07 03:00:00,0.1209,64.7,1.2,-0.255,-12.3427777777778
"U134",2018-01-07 04:00:00,0.1209,64.7,1.2,-0.282777777777778,-11.3972222222222
"U134",2018-01-07 05:00:00,0.1209,63,1.2,-0.282777777777778,-10.58
"U134",2018-01-07 06:00:00,0.1209,66.9,1.2,-0.282777777777778,-10.6511111111111
"U134",2018-01-07 07:00:00,0.1216,76.5,1.2,-0.282777777777778,-9.54111111111111
"U134",2018-01-07 08:00:00,0.1216,70.9,1.2,-0.282777777777778,-8.86388888888889
"U134",2018-01-07 09:00:00,0.1216,67.5,3.7,-0.255,-8.33
"U134",2018-01-07 10:00:00,0.1216,67,26.2,-0.255,-7.54222222222222
"U134",2018-01-07 11:00:00,0.1223,66.1,78.7,-0.255,-6.325
"U134",2018-01-07 12:00:00,0.1223,66.7,76.2,-0.255,-5.51111111111111
"U134",2018-01-07 13:00:00,0.123,70.3,96.2,-0.227222222222222,-4.43777777777778
"U134",2018-01-07 14:00:00,0.123,68.9,113.7,-0.227222222222222,-3.56722222222222
"U134",2018-01-07 15:00:00,0.1238,77.8,53.7,-0.198888888888889,-4.01611111111111
"U134",2018-01-07 16:00:00,0.1245,84.5,41.2,-0.198888888888889,-3.36
"U134",2018-01-07 17:00:00,0.1245,84.1,26.2,-0.171111111111111,-2.74111111111111
"U134",2018-01-07 18:00:00,0.1252,86.4,6.2,-0.171111111111111,-2.10111111111111
"U134",2018-01-07 19:00:00,0.1252,87.8,1.2,-0.142777777777779,-1.67
"U134",2018-01-07 20:00:00,0.1259,87.6,1.2,-0.142777777777779,-1.38388888888889
"U134",2018-01-07 21:00:00,0.1267,86.1,1.2,-0.115,-1.18388888888889
"U134",2018-01-07 22:00:00,0.1267,87.6,1.2,-0.115,-0.591111111111111
"U134",2018-01-07 23:00:00,0.1274,89.5,1.2,-0.115,-0.451111111111112
"U134",2018-01-08 00:00:00,0.1274,92.8,1.2,-0.115,-0.422777777777777
"U134",2018-01-08 01:00:00,0.1281,94.1,1.2,-0.0872222222222222,-0.142777777777779
"U134",2018-01-08 02:00:00,0.1281,95.2,1.2,-0.0872222222222222,0.0788888888888906
"U134",2018-01-08 03:00:00,0.1288,95.9,1.2,-0.0872222222222222,0.189999999999999
"U134",2018-01-08 04:00:00,0.1288,96.4,1.2,-0.0588888888888898,0.272777777777778
"U134",2018-01-08 05:00:00,0.1296,96.6,1.2,-0.0588888888888898,0.301111111111112
"U134",2018-01-08 06:00:00,0.1303,97,1.2,-0.0588888888888898,0.272777777777778
"U134",2018-01-08 07:00:00,0.1303,97,1.2,-0.0588888888888898,0.189999999999999
"U134",2018-01-08 08:00:00,0.131,95.5,1.2,-0.0588888888888898,0.301111111111112
"U134",2018-01-08 09:00:00,0.131,93.4,1.2,-0.0588888888888898,0.301111111111112
"U134",2018-01-08 10:00:00,0.1318,91.1,33.7,-0.0588888888888898,0.38388888888889
"U134",2018-01-08 11:00:00,0.1318,89.3,111.2,-0.0311111111111116,0.962222222222222
"U134",2018-01-08 12:00:00,0.1325,86,191.2,-0.0311111111111116,1.56111111111111
"U134",2018-01-08 13:00:00,0.1325,83.1,226.2,-0.0311111111111116,1.615
"U134",2018-01-08 14:00:00,0.1332,81.6,266.2,-0.0311111111111116,1.58777777777778
"U134",2018-01-08 15:00:00,0.1339,82.6,191.2,-0.0311111111111116,1.67
"U134",2018-01-08 16:00:00,0.1347,82,96.2,-0.0311111111111116,2.04722222222222
"U134",2018-01-08 17:00:00,0.1347,82.1,48.7,-0.0311111111111116,1.31722222222222
"U134",2018-01-08 18:00:00,0.1354,84.6,13.7,-0.0311111111111116,0.24611111111111
"U134",2018-01-08 19:00:00,0.1354,88.3,1.2,-0.0311111111111116,-0.422777777777777
"U134",2018-01-08 20:00:00,0.1347,90.6,1.2,-0.00388888888888969,-1.15611111111111
"U134",2018-01-08 21:00:00,0.1347,92.1,1.2,-0.00388888888888969,-1.69777777777778
"U134",2018-01-08 22:00:00,0.1347,93.1,1.2,-0.00388888888888969,-2.18777777777778
"U134",2018-01-08 23:00:00,0.1339,94.2,1.2,-0.00388888888888969,-2.53722222222222
"U134",2018-01-09 00:00:00,0.1339,94.5,1.2,-0.00388888888888969,-1.81277777777778
"U134",2018-01-09 01:00:00,0.1339,93.9,1.2,-0.00388888888888969,-1.92777777777778
"U134",2018-01-09 02:00:00,0.1339,94.2,1.2,-0.00388888888888969,-2.50777777777778
"U134",2018-01-09 03:00:00,0.1339,95,1.2,-0.00388888888888969,-3.53777777777778
"U134",2018-01-09 04:00:00,0.1339,95.8,1.2,-0.00388888888888969,-3.74611111111111
"U134",2018-01-09 05:00:00,0.1339,96.3,1.2,-0.00388888888888969,-3.53777777777778
"U134",2018-01-09 06:00:00,0.1339,96.5,1.2,-0.00388888888888969,-3.44888888888889
"U134",2018-01-09 07:00:00,0.1339,96.7,1.2,-0.00388888888888969,-3.44888888888889
"U134",2018-01-09 08:00:00,0.1339,97.1,1.2,0.0238888888888885,-2.94611111111111
"U134",2018-01-09 09:00:00,0.1339,97.6,3.7,0.0238888888888885,-2.71222222222222
"U134",2018-01-09 10:00:00,0.1339,97.9,43.7,0.0238888888888885,-1.87111111111111
"U134",2018-01-09 11:00:00,0.1339,97.7,93.7,0.0238888888888885,-1.64111111111111
"U134",2018-01-09 12:00:00,0.1347,95.7,178.7,0.0238888888888885,-0.675
"U134",2018-01-09 13:00:00,0.1347,94.2,148.7,0.0238888888888885,-0.394999999999999
"U134",2018-01-09 14:00:00,0.1354,93.1,181.2,0.0238888888888885,0.189999999999999
"U134",2018-01-09 15:00:00,0.1361,90.5,198.7,0.0511111111111104,0.715
"U134",2018-01-09 16:00:00,0.1361,87,153.7,0.0511111111111104,1.425
"U134",2018-01-09 17:00:00,0.1368,86.2,83.7,0.0511111111111104,0.604999999999999
"U134",2018-01-09 18:00:00,0.1376,89.6,13.7,0.0511111111111104,-0.367222222222223
"U134",2018-01-09 19:00:00,0.1376,92.6,1.2,0.0511111111111104,-1.15611111111111
"U134",2018-01-09 20:00:00,0.1376,94.4,1.2,0.0511111111111104,-1.04277777777778
"U134",2018-01-09 21:00:00,0.1376,94.8,1.2,0.0511111111111104,-1.04277777777778
"U134",2018-01-09 22:00:00,0.1376,95.1,1.2,0.0788888888888906,-1.58388888888889
"U134",2018-01-09 23:00:00,0.1376,95.3,1.2,0.0788888888888906,-2.30388888888889
"U134",2018-01-10 00:00:00,0.1376,95.9,1.2,0.0788888888888906,-2.74111111111111
"U134",2018-01-10 01:00:00,0.1376,96.5,1.2,0.0788888888888906,-1.555
"U134",2018-01-10 02:00:00,0.1376,96.2,1.2,0.0788888888888906,-0.394999999999999
"U134",2018-01-10 03:00:00,0.1376,97.1,1.2,0.0788888888888906,0.35611111111111
"U134",2018-01-10 04:00:00,0.1376,97.9,1.2,0.107222222222221,0.852222222222222
"U134",2018-01-10 05:00:00,0.1376,98.3,1.2,0.107222222222221,1.04388888888889
"U134",2018-01-10 06:00:00,0.1376,98.6,1.2,0.107222222222221,2.04722222222222
"U134",2018-01-10 07:00:00,0.1383,98.8,1.2,0.107222222222221,2.55722222222222
"U134",2018-01-10 08:00:00,0.1383,98.6,1.2,0.107222222222221,2.79722222222222
"U134",2018-01-10 09:00:00,0.139,98.7,1.2,0.107222222222221,3.27388888888889
"U134",2018-01-10 10:00:00,0.139,98.9,16.2,0.135000000000001,3.80111111111111
"U134",2018-01-10 11:00:00,0.1397,98.9,58.7,0.135000000000001,3.82722222222222
"U134",2018-01-10 12:00:00,0.1397,99.1,56.2,0.135000000000001,4.50611111111111
"U134",2018-01-10 13:00:00,0.1405,99.2,51.2,0.135000000000001,4.71388888888889
"U134",2018-01-10 14:00:00,0.139,99.3,88.7,0.135000000000001,5.84722222222222
"U134",2018-01-10 15:00:00,0.1419,99.2,48.7,0.162777777777777,5.94888888888889
"U134",2018-01-10 16:00:00,0.1506,99.4,43.7,0.162777777777777,6.50888888888889
"U134",2018-01-10 17:00:00,0.163,99.6,28.7,0.162777777777777,6.965
"U134",2018-01-10 18:00:00,0.1949,99.8,3.7,0.162777777777777,8.245
"U134",2018-01-10 19:00:00,0.1957,99.8,1.2,0.162777777777777,9.435
"U134",2018-01-10 20:00:00,0.1971,97.5,1.2,0.162777777777777,10.32
"U134",2018-01-10 21:00:00,0.1964,94.8,1.2,0.162777777777777,11.2477777777778
"U134",2018-01-10 22:00:00,0.1964,92.7,1.2,0.162777777777777,12.0011111111111
"U134",2018-01-10 23:00:00,0.1957,91.4,1.2,0.189999999999999,11.9527777777778
"U134",2018-01-11 00:00:00,0.1964,90.5,1.2,0.189999999999999,12.3638888888889
"U134",2018-01-11 01:00:00,0.2015,90.2,1.2,0.189999999999999,12.3161111111111
"U134",2018-01-11 02:00:00,0.2022,90.6,1.2,0.189999999999999,12.5338888888889
"U134",2018-01-11 03:00:00,0.2037,90.8,1.2,0.217777777777779,12.7027777777778
"U134",2018-01-11 04:00:00,0.2044,92.2,1.2,0.217777777777779,12.8961111111111
"U134",2018-01-11 05:00:00,0.2066,91.8,1.2,0.217777777777779,12.9677777777778
"U134",2018-01-11 06:00:00,0.2073,91.5,1.2,0.217777777777779,13.04
"U134",2018-01-11 07:00:00,0.2189,91.5,1.2,0.24611111111111,13.1372222222222
"U134",2018-01-11 08:00:00,0.2589,92.4,1.2,0.24611111111111,13.1372222222222
"U134",2018-01-11 09:00:00,0.3373,93.6,1.2,0.24611111111111,12.7027777777778
"U134",2018-01-11 10:00:00,0.3794,95.9,13.7,0.24611111111111,12.8961111111111
"U134",2018-01-11 11:00:00,0.3693,96.5,28.7,0.24611111111111,13.3527777777778
"U134",2018-01-11 12:00:00,0.3722,96.7,36.2,0.217777777777779,12.92
"U134",2018-01-11 13:00:00,0.3598,97,96.2,0.217777777777779,13.7861111111111
"U134",2018-01-11 14:00:00,0.3547,95.4,68.7,0.24611111111111,13.04
"U134",2018-01-11 15:00:00,0.3613,96.6,36.2,0.24611111111111,12.9677777777778
"U134",2018-01-11 16:00:00,0.3533,97.1,68.7,0.24611111111111,14.0022222222222
"U134",2018-01-11 17:00:00,0.3475,94.8,36.2,0.24611111111111,14.1461111111111
"U134",2018-01-11 18:00:00,0.3511,95.7,1.2,0.272777777777778,10.0511111111111
"U134",2018-01-11 19:00:00,0.3504,96.5,1.2,0.272777777777778,2.79722222222222
"U134",2018-01-11 20:00:00,0.346,95.8,1.2,0.272777777777778,0.217777777777779
"U134",2018-01-11 21:00:00,0.3402,95.6,1.2,0.301111111111112,-1.49777777777778
"U134",2018-01-11 22:00:00,0.322,93.6,1.2,0.328888888888888,-3.62722222222222
"U134",2018-01-11 23:00:00,0.3119,90.8,1.2,0.35611111111111,-4.71222222222222
"U134",2018-01-12 00:00:00,0.3075,89.5,1.2,0.35611111111111,-5.60388888888889
"U134",2018-01-12 01:00:00,0.3053,88.6,1.2,0.38388888888889,-6.01
"U134",2018-01-12 02:00:00,0.3032,87.7,1.2,0.412222222222221,-5.97888888888889
"U134",2018-01-12 03:00:00,0.2995,88.1,1.2,0.438888888888888,-6.10388888888889
"U134",2018-01-12 04:00:00,0.2959,88.6,1.2,0.467222222222223,-6.48277777777778
"U134",2018-01-12 05:00:00,0.2915,89,1.2,0.494999999999999,-6.325
"U134",2018-01-12 06:00:00,0.2865,89.3,1.2,0.522222222222221,-6.19888888888889
"U134",2018-01-12 07:00:00,0.2821,88.4,1.2,0.550000000000001,-6.26222222222222
"U134",2018-01-12 08:00:00,0.2785,89.4,1.2,0.550000000000001,-6.76888888888889
"U134",2018-01-12 09:00:00,0.2748,86.2,1.2,0.577222222222223,-6.89722222222222
"U134",2018-01-12 10:00:00,0.2705,82.8,38.7,0.604999999999999,-6.45111111111111
"U134",2018-01-12 11:00:00,0.2676,78,88.7,0.632222222222221,-6.64222222222222
"U134",2018-01-12 12:00:00,0.2639,76.2,133.7,0.632222222222221,-6.42
"U134",2018-01-12 13:00:00,0.261,75.3,173.7,0.660000000000001,-6.57777777777778
"U134",2018-01-12 14:00:00,0.2589,75.7,148.7,0.687222222222223,-6.89722222222222
"U134",2018-01-12 15:00:00,0.2552,74.7,131.2,0.715,-6.92888888888889
"U134",2018-01-12 16:00:00,0.2516,73,108.7,0.715,-6.76888888888889
"U134",2018-01-12 17:00:00,0.2487,69.4,88.7,0.742222222222221,-7.05777777777778
"U134",2018-01-12 18:00:00,0.2443,69.7,13.7,0.742222222222221,-7.28277777777778
"U134",2018-01-12 19:00:00,0.2407,70.9,1.2,0.742222222222221,-7.60722222222222
"U134",2018-01-12 20:00:00,0.2363,69.4,1.2,0.742222222222221,-7.96722222222222
"U134",2018-01-12 21:00:00,0.2305,65.2,1.2,0.742222222222221,-8.165
"U134",2018-01-12 22:00:00,0.2262,62.2,1.2,0.742222222222221,-8.49611111111111
"U134",2018-01-12 23:00:00,0.2196,65.3,1.2,0.742222222222221,-9.16722222222222
"U134",2018-01-13 00:00:00,0.2131,61.6,1.2,0.742222222222221,-9.91888888888889
"U134",2018-01-13 01:00:00,0.2051,59.9,1.2,0.742222222222221,-10.7561111111111
"U134",2018-01-13 02:00:00,0.1928,63,1.2,0.742222222222221,-11.1822222222222
"U134",2018-01-13 03:00:00,0.1732,66.9,1.2,0.742222222222221,-11.7577777777778
"U134",2018-01-13 04:00:00,0.1434,71.7,1.2,0.742222222222221,-12.4527777777778
"U134",2018-01-13 05:00:00,0.1259,74.6,1.2,0.742222222222221,-13.2011111111111
"U134",2018-01-13 06:00:00,0.1165,75.2,1.2,0.715,-13.8872222222222
"U134",2018-01-13 07:00:00,0.11,75,1.2,0.715,-14.3922222222222
"U134",2018-01-13 08:00:00,0.1056,75.6,1.2,0.715,-14.825
"U134",2018-01-13 09:00:00,0.1027,75.8,6.2,0.715,-14.825
"U134",2018-01-13 10:00:00,0.1005,73.9,56.2,0.687222222222223,-14.1577777777778
"U134",2018-01-13 11:00:00,0.0991,69.9,128.7,0.687222222222223,-12.9372222222222
"U134",2018-01-13 12:00:00,0.0991,61.9,241.2,0.660000000000001,-11.505
"U134",2018-01-13 13:00:00,0.0991,53,231.2,0.660000000000001,-10.6861111111111
"U134",2018-01-13 14:00:00,0.0991,49.4,251.2,0.660000000000001,-10.545
"U134",2018-01-13 15:00:00,0.0991,48,211.2,0.660000000000001,-9.78111111111111
"U134",2018-01-13 16:00:00,0.0991,48,96.2,0.632222222222221,-9.81611111111111
"U134",2018-01-13 17:00:00,0.0983,48.9,51.2,0.632222222222221,-10.37
"U134",2018-01-13 18:00:00,0.0976,52.5,16.2,0.632222222222221,-11.1111111111111
"U134",2018-01-13 19:00:00,0.0969,57.4,1.2,0.604999999999999,-11.9027777777778
"U134",2018-01-13 20:00:00,0.0962,66.3,1.2,0.604999999999999,-13.4277777777778
"U134",2018-01-13 21:00:00,0.0947,75,1.2,0.577222222222223,-14.5877777777778
"U134",2018-01-13 22:00:00,0.094,78.5,1.2,0.577222222222223,-15.0238888888889
"U134",2018-01-13 23:00:00,0.0925,81.3,1.2,0.550000000000001,-15.0238888888889
"U134",2018-01-14 00:00:00,0.0918,82.9,1.2,0.522222222222221,-15.425
"U134",2018-01-14 01:00:00,0.0911,84,1.2,0.522222222222221,-16.0772222222222
"U134",2018-01-14 02:00:00,0.0904,85.3,1.2,0.494999999999999,-16.7427777777778
"U134",2018-01-14 03:00:00,0.0896,85.7,1.2,0.467222222222223,-17.51
"U134",2018-01-14 04:00:00,0.0889,86.4,1.2,0.467222222222223,-17.9
"U134",2018-01-14 05:00:00,0.0882,86.7,1.2,0.438888888888888,-18.2955555555556
"U134",2018-01-14 06:00:00,0.0874,86.8,1.2,0.412222222222221,-18.4727777777778
"U134",2018-01-14 07:00:00,0.0874,86.8,1.2,0.38388888888889,-18.6955555555556
"U134",2018-01-14 08:00:00,0.0867,86.9,1.2,0.35611111111111,-18.6955555555556
"U134",2018-01-14 09:00:00,0.086,87,6.2,0.328888888888888,-17.6388888888889
"U134",2018-01-14 10:00:00,0.086,85.4,56.2,0.301111111111112,-12.3788888888889
"U134",2018-01-14 11:00:00,0.0867,73.4,113.7,0.272777777777778,-11.04
"U134",2018-01-14 12:00:00,0.0874,66.3,253.7,0.272777777777778,-9.85
"U134",2018-01-14 13:00:00,0.0882,59,243.7,0.24611111111111,-8.36277777777778
"U134",2018-01-14 14:00:00,0.0896,52.8,243.7,0.24611111111111,-7.47722222222222
"U134",2018-01-14 15:00:00,0.0904,51.9,206.2,0.217777777777779,-6.67388888888889
"U134",2018-01-14 16:00:00,0.0911,53.2,146.2,0.217777777777779,-6.80111111111111
"U134",2018-01-14 17:00:00,0.0918,56.4,66.2,0.217777777777779,-6.61
"U134",2018-01-14 18:00:00,0.0911,61.7,13.7,0.217777777777779,-6.83277777777778
"U134",2018-01-14 19:00:00,0.0911,77.3,1.2,0.189999999999999,-7.38
"U134",2018-01-14 20:00:00,0.0911,85.8,1.2,0.189999999999999,-7.96722222222222
"U134",2018-01-14 21:00:00,0.0911,87.5,1.2,0.162777777777777,-8.36277777777778
"U134",2018-01-14 22:00:00,0.0911,89.1,1.2,0.162777777777777,-8.33
"U134",2018-01-14 23:00:00,0.0911,90.7,1.2,0.162777777777777,-8.29722222222222
"U134",2018-01-15 00:00:00,0.0918,91.2,1.2,0.162777777777777,-8.39611111111111
"U134",2018-01-15 01:00:00,0.0918,91.6,1.2,0.135000000000001,-8.29722222222222
"U134",2018-01-15 02:00:00,0.0925,91.1,1.2,0.135000000000001,-8.26388888888889
"U134",2018-01-15 03:00:00,0.0933,92.4,1.2,0.135000000000001,-8.13222222222222
"U134",2018-01-15 04:00:00,0.0933,92.9,1.2,0.135000000000001,-8.03277777777778
"U134",2018-01-15 05:00:00,0.0933,93,1.2,0.135000000000001,-7.90111111111111
"U134",2018-01-15 06:00:00,0.094,93.2,1.2,0.107222222222221,-7.83611111111111
"U134",2018-01-15 07:00:00,0.094,93.1,1.2,0.107222222222221,-7.705
"U134",2018-01-15 08:00:00,0.0947,93.3,1.2,0.107222222222221,-7.73777777777778
"U134",2018-01-15 09:00:00,0.0947,93,1.2,0.107222222222221,-7.51
"U134",2018-01-15 10:00:00,0.0954,92.5,13.7,0.107222222222221,-6.89722222222222
"U134",2018-01-15 11:00:00,0.0962,91.2,51.2,0.107222222222221,-5.60388888888889
"U134",2018-01-15 12:00:00,0.0962,89,78.7,0.107222222222221,-4.98722222222222
"U134",2018-01-15 13:00:00,0.0969,88,83.7,0.135000000000001,-6.89722222222222
"U134",2018-01-15 14:00:00,0.0976,87.8,76.2,0.135000000000001,-8.49611111111111
"U134",2018-01-15 15:00:00,0.0976,90,63.7,0.135000000000001,-8.99777777777778
"U134",2018-01-15 16:00:00,0.0983,90,58.7,0.135000000000001,-9.33722222222222
"U134",2018-01-15 17:00:00,0.0983,90.1,26.2,0.135000000000001,-10.0922222222222
"U134",2018-01-15 18:00:00,0.0991,90.8,3.7,0.135000000000001,-11.0038888888889
"U134",2018-01-15 19:00:00,0.0991,90.5,1.2,0.135000000000001,-11.6488888888889
"U134",2018-01-15 20:00:00,0.0991,90.8,1.2,0.135000000000001,-12.085
"U134",2018-01-15 21:00:00,0.0991,90.7,1.2,0.135000000000001,-12.6011111111111
"U134",2018-01-15 22:00:00,0.0991,90.7,1.2,0.135000000000001,-12.6388888888889
"U134",2018-01-15 23:00:00,0.0991,90.8,1.2,0.135000000000001,-12.9372222222222
"U134",2018-01-16 00:00:00,0.0991,90.7,1.2,0.135000000000001,-13.39
"U134",2018-01-16 01:00:00,0.0998,90.4,1.2,0.135000000000001,-14.08
"U134",2018-01-16 02:00:00,0.0991,89.8,1.2,0.135000000000001,-14.5877777777778
"U134",2018-01-16 03:00:00,0.0991,89.4,1.2,0.135000000000001,-15.1838888888889
"U134",2018-01-16 04:00:00,0.0991,89,1.2,0.135000000000001,-15.5061111111111
"U134",2018-01-16 05:00:00,0.0991,89,1.2,0.135000000000001,-15.2238888888889
"U134",2018-01-16 06:00:00,0.0991,89.1,1.2,0.135000000000001,-14.7461111111111
"U134",2018-01-16 07:00:00,0.0991,89.5,1.2,0.135000000000001,-14.275
"U134",2018-01-16 08:00:00,0.0991,90.4,1.2,0.135000000000001,-13.6572222222222
"U134",2018-01-16 09:00:00,0.0991,91.1,1.2,0.135000000000001,-12.3427777777778
"U134",2018-01-16 10:00:00,0.0991,90.9,28.7,0.135000000000001,-10.3
"U134",2018-01-16 11:00:00,0.0998,88.7,58.7,0.135000000000001,-7.77111111111111
"U134",2018-01-16 12:00:00,0.0998,84.6,101.2,0.135000000000001,-5.82222222222222
"U134",2018-01-16 13:00:00,0.0998,81.7,116.2,0.135000000000001,-4.74222222222222
"U134",2018-01-16 14:00:00,0.1005,78.1,106.2,0.135000000000001,-4.80277777777778
"U134",2018-01-16 15:00:00,0.1005,72.5,86.2,0.135000000000001,-5.29388888888889
"U134",2018-01-16 16:00:00,0.1012,71.2,71.2,0.135000000000001,-4.55888888888889
"U134",2018-01-16 17:00:00,0.1012,70.4,61.2,0.135000000000001,-6.04111111111111
"U134",2018-01-16 18:00:00,0.1012,73.2,18.7,0.135000000000001,-7.47722222222222
"U134",2018-01-16 19:00:00,0.1012,76.9,1.2,0.135000000000001,-8.66277777777778
"U134",2018-01-16 20:00:00,0.1012,78.7,1.2,0.135000000000001,-9.13277777777778
"U134",2018-01-16 21:00:00,0.1012,80.8,1.2,0.135000000000001,-10.405
"U134",2018-01-16 22:00:00,0.1012,83.8,1.2,0.135000000000001,-11.5411111111111
"U134",2018-01-16 23:00:00,0.1012,86,1.2,0.135000000000001,-12.0488888888889
"U134",2018-01-17 00:00:00,0.1012,87.8,1.2,0.135000000000001,-12.4161111111111
"U134",2018-01-17 01:00:00,0.1005,88.9,1.2,0.135000000000001,-12.8622222222222
"U134",2018-01-17 02:00:00,0.1012,89.6,1.2,0.135000000000001,-13.9638888888889
"U134",2018-01-17 03:00:00,0.1005,90.1,1.2,0.135000000000001,-15.1838888888889
"U134",2018-01-17 04:00:00,0.1005,90.2,1.2,0.135000000000001,-15.5061111111111
"U134",2018-01-17 05:00:00,0.1005,90,1.2,0.135000000000001,-16.2011111111111
"U134",2018-01-17 06:00:00,0.0998,89.7,1.2,0.107222222222221,-18.2066666666667
"U134",2018-01-17 07:00:00,0.0998,89.9,1.2,0.107222222222221,-18.2955555555556
"U134",2018-01-17 08:00:00,0.0998,89.4,1.2,0.107222222222221,-19.1477777777778
"U134",2018-01-17 09:00:00,0.0991,89.1,6.2,0.107222222222221,-18.0305555555556
"U134",2018-01-17 10:00:00,0.0991,89,66.2,0.107222222222221,-15.0238888888889
"U134",2018-01-17 11:00:00,0.0991,86.4,113.7,0.0788888888888906,-12.195
"U134",2018-01-17 12:00:00,0.0991,80.9,246.2,0.0788888888888906,-10.0227777777778
"U134",2018-01-17 13:00:00,0.0998,76.9,253.7,0.0788888888888906,-8.36277777777778
"U134",2018-01-17 14:00:00,0.0998,73.4,266.2,0.0788888888888906,-8.19777777777778
"U134",2018-01-17 15:00:00,0.0998,72.2,263.7,0.0788888888888906,-7.15388888888889
"U134",2018-01-17 16:00:00,0.1005,70.5,113.7,0.0788888888888906,-7.21888888888889
"U134",2018-01-17 17:00:00,0.1005,70.9,66.2,0.0788888888888906,-7.705
"U134",2018-01-17 18:00:00,0.0998,73.5,28.7,0.0788888888888906,-8.39611111111111
"U134",2018-01-17 19:00:00,0.1005,76,1.2,0.0788888888888906,-8.66277777777778
"U134",2018-01-17 20:00:00,0.1005,76.9,1.2,0.0788888888888906,-8.86388888888889
"U134",2018-01-17 21:00:00,0.1005,80.2,1.2,0.0788888888888906,-9.37111111111111
"U134",2018-01-17 22:00:00,0.1005,80.4,1.2,0.0788888888888906,-9.26888888888889
"U134",2018-01-17 23:00:00,0.0998,79.9,1.2,0.0788888888888906,-9.47277777777778
"U134",2018-01-18 00:00:00,0.0998,80.2,1.2,0.0788888888888906,-9.61
"U134",2018-01-18 01:00:00,0.0998,80.5,1.2,0.0788888888888906,-9.575
"U134",2018-01-18 02:00:00,0.0998,80.9,1.2,0.0788888888888906,-9.20111111111111
"U134",2018-01-18 03:00:00,0.0998,79.8,1.2,0.0511111111111104,-8.76277777777778
"U134",2018-01-18 04:00:00,0.0998,79.2,1.2,0.0511111111111104,-8.86388888888889
"U134",2018-01-18 05:00:00,0.0998,79.4,1.2,0.0511111111111104,-8.86388888888889
"U134",2018-01-18 06:00:00,0.0998,80,1.2,0.0511111111111104,-9.06611111111111
"U134",2018-01-18 07:00:00,0.0998,80.8,1.2,0.0511111111111104,-9.235
"U134",2018-01-18 08:00:00,0.0998,81.4,1.2,0.0511111111111104,-9.47277777777778
"U134",2018-01-18 09:00:00,0.0998,82.5,8.7,0.0511111111111104,-9.78111111111111
"U134",2018-01-18 10:00:00,0.0998,81.6,76.2,0.0511111111111104,-8.06611111111111
"U134",2018-01-18 11:00:00,0.0998,76.3,123.7,0.0511111111111104,-5.94722222222222
"U134",2018-01-18 12:00:00,0.0998,70.8,238.7,0.0511111111111104,-4.31722222222222
"U134",2018-01-18 13:00:00,0.0998,69.2,243.7,0.0511111111111104,-3.005
"U134",2018-01-18 14:00:00,0.1005,67.4,243.7,0.0511111111111104,-2.53722222222222
"U134",2018-01-18 15:00:00,0.1005,65.3,256.2,0.0511111111111104,-0.901111111111111
"U134",2018-01-18 16:00:00,0.1012,64.4,106.2,0.0511111111111104,-0.928888888888889
"U134",2018-01-18 17:00:00,0.1012,65.3,61.2,0.0511111111111104,-0.98611111111111
"U134",2018-01-18 18:00:00,0.1012,69.2,21.2,0.0511111111111104,-1.29777777777778
"U134",2018-01-18 19:00:00,0.1012,72.2,1.2,0.0788888888888906,-1.92777777777778
"U134",2018-01-18 20:00:00,0.1012,75.7,1.2,0.0788888888888906,-1.78388888888889
"U134",2018-01-18 21:00:00,0.1012,77.4,1.2,0.0788888888888906,-2.21722222222222
"U134",2018-01-18 22:00:00,0.1012,78,1.2,0.0788888888888906,-1.61222222222222
"U134",2018-01-18 23:00:00,0.1012,77.4,1.2,0.0788888888888906,-2.56611111111111
"U134",2018-01-19 00:00:00,0.102,79.7,1.2,0.0788888888888906,-3.15277777777778
"U134",2018-01-19 01:00:00,0.1012,77.9,1.2,0.0788888888888906,-2.8
"U134",2018-01-19 02:00:00,0.1012,76.3,1.2,0.0788888888888906,-2.82888888888889
"U134",2018-01-19 03:00:00,0.102,75.7,1.2,0.0788888888888906,-2.82888888888889
"U134",2018-01-19 04:00:00,0.1012,76.5,1.2,0.0788888888888906,-3.15277777777778
"U134",2018-01-19 05:00:00,0.1012,77.8,1.2,0.0788888888888906,-3.44888888888889
"U134",2018-01-19 06:00:00,0.1012,79.2,1.2,0.0788888888888906,-3.50777777777778
"U134",2018-01-19 07:00:00,0.1012,78.9,1.2,0.0788888888888906,-3.09388888888889
"U134",2018-01-19 08:00:00,0.1012,77.9,1.2,0.0788888888888906,-3.33
"U134",2018-01-19 09:00:00,0.1012,77.5,8.7,0.0788888888888906,-2.71222222222222
"U134",2018-01-19 10:00:00,0.102,73.6,83.7,0.0788888888888906,-1.04277777777778
"U134",2018-01-19 11:00:00,0.102,67.3,151.2,0.107222222222221,0.687222222222223
"U134",2018-01-19 12:00:00,0.1027,62,233.7,0.107222222222221,1.615
"U134",2018-01-19 13:00:00,0.1027,60.6,258.7,0.107222222222221,2.79722222222222
"U134",2018-01-19 14:00:00,0.1034,58.7,286.2,0.107222222222221,3.27388888888889
"U134",2018-01-19 15:00:00,0.1042,59.9,231.2,0.107222222222221,3.485
"U134",2018-01-19 16:00:00,0.1042,61.3,191.2,0.107222222222221,3.27388888888889
"U134",2018-01-19 17:00:00,0.1049,63.6,88.7,0.107222222222221,3.88
"U134",2018-01-19 18:00:00,0.1049,67.7,33.7,0.107222222222221,2.90277777777778
"U134",2018-01-19 19:00:00,0.1056,72.6,1.2,0.107222222222221,3.03611111111111
"U134",2018-01-19 20:00:00,0.1056,73.6,1.2,0.107222222222221,3.43277777777778
"U134",2018-01-19 21:00:00,0.1063,73.5,1.2,0.107222222222221,3.14222222222222
"U134",2018-01-19 22:00:00,0.1063,73,1.2,0.107222222222221,3.45888888888889
"U134",2018-01-19 23:00:00,0.1063,71.8,1.2,0.135000000000001,3.53777777777778
"U134",2018-01-20 00:00:00,0.1071,73.2,1.2,0.135000000000001,2.71722222222222
"U134",2018-01-20 01:00:00,0.1071,74.5,1.2,0.135000000000001,3.00888888888889
"U134",2018-01-20 02:00:00,0.1078,74.8,1.2,0.135000000000001,2.23611111111111
"U134",2018-01-20 03:00:00,0.1078,75.4,1.2,0.135000000000001,2.23611111111111
"U134",2018-01-20 04:00:00,0.1078,76.4,1.2,0.135000000000001,1.83222222222222
"U134",2018-01-20 05:00:00,0.1078,77.5,1.2,0.135000000000001,1.18
"U134",2018-01-20 06:00:00,0.1078,79.5,1.2,0.135000000000001,0.715
"U134",2018-01-20 07:00:00,0.1078,82.3,1.2,0.135000000000001,-0.0588888888888898
"U134",2018-01-20 08:00:00,0.1085,85.2,1.2,0.135000000000001,-0.507222222222222
"U134",2018-01-20 09:00:00,0.1078,87.1,1.2,0.135000000000001,-1.21277777777778
"U134",2018-01-20 10:00:00,0.1078,87,48.7,0.135000000000001,0.189999999999999
"U134",2018-01-20 11:00:00,0.1078,81.5,133.7,0.135000000000001,2.58388888888889
"U134",2018-01-20 12:00:00,0.1085,75.9,193.7,0.162777777777777,4.115
"U134",2018-01-20 13:00:00,0.1085,73.6,241.2,0.162777777777777,5.07611111111111
"U134",2018-01-20 14:00:00,0.1063,72.1,266.2,0.162777777777777,5.28222222222222
"U134",2018-01-20 15:00:00,0.1056,71.7,256.2,0.162777777777777,6.20388888888889
"U134",2018-01-20 16:00:00,0.1034,70.8,198.7,0.162777777777777,6.38222222222222
"U134",2018-01-20 17:00:00,0.1027,73.2,73.7,0.162777777777777,6.45777777777778
"U134",2018-01-20 18:00:00,0.1027,78.5,36.2,0.162777777777777,4.86888888888889
"U134",2018-01-20 19:00:00,0.1042,84.8,3.7,0.162777777777777,3.64277777777778
"U134",2018-01-20 20:00:00,0.1049,89.7,1.2,0.162777777777777,3.67
"U134",2018-01-20 21:00:00,0.1049,89.8,1.2,0.162777777777777,4.16777777777778
"U134",2018-01-20 22:00:00,0.1049,90.1,1.2,0.162777777777777,3.74888888888889
"U134",2018-01-20 23:00:00,0.1056,90.5,1.2,0.162777777777777,3.80111111111111
"U134",2018-01-21 00:00:00,0.1056,91.2,1.2,0.162777777777777,4.01111111111111
"U134",2018-01-21 01:00:00,0.1063,92.2,1.2,0.189999999999999,3.56388888888889
"U134",2018-01-21 02:00:00,0.1063,93.2,1.2,0.189999999999999,3.38
"U134",2018-01-21 03:00:00,0.1063,93.2,1.2,0.189999999999999,3.53777777777778
"U134",2018-01-21 04:00:00,0.1071,92.8,1.2,0.189999999999999,3.24777777777778
"U134",2018-01-21 05:00:00,0.1071,93.6,1.2,0.189999999999999,3.27388888888889
"U134",2018-01-21 06:00:00,0.1078,95,1.2,0.189999999999999,2.77
"U134",2018-01-21 07:00:00,0.1078,95.9,1.2,0.189999999999999,2.90277777777778
"U134",2018-01-21 08:00:00,0.1078,96.2,1.2,0.189999999999999,2.85
"U134",2018-01-21 09:00:00,0.1085,96.8,1.2,0.189999999999999,3.00888888888889
"U134",2018-01-21 10:00:00,0.1092,97.4,26.2,0.189999999999999,3.56388888888889
"U134",2018-01-21 11:00:00,0.1165,98,63.7,0.189999999999999,4.45388888888889
"U134",2018-01-21 12:00:00,0.1746,98.3,73.7,0.189999999999999,4.79222222222222
"U134",2018-01-21 13:00:00,0.1928,98.2,83.7,0.217777777777779,5.48777777777778
"U134",2018-01-21 14:00:00,0.2102,97.7,91.2,0.189999999999999,6.02611111111111
"U134",2018-01-21 15:00:00,0.2167,97.6,71.2,0.217777777777779,6.20388888888889
"U134",2018-01-21 16:00:00,0.2182,97.8,43.7,0.217777777777779,6.23
"U134",2018-01-21 17:00:00,0.2189,98.3,31.2,0.217777777777779,6.15277777777778
"U134",2018-01-21 18:00:00,0.2189,98.8,11.2,0.217777777777779,6.10222222222222
"U134",2018-01-21 19:00:00,0.2189,99.3,1.2,0.217777777777779,6.255
"U134",2018-01-21 20:00:00,0.2196,99.5,1.2,0.217777777777779,5.82111111111111
"U134",2018-01-21 21:00:00,0.2363,99.8,1.2,0.217777777777779,5.92388888888889
"U134",2018-01-21 22:00:00,0.2327,99.9,1.2,0.217777777777779,6.10222222222222
"U134",2018-01-21 23:00:00,0.2291,100,1.2,0.217777777777779,6.40777777777778
"U134",2018-01-22 00:00:00,0.2276,100,1.2,0.24611111111111,8.045
"U134",2018-01-22 01:00:00,0.2269,100,1.2,0.24611111111111,8.245
"U134",2018-01-22 02:00:00,0.2262,100,1.2,0.24611111111111,7.97
"U134",2018-01-22 03:00:00,0.2254,100,1.2,0.24611111111111,8.17
"U134",2018-01-22 04:00:00,0.2262,100,1.2,0.24611111111111,8.27
"U134",2018-01-22 05:00:00,0.2305,100,1.2,0.24611111111111,8.54277777777778
"U134",2018-01-22 06:00:00,0.2429,100,1.2,0.217777777777779,8.76722222222222
"U134",2018-01-22 07:00:00,0.2429,100,1.2,0.107222222222221,8.66777777777778
"U134",2018-01-22 08:00:00,0.2422,100,1.2,0.107222222222221,9.16277777777778
"U134",2018-01-22 09:00:00,0.2414,100,1.2,0.107222222222221,9.11388888888889
"U134",2018-01-22 10:00:00,0.232,100,3.7,0.135000000000001,9.53388888888889
"U134",2018-01-22 11:00:00,0.2284,99.9,28.7,0.162777777777777,9.78
"U134",2018-01-22 12:00:00,0.2269,96.1,41.2,0.189999999999999,10.3938888888889
"U134",2018-01-22 13:00:00,0.2262,94.5,43.7,0.217777777777779,10.4177777777778
"U134",2018-01-22 14:00:00,0.2276,96.4,66.2,0.217777777777779,10.4922222222222
"U134",2018-01-22 15:00:00,0.2342,96.9,53.7,0.217777777777779,10.81
"U134",2018-01-22 16:00:00,0.2668,93.9,153.7,0.217777777777779,11.8322222222222
"U134",2018-01-22 17:00:00,0.2741,90.1,96.2,0.24611111111111,11.6372222222222
"U134",2018-01-22 18:00:00,0.2712,88.9,36.2,0.24611111111111,10.7611111111111
"U134",2018-01-22 19:00:00,0.2712,91,1.2,0.24611111111111,9.78
"U134",2018-01-22 20:00:00,0.2712,93.7,1.2,0.272777777777778,8.86611111111111
"U134",2018-01-22 21:00:00,0.2734,92.1,1.2,0.24611111111111,5.51388888888889
"U134",2018-01-22 22:00:00,0.2712,89.7,1.2,0.272777777777778,4.37611111111111
"U134",2018-01-22 23:00:00,0.2698,89,1.2,0.272777777777778,3.59111111111111
"U134",2018-01-23 00:00:00,0.2683,89.6,1.2,0.272777777777778,2.95611111111111
"U134",2018-01-23 01:00:00,0.2668,90.4,1.2,0.301111111111112,1.45277777777778
"U134",2018-01-23 02:00:00,0.2625,92.7,1.2,0.301111111111112,0.715
"U134",2018-01-23 03:00:00,0.2603,93.6,1.2,0.301111111111112,0.0511111111111104
"U134",2018-01-23 04:00:00,0.2589,95,1.2,0.301111111111112,0.907222222222224
"U134",2018-01-23 05:00:00,0.2596,94.4,1.2,0.301111111111112,0.604999999999999
"U134",2018-01-23 06:00:00,0.2596,97,1.2,0.328888888888888,0.522222222222221
"U134",2018-01-23 07:00:00,0.2596,97.2,1.2,0.328888888888888,-0.00388888888888969
"U134",2018-01-23 08:00:00,0.2581,97.1,1.2,0.328888888888888,-0.535000000000001
"U134",2018-01-23 09:00:00,0.2574,96.6,1.2,0.328888888888888,-0.759999999999999
"U134",2018-01-23 10:00:00,0.2574,93,13.7,0.35611111111111,-0.535000000000001
"U134",2018-01-23 11:00:00,0.2574,91.6,23.7,0.35611111111111,-0.507222222222222
"U134",2018-01-23 12:00:00,0.2567,89.9,56.2,0.35611111111111,-0.703888888888889
"U134",2018-01-23 13:00:00,0.2567,87.1,78.7,0.35611111111111,-1.18388888888889
"U134",2018-01-23 14:00:00,0.2574,84.8,98.7,0.35611111111111,-1.07111111111111
"U134",2018-01-23 15:00:00,0.2567,85,63.7,0.35611111111111,-1.24111111111111
"U134",2018-01-23 16:00:00,0.2567,83.4,68.7,0.38388888888889,-0.98611111111111
"U134",2018-01-23 17:00:00,0.2567,83.4,33.7,0.38388888888889,-1.15611111111111
"U134",2018-01-23 18:00:00,0.2567,85.7,8.7,0.38388888888889,-1.12777777777778
"U134",2018-01-23 19:00:00,0.2567,86.6,1.2,0.38388888888889,-1.52611111111111
"U134",2018-01-23 20:00:00,0.2567,87.8,1.2,0.38388888888889,-1.84222222222222
"U134",2018-01-23 21:00:00,0.2567,86.9,1.2,0.38388888888889,-1.92777777777778
"U134",2018-01-23 22:00:00,0.2567,85.8,1.2,0.412222222222221,-2.015
"U134",2018-01-23 23:00:00,0.2567,85.9,1.2,0.412222222222221,-2.18777777777778
"U134",2018-01-24 00:00:00,0.2574,87.1,1.2,0.412222222222221,-2.33277777777778
"U134",2018-01-24 01:00:00,0.2574,87.4,1.2,0.412222222222221,-2.44888888888889
"U134",2018-01-24 02:00:00,0.2574,87.3,1.2,0.438888888888888,-2.53722222222222
"U134",2018-01-24 03:00:00,0.2574,88.3,1.2,0.438888888888888,-2.56611111111111
"U134",2018-01-24 04:00:00,0.2574,90.7,1.2,0.438888888888888,-2.71222222222222
"U134",2018-01-24 05:00:00,0.2574,91.6,1.2,0.438888888888888,-2.77
"U134",2018-01-24 06:00:00,0.2574,93.1,1.2,0.467222222222223,-3.005
"U134",2018-01-24 07:00:00,0.2574,93.8,1.2,0.467222222222223,-3.035
"U134",2018-01-24 08:00:00,0.2574,94.2,1.2,0.467222222222223,-3.15277777777778
"U134",2018-01-24 09:00:00,0.2574,94.5,1.2,0.467222222222223,-3.18222222222222
"U134",2018-01-24 10:00:00,0.2574,94.5,13.7,0.467222222222223,-2.97611111111111
"U134",2018-01-24 11:00:00,0.2567,93.2,58.7,0.494999999999999,-2.50777777777778
"U134",2018-01-24 12:00:00,0.2567,91.1,98.7,0.494999999999999,-1.84222222222222
"U134",2018-01-24 13:00:00,0.2574,88.7,86.2,0.494999999999999,-2.13
"U134",2018-01-24 14:00:00,0.2574,90.3,86.2,0.494999999999999,-1.92777777777778
"U134",2018-01-24 15:00:00,0.2574,87.7,73.7,0.494999999999999,-2.07222222222222
"U134",2018-01-24 16:00:00,0.2574,85.9,46.2,0.522222222222221,-1.95722222222222
"U134",2018-01-24 17:00:00,0.2574,84.2,48.7,0.522222222222221,-1.67
"U134",2018-01-24 18:00:00,0.2574,83.1,23.7,0.522222222222221,-1.98611111111111
"U134",2018-01-24 19:00:00,0.2574,83.1,1.2,0.522222222222221,-2.275
"U134",2018-01-24 20:00:00,0.2574,81.9,1.2,0.550000000000001,-2.39111111111111
"U134",2018-01-24 21:00:00,0.2574,82.2,1.2,0.550000000000001,-2.595
"U134",2018-01-24 22:00:00,0.2567,81.3,1.2,0.550000000000001,-2.56611111111111
"U134",2018-01-24 23:00:00,0.2567,82.4,1.2,0.550000000000001,-2.50777777777778
"U134",2018-01-25 00:00:00,0.256,82.9,1.2,0.577222222222223,-2.65277777777778
"U134",2018-01-25 01:00:00,0.256,84.9,1.2,0.577222222222223,-3.92611111111111
"U134",2018-01-25 02:00:00,0.256,89.2,1.2,0.577222222222223,-4.65111111111111
"U134",2018-01-25 03:00:00,0.2552,91,1.2,0.577222222222223,-5.23277777777778
"U134",2018-01-25 04:00:00,0.2538,92.4,1.2,0.604999999999999,-4.83388888888889
"U134",2018-01-25 05:00:00,0.253,91.6,1.2,0.604999999999999,-4.19611111111111
"U134",2018-01-25 06:00:00,0.2523,91.6,1.2,0.604999999999999,-3.50777777777778
"U134",2018-01-25 07:00:00,0.2516,91.2,1.2,0.632222222222221,-3.62722222222222
"U134",2018-01-25 08:00:00,0.2509,91.3,1.2,0.632222222222221,-3.24111111111111
"U134",2018-01-25 09:00:00,0.2501,91.1,1.2,0.660000000000001,-2.8
"U134",2018-01-25 10:00:00,0.2494,90.2,36.2,0.660000000000001,-2.275
"U134",2018-01-25 11:00:00,0.248,87.4,128.7,0.660000000000001,-0.647222222222222
"U134",2018-01-25 12:00:00,0.2429,83.8,223.7,0.687222222222223,1.39777777777778
"U134",2018-01-25 13:00:00,0.2392,79.6,258.7,0.687222222222223,2.90277777777778
"U134",2018-01-25 14:00:00,0.2385,75,316.2,0.687222222222223,4.53222222222222
"U134",2018-01-25 15:00:00,0.24,74.9,253.7,0.687222222222223,5.25722222222222
"U134",2018-01-25 16:00:00,0.2509,72.9,263.7,0.687222222222223,5.87222222222222
"U134",2018-01-25 17:00:00,0.2494,73.5,83.7,0.715,6.15277777777778
"U134",2018-01-25 18:00:00,0.2494,75.2,51.2,0.715,4.84388888888889
"U134",2018-01-25 19:00:00,0.2487,81.7,6.2,0.715,3.32722222222222
"U134",2018-01-25 20:00:00,0.2494,87,1.2,0.715,2.55722222222222
"U134",2018-01-25 21:00:00,0.2509,90,1.2,0.715,2.12777777777778
"U134",2018-01-25 22:00:00,0.2509,92.1,1.2,0.715,1.12611111111111
"U134",2018-01-25 23:00:00,0.2523,94.1,1.2,0.715,0.687222222222223
"U134",2018-01-26 00:00:00,0.2523,95.3,1.2,0.715,0.438888888888888
"U134",2018-01-26 01:00:00,0.253,96,1.2,0.715,0.0238888888888885
"U134",2018-01-26 02:00:00,0.2538,96,1.2,0.742222222222221,0.550000000000001
"U134",2018-01-26 03:00:00,0.2516,90.8,1.2,0.742222222222221,2.71722222222222
"U134",2018-01-26 04:00:00,0.253,87.9,1.2,0.742222222222221,1.88611111111111
"U134",2018-01-26 05:00:00,0.253,89.2,1.2,0.742222222222221,2.37
"U134",2018-01-26 06:00:00,0.253,88.5,1.2,0.742222222222221,2.155
"U134",2018-01-26 07:00:00,0.253,87.6,1.2,0.742222222222221,2.34277777777778
"U134",2018-01-26 08:00:00,0.253,85.2,1.2,0.742222222222221,2.42277777777778
"U134",2018-01-26 09:00:00,0.2516,85.7,3.7,0.742222222222221,2.82277777777778
"U134",2018-01-26 10:00:00,0.2494,83.4,53.7,0.770000000000002,3.85388888888889
"U134",2018-01-26 11:00:00,0.248,77.4,146.2,0.770000000000002,5.71888888888889
"U134",2018-01-26 12:00:00,0.248,69.5,226.2,0.770000000000002,7.92
"U134",2018-01-26 13:00:00,0.2494,60.1,248.7,0.797222222222223,9.38611111111111
"U134",2018-01-26 14:00:00,0.2516,54.2,311.2,0.797222222222223,10.1238888888889
"U134",2018-01-26 15:00:00,0.2523,51.4,216.2,0.825,9.97722222222222
"U134",2018-01-26 16:00:00,0.2538,54.5,158.7,0.825,9.97722222222222
"U134",2018-01-26 17:00:00,0.256,58.6,96.2,0.852222222222222,10.2472222222222
"U134",2018-01-26 18:00:00,0.2581,58.4,38.7,0.880000000000002,9.97722222222222
"U134",2018-01-26 19:00:00,0.2596,55.7,1.2,0.933888888888887,10.1488888888889
"U134",2018-01-26 20:00:00,0.2596,52.7,1.2,0.98888888888889,10.1238888888889
"U134",2018-01-26 21:00:00,0.2596,51,1.2,1.09888888888889,10.0261111111111
"U134",2018-01-26 22:00:00,0.2596,52,1.2,1.20777777777778,9.63222222222222
"U134",2018-01-26 23:00:00,0.2596,52.9,1.2,1.34388888888889,9.04
"U134",2018-01-27 00:00:00,0.2596,53.4,1.2,1.45277777777778,9.015
"U134",2018-01-27 01:00:00,0.2589,54.8,1.2,1.56111111111111,9.31222222222222
"U134",2018-01-27 02:00:00,0.2589,57.7,1.2,1.64277777777778,9.23777777777778
"U134",2018-01-27 03:00:00,0.2589,61.4,1.2,1.75111111111111,9.31222222222222
"U134",2018-01-27 04:00:00,0.2589,65,1.2,1.83222222222222,9.16277777777778
"U134",2018-01-27 05:00:00,0.2589,67.6,1.2,1.94,9.38611111111111
"U134",2018-01-27 06:00:00,0.2589,70.8,1.2,2.02111111111111,8.41888888888889
"U134",2018-01-27 07:00:00,0.2581,73.6,1.2,2.12777777777778,7.895
"U134",2018-01-27 08:00:00,0.2581,71.6,1.2,2.18222222222222,5.87222222222222
"U134",2018-01-27 09:00:00,0.2581,74.2,1.2,2.20888888888889,4.66222222222222
"U134",2018-01-27 10:00:00,0.2574,76.8,36.2,2.23611111111111,3.95777777777778
"U134",2018-01-27 11:00:00,0.2574,76,146.2,2.23611111111111,5.41111111111111
"U134",2018-01-27 12:00:00,0.2574,69.8,193.7,2.23611111111111,6.88888888888889
"U134",2018-01-27 13:00:00,0.2574,59.6,273.7,2.28888888888889,7.24222222222222
"U134",2018-01-27 14:00:00,0.2574,52.1,318.7,2.39611111111111,8.74222222222222
"U134",2018-01-27 15:00:00,0.2567,46.7,248.7,2.53,9.31222222222222
"U134",2018-01-27 16:00:00,0.2574,42.8,261.2,2.66388888888889,8.86611111111111
"U134",2018-01-27 17:00:00,0.2567,46.5,78.7,2.79722222222222,8.02
"U134",2018-01-27 18:00:00,0.2567,50.3,38.7,2.87722222222222,6.76277777777778
"U134",2018-01-27 19:00:00,0.256,58.4,3.7,2.87722222222222,4.99888888888889
"U134",2018-01-27 20:00:00,0.2552,66.7,1.2,2.85,2.58388888888889
"U134",2018-01-27 21:00:00,0.2552,73.5,1.2,2.74388888888889,1.12611111111111
"U134",2018-01-27 22:00:00,0.2552,79.2,1.2,2.63722222222222,0.660000000000001
"U134",2018-01-27 23:00:00,0.2552,81.9,1.2,2.50277777777778,0.0788888888888906
"U134",2018-01-28 00:00:00,0.2545,83.4,1.2,2.39611111111111,0.162777777777777
"U134",2018-01-28 01:00:00,0.2545,81.8,1.2,2.28888888888889,-0.367222222222223
"U134",2018-01-28 02:00:00,0.2545,84.1,1.2,2.20888888888889,-0.227222222222222
"U134",2018-01-28 03:00:00,0.2538,86.8,1.2,2.12777777777778,-1.46888888888889
"U134",2018-01-28 04:00:00,0.2538,89.4,1.2,2.04722222222222,-2.275
"U134",2018-01-28 05:00:00,0.2538,91.2,1.2,1.99388888888889,-2.47777777777778
"U134",2018-01-28 06:00:00,0.2545,92,1.2,1.91277777777778,-3.3
"U134",2018-01-28 07:00:00,0.256,93.3,1.2,1.85888888888889,-4.22611111111111
"U134",2018-01-28 08:00:00,0.2567,93.7,1.2,1.805,-3.59722222222222
"U134",2018-01-28 09:00:00,0.2574,93.7,3.7,1.77777777777778,-3.15277777777778
"U134",2018-01-28 10:00:00,0.2516,94.1,53.7,1.72388888888889,-0.171111111111111
"U134",2018-01-28 11:00:00,0.2509,87.6,143.7,1.69722222222222,1.805
"U134",2018-01-28 12:00:00,0.2509,82.2,208.7,1.67,3.24777777777778
"U134",2018-01-28 13:00:00,0.253,76.6,306.2,1.64277777777778,4.74
"U134",2018-01-28 14:00:00,0.256,71.7,288.7,1.64277777777778,6.30611111111111
"U134",2018-01-28 15:00:00,0.2552,67.7,168.7,1.69722222222222,4.50611111111111
"U134",2018-01-28 16:00:00,0.2545,73,43.7,1.83222222222222,2.155
"U134",2018-01-28 17:00:00,0.2538,76.4,33.7,1.96722222222222,0.98888888888889
"U134",2018-01-28 18:00:00,0.2538,76.9,18.7,2.02111111111111,0.660000000000001
"U134",2018-01-28 19:00:00,0.253,78.3,1.2,2.02111111111111,0.272777777777778
"U134",2018-01-28 20:00:00,0.253,81.2,1.2,1.99388888888889,0.107222222222221
"U134",2018-01-28 21:00:00,0.2523,82.8,1.2,1.96722222222222,-0.142777777777779
"U134",2018-01-28 22:00:00,0.2523,83.3,1.2,1.94,-0.478888888888888
"U134",2018-01-28 23:00:00,0.2523,83,1.2,1.91277777777778,-0.647222222222222
"U134",2018-01-29 00:00:00,0.2523,84,1.2,1.85888888888889,-0.703888888888889
"U134",2018-01-29 01:00:00,0.2516,84.6,1.2,1.83222222222222,-1.32722222222222
"U134",2018-01-29 02:00:00,0.2516,87,1.2,1.805,-1.84222222222222
"U134",2018-01-29 03:00:00,0.253,85.7,1.2,1.77777777777778,-2.595
"U134",2018-01-29 04:00:00,0.2538,83.5,1.2,1.75111111111111,-2.88777777777778
"U134",2018-01-29 05:00:00,0.256,83.5,1.2,1.69722222222222,-3.005
"U134",2018-01-29 06:00:00,0.2567,84.3,1.2,1.67,-3.06388888888889
"U134",2018-01-29 07:00:00,0.2581,84.2,1.2,1.64277777777778,-3.33
"U134",2018-01-29 08:00:00,0.2581,85.4,1.2,1.615,-3.95611111111111
"U134",2018-01-29 09:00:00,0.2589,86.1,1.2,1.58777777777778,-4.37777777777778
"U134",2018-01-29 10:00:00,0.2596,83.9,31.2,1.56111111111111,-4.49888888888889
"U134",2018-01-29 11:00:00,0.2596,79.4,93.7,1.53388888888889,-4.04611111111111
"U134",2018-01-29 12:00:00,0.2596,75,141.2,1.50722222222222,-4.19611111111111
"U134",2018-01-29 13:00:00,0.2596,73.4,138.7,1.50722222222222,-4.16611111111111
"U134",2018-01-29 14:00:00,0.2596,73.4,196.2,1.48,-3.62722222222222
"U134",2018-01-29 15:00:00,0.2596,69.9,228.7,1.48,-3.33
"U134",2018-01-29 16:00:00,0.2603,67.6,131.2,1.45277777777778,-3.53777777777778
"U134",2018-01-29 17:00:00,0.2596,66.1,78.7,1.45277777777778,-4.10611111111111
"U134",2018-01-29 18:00:00,0.2596,66.5,38.7,1.45277777777778,-4.65111111111111
"U134",2018-01-29 19:00:00,0.2589,68.2,3.7,1.425,-5.66611111111111
"U134",2018-01-29 20:00:00,0.2574,69.4,1.2,1.425,-6.23
"U134",2018-01-29 21:00:00,0.2552,70,1.2,1.39777777777778,-6.16722222222222
"U134",2018-01-29 22:00:00,0.2538,71,1.2,1.37111111111111,-7.315
"U134",2018-01-29 23:00:00,0.2516,74,1.2,1.37111111111111,-8.33
"U134",2018-01-30 00:00:00,0.2494,79.2,1.2,1.34388888888889,-9.26888888888889
"U134",2018-01-30 01:00:00,0.2465,83.7,1.2,1.31722222222222,-10.405
"U134",2018-01-30 02:00:00,0.2436,86.6,1.2,1.31722222222222,-10.405
"U134",2018-01-30 03:00:00,0.2407,88.5,1.2,1.28888888888889,-11.325
"U134",2018-01-30 04:00:00,0.2378,89.8,1.2,1.26222222222222,-11.7211111111111
"U134",2018-01-30 05:00:00,0.2349,90.2,1.2,1.26222222222222,-11.7938888888889
"U134",2018-01-30 06:00:00,0.232,90.4,1.2,1.235,-11.83
"U134",2018-01-30 07:00:00,0.2291,90.7,1.2,1.235,-11.8672222222222
"U134",2018-01-30 08:00:00,0.2262,91.1,1.2,1.20777777777778,-12.195
"U134",2018-01-30 09:00:00,0.2225,90.8,3.7,1.20777777777778,-11.2538888888889
"U134",2018-01-30 10:00:00,0.2196,90.2,51.2,1.18,-8.86388888888889
"U134",2018-01-30 11:00:00,0.2175,80.1,156.2,1.18,-6.10388888888889
"U134",2018-01-30 12:00:00,0.2167,67.9,258.7,1.18,-4.31722222222222
"U134",2018-01-30 13:00:00,0.2167,63.2,343.7,1.15277777777778,-3.33
"U134",2018-01-30 14:00:00,0.2146,59.7,343.7,1.15277777777778,-2.275
"U134",2018-01-30 15:00:00,0.216,55.7,311.2,1.15277777777778,-0.957777777777778
"U134",2018-01-30 16:00:00,0.2167,52.3,281.2,1.15277777777778,-1.15611111111111
"U134",2018-01-30 17:00:00,0.2175,53.4,136.2,1.12611111111111,-1.44111111111111
"U134",2018-01-30 18:00:00,0.2175,55.3,43.7,1.12611111111111,-1.58388888888889
"U134",2018-01-30 19:00:00,0.2182,57.7,3.7,1.12611111111111,-1.49777777777778
"U134",2018-01-30 20:00:00,0.2182,62.5,1.2,1.12611111111111,-1.75611111111111
"U134",2018-01-30 21:00:00,0.2175,64.6,1.2,1.09888888888889,-1.84222222222222
"U134",2018-01-30 22:00:00,0.2175,64.9,1.2,1.09888888888889,-1.61222222222222
"U134",2018-01-30 23:00:00,0.2167,64.4,1.2,1.09888888888889,-1.52611111111111
"U134",2018-01-31 00:00:00,0.216,65.1,1.2,1.09888888888889,-1.46888888888889
"U134",2018-01-31 01:00:00,0.216,66.1,1.2,1.09888888888889,-1.18388888888889
"U134",2018-01-31 02:00:00,0.2153,66.8,1.2,1.09888888888889,-1.04277777777778
"U134",2018-01-31 03:00:00,0.2146,66.4,1.2,1.09888888888889,-0.957777777777778
"U134",2018-01-31 04:00:00,0.2146,65.3,1.2,1.09888888888889,-0.647222222222222
"U134",2018-01-31 05:00:00,0.2146,64.1,1.2,1.07111111111111,-0.394999999999999
"U134",2018-01-31 06:00:00,0.2138,63.9,1.2,1.07111111111111,-0.394999999999999
"U134",2018-01-31 07:00:00,0.2131,64.5,1.2,1.07111111111111,-0.255
"U134",2018-01-31 08:00:00,0.2124,66,1.2,1.07111111111111,-0.562777777777779
"U134",2018-01-31 09:00:00,0.2124,67.4,3.7,1.07111111111111,-0.338888888888889
"U134",2018-01-31 10:00:00,0.2116,68.1,38.7,1.07111111111111,0.35611111111111
"U134",2018-01-31 11:00:00,0.2051,64,151.2,1.07111111111111,2.90277777777778
"U134",2018-01-31 12:00:00,0.2029,58.8,228.7,1.07111111111111,4.76611111111111
"U134",2018-01-31 13:00:00,0.2008,56.8,226.2,1.07111111111111,4.97277777777778
"U134",2018-01-31 14:00:00,0.2008,57,211.2,1.07111111111111,5.25722222222222
"U134",2018-01-31 15:00:00,0.2044,57,201.2,1.07111111111111,5.36
"U134",2018-01-31 16:00:00,0.2066,59.2,123.7,1.07111111111111,5.33388888888889
"U134",2018-01-31 17:00:00,0.208,61.4,98.7,1.07111111111111,4.97277777777778
"U134",2018-01-31 18:00:00,0.2087,65.1,41.2,1.07111111111111,4.22
"U134",2018-01-31 19:00:00,0.2095,70.4,3.7,1.07111111111111,3.22111111111111
"U134",2018-01-31 20:00:00,0.2102,74.7,1.2,1.04388888888889,2.58388888888889
"U134",2018-01-31 21:00:00,0.2109,76.1,1.2,1.04388888888889,2.50277777777778
"U134",2018-01-31 22:00:00,0.2116,75.1,1.2,1.04388888888889,2.34277777777778
"U134",2018-01-31 23:00:00,0.2131,73.5,1.2,1.04388888888889,2.18222222222222
