"Plot_Name","Date_Check","Soil_Moisture","Relative_Humidity","PAR","Soil_Temp","Air_Temp"
"HH115",2019-05-01 00:00:00,0.4644,99.4,1.2,7.39277777777778,6.33111111111111
"HH115",2019-05-01 01:00:00,0.4637,99.7,1.2,7.34277777777778,6.88888888888889
"HH115",2019-05-01 02:00:00,0.4637,99.9,1.2,7.31777777777778,7.36777777777778
"HH115",2019-05-01 03:00:00,0.4637,100,1.2,7.34277777777778,8.07
"HH115",2019-05-01 04:00:00,0.4644,100,1.2,7.36777777777778,8.94111111111111
"HH115",2019-05-01 05:00:00,0.4637,100,1.2,7.46888888888889,9.97722222222222
"HH115",2019-05-01 06:00:00,0.4666,100,1.2,7.61888888888889,10.7122222222222
"HH115",2019-05-01 07:00:00,0.463,100,11.2,7.82,9.36111111111111
"HH115",2019-05-01 08:00:00,0.4601,100,173.7,7.87,11.6372222222222
"HH115",2019-05-01 09:00:00,0.4579,100,243.7,7.995,13.6422222222222
"HH115",2019-05-01 10:00:00,0.4557,99,88.7,8.295,12.92
"HH115",2019-05-01 11:00:00,0.4542,97.7,101.2,8.51888888888889,12.1711111111111
"HH115",2019-05-01 12:00:00,0.4528,96.5,246.2,8.66777777777778,13.0161111111111
"HH115",2019-05-01 13:00:00,0.4513,93.3,228.7,8.86611111111111,13.4727777777778
"HH115",2019-05-01 14:00:00,0.4448,90.9,238.7,9.08888888888889,13.8577777777778
"HH115",2019-05-01 15:00:00,0.4099,88.9,188.7,9.28722222222222,13.8338888888889
"HH115",2019-05-01 16:00:00,0.4019,88,196.2,9.435,14.4327777777778
"HH115",2019-05-01 17:00:00,0.3976,85.6,201.2,9.58277777777778,14.505
"HH115",2019-05-01 18:00:00,0.3925,85.9,103.7,9.70611111111111,14.3372222222222
"HH115",2019-05-01 19:00:00,0.3874,88.4,33.7,9.78,13.6661111111111
"HH115",2019-05-01 20:00:00,0.3838,90.3,1.2,9.78,12.025
"HH115",2019-05-01 21:00:00,0.3802,89.6,1.2,9.73111111111111,9.13888888888889
"HH115",2019-05-01 22:00:00,0.3787,92,1.2,9.63222222222222,8.44388888888889
"HH115",2019-05-01 23:00:00,0.3693,92.9,1.2,9.50888888888889,8.07
"HH115",2019-05-02 00:00:00,0.3642,93.8,1.2,9.36111111111111,7.72
"HH115",2019-05-02 01:00:00,0.3627,94.1,1.2,9.23777777777778,7.51888888888889
"HH115",2019-05-02 02:00:00,0.3613,94.9,1.2,9.11388888888889,6.99
"HH115",2019-05-02 03:00:00,0.3598,96.7,1.2,8.99,6.40777777777778
"HH115",2019-05-02 04:00:00,0.3547,97.9,1.2,8.89111111111111,6.15277777777778
"HH115",2019-05-02 05:00:00,0.354,98.5,1.2,8.76722222222222,6.07722222222222
"HH115",2019-05-02 06:00:00,0.3526,98.7,1.2,8.66777777777778,6.15277777777778
"HH115",2019-05-02 07:00:00,0.3518,98.9,11.2,8.56777777777778,5.92388888888889
"HH115",2019-05-02 08:00:00,0.3983,99.1,11.2,8.49388888888889,6.02611111111111
"HH115",2019-05-02 09:00:00,0.4426,99.4,18.7,8.36888888888889,6.35722222222222
"HH115",2019-05-02 10:00:00,0.4492,99.6,56.2,8.27,6.83888888888889
"HH115",2019-05-02 11:00:00,0.4455,99.7,126.2,8.22,7.87
"HH115",2019-05-02 12:00:00,0.4441,99.6,118.7,8.27,8.59277777777778
"HH115",2019-05-02 13:00:00,0.4426,99.5,76.2,8.34388888888889,8.64277777777778
"HH115",2019-05-02 14:00:00,0.4433,99.3,66.2,8.41888888888889,7.67
"HH115",2019-05-02 15:00:00,0.4412,99.2,78.7,8.46888888888889,6.63611111111111
"HH115",2019-05-02 16:00:00,0.4041,99.3,66.2,8.46888888888889,6.71222222222222
"HH115",2019-05-02 17:00:00,0.3961,99.5,58.7,8.46888888888889,7.24222222222222
"HH115",2019-05-02 18:00:00,0.3911,99.5,36.2,8.44388888888889,7.21722222222222
"HH115",2019-05-02 19:00:00,0.3867,99.5,11.2,8.44388888888889,7.29277777777778
"HH115",2019-05-02 20:00:00,0.3816,99.4,1.2,8.41888888888889,6.88888888888889
"HH115",2019-05-02 21:00:00,0.3765,99.4,1.2,8.36888888888889,7.11611111111111
"HH115",2019-05-02 22:00:00,0.3729,99.5,1.2,8.31888888888889,7.36777777777778
"HH115",2019-05-02 23:00:00,0.3707,99.5,1.2,8.27,7.19222222222222
"HH115",2019-05-03 00:00:00,0.3685,99.6,1.2,8.245,7.16722222222222
"HH115",2019-05-03 01:00:00,0.3671,99.6,1.2,8.195,7.29277777777778
"HH115",2019-05-03 02:00:00,0.3656,99.3,1.2,8.17,7.39277777777778
"HH115",2019-05-03 03:00:00,0.3642,98.4,1.2,8.145,7.29277777777778
"HH115",2019-05-03 04:00:00,0.362,97.5,1.2,8.12,7.31777777777778
"HH115",2019-05-03 05:00:00,0.3591,96.7,1.2,8.095,6.86388888888889
"HH115",2019-05-03 06:00:00,0.3576,96.4,6.2,8.045,5.66777777777778
"HH115",2019-05-03 07:00:00,0.3562,96.4,83.7,7.995,6.88888888888889
"HH115",2019-05-03 08:00:00,0.3555,92,246.2,7.945,8.94111111111111
"HH115",2019-05-03 09:00:00,0.354,84.6,506.2,8.02,11.0527777777778
"HH115",2019-05-03 10:00:00,0.3518,77,658.7,8.245,12.2922222222222
"HH115",2019-05-03 11:00:00,0.3504,69.4,613.7,8.61777777777778,14.0977777777778
"HH115",2019-05-03 12:00:00,0.3489,61.4,936.2,8.99,14.7922222222222
"HH115",2019-05-03 13:00:00,0.3475,57.4,793.7,9.38611111111111,13.8577777777778
"HH115",2019-05-03 14:00:00,0.346,56.5,761.2,9.805,14.4088888888889
"HH115",2019-05-03 15:00:00,0.3438,55.9,368.7,10.075,12.3161111111111
"HH115",2019-05-03 16:00:00,0.3438,58.2,191.2,10.1727777777778,12.2677777777778
"HH115",2019-05-03 17:00:00,0.3431,58.1,131.2,10.1238888888889,11.0777777777778
"HH115",2019-05-03 18:00:00,0.3424,62.1,43.7,10.0261111111111,10.345
"HH115",2019-05-03 19:00:00,0.3424,66.9,11.2,9.87888888888889,9.11388888888889
"HH115",2019-05-03 20:00:00,0.3417,73.4,1.2,9.70611111111111,8.49388888888889
"HH115",2019-05-03 21:00:00,0.3417,78.5,1.2,9.53388888888889,7.49388888888889
"HH115",2019-05-03 22:00:00,0.3417,87.6,1.2,9.36111111111111,6.45777777777778
"HH115",2019-05-03 23:00:00,0.3424,93.2,1.2,9.21277777777778,6.10222222222222
"HH115",2019-05-04 00:00:00,0.3424,94.7,1.2,9.06388888888889,5.07611111111111
"HH115",2019-05-04 01:00:00,0.3409,95.7,1.2,8.91611111111111,4.55777777777778
"HH115",2019-05-04 02:00:00,0.3409,96.4,1.2,8.74222222222222,4.01111111111111
"HH115",2019-05-04 03:00:00,0.3417,97,1.2,8.56777777777778,3.51222222222222
"HH115",2019-05-04 04:00:00,0.3409,97.6,1.2,8.39388888888889,3.775
"HH115",2019-05-04 05:00:00,0.3402,97.9,1.2,8.245,3.67
"HH115",2019-05-04 06:00:00,0.3409,98.1,8.7,8.12,3.90611111111111
"HH115",2019-05-04 07:00:00,0.3409,97.9,78.7,8.02,5.89777777777778
"HH115",2019-05-04 08:00:00,0.3402,93.3,163.7,7.995,9.28722222222222
"HH115",2019-05-04 09:00:00,0.3395,75.8,493.7,8.045,12.485
"HH115",2019-05-04 10:00:00,0.3395,65.8,608.7,8.31888888888889,14.1222222222222
"HH115",2019-05-04 11:00:00,0.3395,59.1,661.2,8.74222222222222,16.2961111111111
"HH115",2019-05-04 12:00:00,0.3388,52.8,NA,9.16277777777778,17.3677777777778
"HH115",2019-05-04 13:00:00,0.3388,49.1,768.7,9.65722222222222,17.7011111111111
"HH115",2019-05-04 14:00:00,0.338,46.9,873.7,10.1977777777778,18.2472222222222
"HH115",2019-05-04 15:00:00,0.3366,46.2,651.2,10.6138888888889,18.2472222222222
"HH115",2019-05-04 16:00:00,0.3358,45.7,366.2,10.8338888888889,18.2238888888889
"HH115",2019-05-04 17:00:00,0.3358,45.7,216.2,10.8827777777778,17.1061111111111
"HH115",2019-05-04 18:00:00,0.3358,47.7,66.2,10.8338888888889,15.7961111111111
"HH115",2019-05-04 19:00:00,0.3351,50.8,28.7,10.7611111111111,14.5527777777778
"HH115",2019-05-04 20:00:00,0.3344,57,1.2,10.6138888888889,11.9772222222222
"HH115",2019-05-04 21:00:00,0.3344,63.1,1.2,10.4427777777778,10.6872222222222
"HH115",2019-05-04 22:00:00,0.3344,68.8,1.2,10.2472222222222,9.60777777777778
"HH115",2019-05-04 23:00:00,0.3337,74.6,1.2,10.0511111111111,8.12
"HH115",2019-05-05 00:00:00,0.3337,78.7,1.2,9.87888888888889,7.34277777777778
"HH115",2019-05-05 01:00:00,0.3329,80.3,1.2,9.70611111111111,6.66111111111111
"HH115",2019-05-05 02:00:00,0.3337,83.4,1.2,9.53388888888889,6.15277777777778
"HH115",2019-05-05 03:00:00,0.3329,87.8,1.2,9.38611111111111,5.71888888888889
"HH115",2019-05-05 04:00:00,0.3329,90.8,1.2,9.23777777777778,5.84722222222222
"HH115",2019-05-05 05:00:00,0.3329,90,1.2,9.08888888888889,5.77
"HH115",2019-05-05 06:00:00,0.3329,89.5,11.2,8.965,6.07722222222222
"HH115",2019-05-05 07:00:00,0.3329,87.9,71.2,8.86611111111111,10.0011111111111
"HH115",2019-05-05 08:00:00,0.3322,75.2,248.7,8.84111111111111,14.3611111111111
"HH115",2019-05-05 09:00:00,0.3329,57.4,536.2,8.94111111111111,18.3427777777778
"HH115",2019-05-05 10:00:00,0.3322,52.9,591.2,9.23777777777778,19.5788888888889
"HH115",2019-05-05 11:00:00,0.3322,48.9,548.7,9.68222222222222,20.7222222222222
"HH115",2019-05-05 12:00:00,0.3322,44,976.2,10.1488888888889,21.9627777777778
"HH115",2019-05-05 13:00:00,0.3315,40.4,681.2,10.6627777777778,22.9922222222222
"HH115",2019-05-05 14:00:00,0.3308,40.5,896.2,11.2238888888889,23.8811111111111
"HH115",2019-05-05 15:00:00,0.33,41.9,498.7,11.6622222222222,23.5927777777778
"HH115",2019-05-05 16:00:00,0.33,44.4,261.2,11.9288888888889,22.2261111111111
"HH115",2019-05-05 17:00:00,0.33,46.6,168.7,12.025,22.6811111111111
"HH115",2019-05-05 18:00:00,0.3293,48.3,68.7,12.05,21.0322222222222
"HH115",2019-05-05 19:00:00,0.3293,50.8,33.7,12.025,19.8877777777778
"HH115",2019-05-05 20:00:00,0.3293,59.2,1.2,11.9527777777778,16.915
"HH115",2019-05-05 21:00:00,0.3286,67.1,1.2,11.8072222222222,15.2938888888889
"HH115",2019-05-05 22:00:00,0.3286,71.9,1.2,11.6622222222222,13.7622222222222
"HH115",2019-05-05 23:00:00,0.3279,77.3,1.2,11.5161111111111,14.385
"HH115",2019-05-06 00:00:00,0.3279,82.9,1.2,11.37,13.7377777777778
"HH115",2019-05-06 01:00:00,0.3279,87.6,1.2,11.2727777777778,12.4127777777778
"HH115",2019-05-06 02:00:00,0.3279,91.3,1.2,11.1511111111111,11.175
"HH115",2019-05-06 03:00:00,0.3279,93.8,1.2,11.0288888888889,11.3211111111111
"HH115",2019-05-06 04:00:00,0.3279,94.5,1.2,10.9072222222222,11.7827777777778
"HH115",2019-05-06 05:00:00,0.3279,88.7,1.2,10.81,13.1611111111111
"HH115",2019-05-06 06:00:00,0.3271,82.6,8.7,10.7611111111111,12.9677777777778
"HH115",2019-05-06 07:00:00,0.3271,82.3,81.2,10.6872222222222,15.0077777777778
"HH115",2019-05-06 08:00:00,0.3271,70.7,228.7,10.6627777777778,18.3661111111111
"HH115",2019-05-06 09:00:00,0.3271,59.7,238.7,10.7611111111111,18.295
"HH115",2019-05-06 10:00:00,0.3279,58.6,393.7,10.9322222222222,20.8411111111111
"HH115",2019-05-06 11:00:00,0.3271,52.6,376.2,11.2,20.8411111111111
"HH115",2019-05-06 12:00:00,0.3264,58.5,128.7,11.4922222222222,18.6988888888889
"HH115",2019-05-06 13:00:00,0.3264,77,116.2,11.6622222222222,13.3527777777778
"HH115",2019-05-06 14:00:00,0.3264,84.3,253.7,11.6861111111111,13.1611111111111
"HH115",2019-05-06 15:00:00,0.3264,77.4,586.2,11.71,14.6011111111111
"HH115",2019-05-06 16:00:00,0.3257,74.6,226.2,11.7827777777778,14.0022222222222
"HH115",2019-05-06 17:00:00,0.3257,70.2,158.7,11.7827777777778,14.0261111111111
"HH115",2019-05-06 18:00:00,0.3257,68.7,96.2,11.7338888888889,12.4372222222222
"HH115",2019-05-06 19:00:00,0.325,71,16.2,11.6622222222222,11.0527777777778
"HH115",2019-05-06 20:00:00,0.3257,72.8,1.2,11.5161111111111,9.68222222222222
"HH115",2019-05-06 21:00:00,0.325,75.9,1.2,11.3211111111111,8.61777777777778
"HH115",2019-05-06 22:00:00,0.3257,78.8,1.2,11.1022222222222,7.895
"HH115",2019-05-06 23:00:00,0.3257,80,1.2,10.8827777777778,7.945
"HH115",2019-05-07 00:00:00,0.3264,80.4,1.2,10.7122222222222,7.21722222222222
"HH115",2019-05-07 01:00:00,0.346,91,1.2,10.5411111111111,6.76277777777778
"HH115",2019-05-07 02:00:00,0.4121,94.7,1.2,10.345,6.78777777777778
"HH115",2019-05-07 03:00:00,0.4368,96,1.2,10.1238888888889,7.015
"HH115",2019-05-07 04:00:00,0.4063,96.8,1.2,9.95222222222222,7.11611111111111
"HH115",2019-05-07 05:00:00,0.3961,97.3,1.2,9.85388888888889,7.06611111111111
"HH115",2019-05-07 06:00:00,0.3867,97.5,1.2,9.78,7.24222222222222
"HH115",2019-05-07 07:00:00,0.3794,97.6,8.7,9.73111111111111,6.94
"HH115",2019-05-07 08:00:00,0.3736,97.5,36.2,9.65722222222222,7.06611111111111
"HH115",2019-05-07 09:00:00,0.3707,96.7,43.7,9.63222222222222,7.39277777777778
"HH115",2019-05-07 10:00:00,0.3664,95.5,66.2,9.58277777777778,7.895
"HH115",2019-05-07 11:00:00,0.3649,93.5,138.7,9.55777777777778,8.66777777777778
"HH115",2019-05-07 12:00:00,0.3627,90.2,246.2,9.60777777777778,9.38611111111111
"HH115",2019-05-07 13:00:00,0.3613,86.6,283.7,9.70611111111111,10.3938888888889
"HH115",2019-05-07 14:00:00,0.3591,83.6,276.2,9.82888888888889,10.4427777777778
"HH115",2019-05-07 15:00:00,0.3584,80.8,316.2,9.95222222222222,9.97722222222222
"HH115",2019-05-07 16:00:00,0.3555,77.8,248.7,10.0511111111111,10.32
"HH115",2019-05-07 17:00:00,0.354,74.4,158.7,10.1238888888889,9.65722222222222
"HH115",2019-05-07 18:00:00,0.3526,73.8,76.2,10.1238888888889,8.39388888888889
"HH115",2019-05-07 19:00:00,0.3496,72.7,21.2,10.0511111111111,7.14222222222222
"HH115",2019-05-07 20:00:00,0.3489,74.1,1.2,9.92777777777778,6.43277777777778
"HH115",2019-05-07 21:00:00,0.3475,73,1.2,9.75611111111111,6.30611111111111
"HH115",2019-05-07 22:00:00,0.3467,70.8,1.2,9.58277777777778,6.35722222222222
"HH115",2019-05-07 23:00:00,0.346,71.1,1.2,9.435,6.585
"HH115",2019-05-08 00:00:00,0.3453,70.9,1.2,9.31222222222222,7.04111111111111
"HH115",2019-05-08 01:00:00,0.3446,70.8,1.2,9.21277777777778,7.54388888888889
"HH115",2019-05-08 02:00:00,0.3438,73.2,1.2,9.13888888888889,8.41888888888889
"HH115",2019-05-08 03:00:00,0.3431,76,1.2,9.08888888888889,9.46
"HH115",2019-05-08 04:00:00,0.3431,76.9,1.2,9.04,8.84111111111111
"HH115",2019-05-08 05:00:00,0.3475,86.8,1.2,9.04,7.92
"HH115",2019-05-08 06:00:00,0.3511,91.9,1.2,9.04,8.095
"HH115",2019-05-08 07:00:00,0.3504,91.4,36.2,9.015,8.66777777777778
"HH115",2019-05-08 08:00:00,0.3489,84.5,63.7,9.015,9.28722222222222
"HH115",2019-05-08 09:00:00,0.3475,77.2,123.7,9.04,10.1
"HH115",2019-05-08 10:00:00,0.346,71.5,278.7,9.08888888888889,11.5888888888889
"HH115",2019-05-08 11:00:00,0.3453,66,273.7,9.21277777777778,12.1711111111111
"HH115",2019-05-08 12:00:00,0.3438,65.4,326.2,9.41,13.0161111111111
"HH115",2019-05-08 13:00:00,0.3438,66.5,323.7,9.60777777777778,14.5772222222222
"HH115",2019-05-08 14:00:00,0.3424,62.9,536.2,9.805,17.51
"HH115",2019-05-08 15:00:00,0.3409,62.1,391.2,10.075,19.2222222222222
"HH115",2019-05-08 16:00:00,0.3395,62.7,283.7,10.345,20.0788888888889
"HH115",2019-05-08 17:00:00,0.3395,64.2,173.7,10.59,20.7222222222222
"HH115",2019-05-08 18:00:00,0.3395,62.7,73.7,10.785,22.4888888888889
"HH115",2019-05-08 19:00:00,0.338,62.4,33.7,10.9561111111111,22.0822222222222
"HH115",2019-05-08 20:00:00,0.338,65.4,1.2,11.1022222222222,21.4611111111111
"HH115",2019-05-08 21:00:00,0.338,67.8,1.2,11.2,20.5311111111111
"HH115",2019-05-08 22:00:00,0.3373,81,1.2,11.2972222222222,17.7011111111111
"HH115",2019-05-08 23:00:00,0.338,90.4,1.2,11.3211111111111,16.4872222222222
"HH115",2019-05-09 00:00:00,0.3635,94.7,1.2,11.3461111111111,16.1527777777778
"HH115",2019-05-09 01:00:00,0.3867,96.6,1.2,11.3938888888889,16.1288888888889
"HH115",2019-05-09 02:00:00,0.4288,97.5,1.2,11.4922222222222,16.1772222222222
"HH115",2019-05-09 03:00:00,0.4484,98.2,1.2,11.54,16.1061111111111
"HH115",2019-05-09 04:00:00,0.4484,98.6,1.2,11.6861111111111,16.1772222222222
"HH115",2019-05-09 05:00:00,0.4477,98.9,1.2,11.71,16.0577777777778
"HH115",2019-05-09 06:00:00,0.4455,99.2,3.7,11.7588888888889,16.32
"HH115",2019-05-09 07:00:00,0.4448,99.4,18.7,11.8072222222222,17.415
"HH115",2019-05-09 08:00:00,0.4426,99.5,61.2,11.8322222222222,17.4388888888889
"HH115",2019-05-09 09:00:00,0.4426,99.5,98.7,11.9038888888889,17.8672222222222
"HH115",2019-05-09 10:00:00,0.4412,98.7,121.2,12.0011111111111,18.1761111111111
"HH115",2019-05-09 11:00:00,0.4354,95.1,248.7,12.1472222222222,18.1522222222222
"HH115",2019-05-09 12:00:00,0.3998,89.1,298.7,12.3888888888889,16.5111111111111
"HH115",2019-05-09 13:00:00,0.3903,87,238.7,12.63,15.0077777777778
"HH115",2019-05-09 14:00:00,0.386,85.5,248.7,12.775,14.7922222222222
"HH115",2019-05-09 15:00:00,0.3816,80.9,218.7,12.7988888888889,13.0638888888889
"HH115",2019-05-09 16:00:00,0.3751,80,153.7,12.7988888888889,12.0738888888889
"HH115",2019-05-09 17:00:00,0.3722,78.7,126.2,12.7027777777778,11.71
"HH115",2019-05-09 18:00:00,0.3707,79.2,66.2,12.5822222222222,11.0527777777778
"HH115",2019-05-09 19:00:00,0.3656,81,13.7,12.4127777777778,10.1977777777778
"HH115",2019-05-09 20:00:00,0.3635,83.2,1.2,12.2188888888889,9.58277777777778
"HH115",2019-05-09 21:00:00,0.362,83.8,1.2,12.0011111111111,9.41
"HH115",2019-05-09 22:00:00,0.3605,83.4,1.2,11.8322222222222,9.015
"HH115",2019-05-09 23:00:00,0.3591,83.3,1.2,11.6372222222222,8.79222222222222
"HH115",2019-05-10 00:00:00,0.3584,85.3,1.2,11.4672222222222,7.72
"HH115",2019-05-10 01:00:00,0.3569,89,1.2,11.3211111111111,7.44388888888889
"HH115",2019-05-10 02:00:00,0.3547,88,1.2,11.175,7.49388888888889
"HH115",2019-05-10 03:00:00,0.3533,87.6,1.2,11.0288888888889,7.29277777777778
"HH115",2019-05-10 04:00:00,0.3518,89,1.2,10.8827777777778,6.76277777777778
"HH115",2019-05-10 05:00:00,0.3511,88.7,1.2,10.7611111111111,6.81277777777778
"HH115",2019-05-10 06:00:00,0.3504,86.6,1.2,10.6138888888889,7.015
"HH115",2019-05-10 07:00:00,0.3496,83.5,26.2,10.4922222222222,7.26777777777778
"HH115",2019-05-10 08:00:00,0.3489,77.9,123.7,10.3938888888889,7.56888888888889
"HH115",2019-05-10 09:00:00,0.3482,70.1,493.7,10.345,9.70611111111111
"HH115",2019-05-10 10:00:00,0.3475,65.8,411.2,10.3938888888889,11.4427777777778
"HH115",2019-05-10 11:00:00,0.3496,60.6,498.7,10.5411111111111,13.0638888888889
"HH115",2019-05-10 12:00:00,0.346,55.4,NA,10.7122222222222,14.4088888888889
"HH115",2019-05-10 13:00:00,0.3453,51.8,831.2,10.98,14.8877777777778
"HH115",2019-05-10 14:00:00,0.3547,51.3,466.2,11.3461111111111,13.8822222222222
"HH115",2019-05-10 15:00:00,0.3533,54.3,238.7,11.6372222222222,13.2572222222222
"HH115",2019-05-10 16:00:00,0.362,57.4,168.7,11.6861111111111,13.8338888888889
"HH115",2019-05-10 17:00:00,0.3613,56.7,183.7,11.6861111111111,13.305
"HH115",2019-05-10 18:00:00,0.3649,59.1,46.2,11.6127777777778,12.7027777777778
"HH115",2019-05-10 19:00:00,0.3656,64.3,23.7,11.5161111111111,11.3211111111111
"HH115",2019-05-10 20:00:00,0.3656,68.1,1.2,11.3938888888889,9.08888888888889
"HH115",2019-05-10 21:00:00,0.3649,73.3,1.2,11.2477777777778,7.54388888888889
"HH115",2019-05-10 22:00:00,0.3649,77.8,1.2,11.0527777777778,6.35722222222222
"HH115",2019-05-10 23:00:00,0.3649,84.7,1.2,10.8577777777778,5.23111111111111
"HH115",2019-05-11 00:00:00,0.3642,88.6,1.2,10.6872222222222,4.92111111111111
"HH115",2019-05-11 01:00:00,0.3642,90.4,1.2,10.5161111111111,5.46222222222222
"HH115",2019-05-11 02:00:00,0.3642,90.8,1.2,10.3688888888889,5.87222222222222
"HH115",2019-05-11 03:00:00,0.3642,90.6,1.2,10.2472222222222,6.12777777777778
"HH115",2019-05-11 04:00:00,0.3678,91.2,1.2,10.1488888888889,6.28111111111111
"HH115",2019-05-11 05:00:00,0.3678,91.8,1.2,10.075,6.45777777777778
"HH115",2019-05-11 06:00:00,0.3678,92.1,6.2,10.0011111111111,6.99
"HH115",2019-05-11 07:00:00,0.3685,87.4,33.7,9.95222222222222,8.74222222222222
"HH115",2019-05-11 08:00:00,0.3678,76.9,26.2,9.90277777777778,8.76722222222222
"HH115",2019-05-11 09:00:00,0.3678,75.1,56.2,9.87888888888889,9.08888888888889
"HH115",2019-05-11 10:00:00,0.3671,72.5,88.7,9.85388888888889,9.78
"HH115",2019-05-11 11:00:00,0.3664,66.1,101.2,9.87888888888889,11.2727777777778
"HH115",2019-05-11 12:00:00,0.3664,60.2,91.2,9.90277777777778,11.2
"HH115",2019-05-11 13:00:00,0.3664,61.7,66.2,9.92777777777778,10.3688888888889
"HH115",2019-05-11 14:00:00,0.3664,69.8,46.2,9.92777777777778,8.12
"HH115",2019-05-11 15:00:00,0.3678,84.6,48.7,9.90277777777778,7.29277777777778
"HH115",2019-05-11 16:00:00,0.3722,89.5,68.7,9.85388888888889,7.24222222222222
"HH115",2019-05-11 17:00:00,0.3751,91.7,86.2,9.82888888888889,7.49388888888889
"HH115",2019-05-11 18:00:00,0.3743,91.3,66.2,9.805,7.61888888888889
"HH115",2019-05-11 19:00:00,0.3736,89.6,36.2,9.805,7.11611111111111
"HH115",2019-05-11 20:00:00,0.3722,89.2,1.2,9.75611111111111,6.585
"HH115",2019-05-11 21:00:00,0.3722,88.8,1.2,9.68222222222222,6.50888888888889
"HH115",2019-05-11 22:00:00,0.3722,88.5,1.2,9.58277777777778,6.585
"HH115",2019-05-11 23:00:00,0.3714,87.2,1.2,9.50888888888889,6.56
"HH115",2019-05-12 00:00:00,0.3714,88.3,1.2,9.41,6.71222222222222
"HH115",2019-05-12 01:00:00,0.3707,88.8,1.2,9.33611111111111,6.68722222222222
"HH115",2019-05-12 02:00:00,0.3707,87,1.2,9.26222222222222,6.73722222222222
"HH115",2019-05-12 03:00:00,0.3707,85.8,1.2,9.21277777777778,6.68722222222222
"HH115",2019-05-12 04:00:00,0.37,88.3,1.2,9.16277777777778,6.05111111111111
"HH115",2019-05-12 05:00:00,0.37,90.2,1.2,9.08888888888889,5.87222222222222
"HH115",2019-05-12 06:00:00,0.37,90.2,6.2,9.04,6.12777777777778
"HH115",2019-05-12 07:00:00,0.3693,88.9,31.2,8.99,6.585
"HH115",2019-05-12 08:00:00,0.3693,85.7,66.2,8.965,7.39277777777778
"HH115",2019-05-12 09:00:00,0.3693,82.2,111.2,8.965,7.67
"HH115",2019-05-12 10:00:00,0.3685,79.5,283.7,8.99,9.63222222222222
"HH115",2019-05-12 11:00:00,0.3685,72.7,393.7,9.11388888888889,10.8577777777778
"HH115",2019-05-12 12:00:00,0.3678,67.8,383.7,9.31222222222222,11.54
"HH115",2019-05-12 13:00:00,0.3671,65.7,261.2,9.53388888888889,11.3938888888889
"HH115",2019-05-12 14:00:00,0.3671,63.5,278.7,9.70611111111111,11.54
"HH115",2019-05-12 15:00:00,0.3678,65.9,103.7,9.82888888888889,10.59
"HH115",2019-05-12 16:00:00,0.3671,67.1,93.7,9.85388888888889,10.1727777777778
"HH115",2019-05-12 17:00:00,0.3685,68.2,66.2,9.85388888888889,9.55777777777778
"HH115",2019-05-12 18:00:00,0.3693,73.9,23.7,9.82888888888889,7.845
"HH115",2019-05-12 19:00:00,0.3729,88,6.2,9.75611111111111,7.21722222222222
"HH115",2019-05-12 20:00:00,0.378,92.9,1.2,9.68222222222222,6.02611111111111
"HH115",2019-05-12 21:00:00,0.378,93.6,1.2,9.60777777777778,5.10222222222222
"HH115",2019-05-12 22:00:00,0.3773,93.7,1.2,9.485,5.33388888888889
"HH115",2019-05-12 23:00:00,0.3773,94.5,1.2,9.38611111111111,5.61611111111111
"HH115",2019-05-13 00:00:00,0.3773,95.3,1.2,9.28722222222222,5.89777777777778
"HH115",2019-05-13 01:00:00,0.3765,96.3,1.2,9.21277777777778,6.02611111111111
"HH115",2019-05-13 02:00:00,0.3758,96.7,1.2,9.13888888888889,5.69277777777778
"HH115",2019-05-13 03:00:00,0.3758,96.9,1.2,9.08888888888889,5.33388888888889
"HH115",2019-05-13 04:00:00,0.3751,97.2,1.2,9.04,5.30777777777778
"HH115",2019-05-13 05:00:00,0.3751,97.3,1.2,8.965,4.29777777777778
"HH115",2019-05-13 06:00:00,0.3751,97.2,8.7,8.89111111111111,4.32388888888889
"HH115",2019-05-13 07:00:00,0.3743,97,58.7,8.79222222222222,6.99
"HH115",2019-05-13 08:00:00,0.3743,87.2,116.2,8.74222222222222,9.805
"HH115",2019-05-13 09:00:00,0.3736,75.2,556.2,8.81722222222222,12.3161111111111
"HH115",2019-05-13 10:00:00,0.3729,65.5,678.7,9.04,14.0738888888889
"HH115",2019-05-13 11:00:00,0.3722,57.7,538.7,9.36111111111111,15.485
"HH115",2019-05-13 12:00:00,0.3722,51.2,921.2,9.68222222222222,17.0822222222222
"HH115",2019-05-13 13:00:00,0.3714,44.8,626.2,10.0011111111111,17.4388888888889
"HH115",2019-05-13 14:00:00,0.3707,43.3,401.2,10.3938888888889,17.1061111111111
"HH115",2019-05-13 15:00:00,0.37,45.7,338.7,10.7361111111111,17.6527777777778
"HH115",2019-05-13 16:00:00,0.3693,48.8,316.2,10.9322222222222,16.5338888888889
"HH115",2019-05-13 17:00:00,0.3693,52.6,131.2,11.0288888888889,15.1988888888889
"HH115",2019-05-13 18:00:00,0.3693,56,38.7,11.0527777777778,13.9777777777778
"HH115",2019-05-13 19:00:00,0.3685,58.5,21.2,10.98,12.775
"HH115",2019-05-13 20:00:00,0.3685,63.1,1.2,10.8827777777778,10.32
"HH115",2019-05-13 21:00:00,0.3685,70.6,1.2,10.7122222222222,8.295
"HH115",2019-05-13 22:00:00,0.3685,78.3,1.2,10.565,7.26777777777778
"HH115",2019-05-13 23:00:00,0.3685,83.5,1.2,10.3938888888889,5.975
"HH115",2019-05-14 00:00:00,0.3685,87.9,1.2,10.2222222222222,5.05
"HH115",2019-05-14 01:00:00,0.3678,90.9,1.2,10.0511111111111,4.48
"HH115",2019-05-14 02:00:00,0.3678,93,1.2,9.87888888888889,3.93222222222222
"HH115",2019-05-14 03:00:00,0.3678,94.2,1.2,9.70611111111111,3.61722222222222
"HH115",2019-05-14 04:00:00,0.3678,95.1,1.2,9.55777777777778,3.35388888888889
"HH115",2019-05-14 05:00:00,0.3678,95.7,1.2,9.41,3.11611111111111
"HH115",2019-05-14 06:00:00,0.3671,96.2,8.7,9.28722222222222,3.69611111111111
"HH115",2019-05-14 07:00:00,0.3671,96.6,46.2,9.16277777777778,7.34277777777778
"HH115",2019-05-14 08:00:00,0.3678,87.5,141.2,9.11388888888889,12.6538888888889
"HH115",2019-05-14 09:00:00,0.3671,62.6,493.7,9.21277777777778,15.7477777777778
"HH115",2019-05-14 10:00:00,0.3671,51.8,556.2,9.46,18.6038888888889
"HH115",2019-05-14 11:00:00,0.3664,44.3,456.2,9.805,20.4122222222222
"HH115",2019-05-14 12:00:00,0.3656,38.6,798.7,10.1727777777778,21.27
"HH115",2019-05-14 13:00:00,0.3656,36.4,318.7,10.5411111111111,20.7461111111111
"HH115",2019-05-14 14:00:00,0.3656,34.8,343.7,10.8827777777778,20.3411111111111
"HH115",2019-05-14 15:00:00,0.3642,34.8,271.2,11.2,19.8172222222222
"HH115",2019-05-14 16:00:00,0.3649,38.5,131.2,11.3938888888889,19.4838888888889
"HH115",2019-05-14 17:00:00,0.3642,40.1,123.7,11.4922222222222,20.1261111111111
"HH115",2019-05-14 18:00:00,0.3642,41.4,33.7,11.54,17.915
"HH115",2019-05-14 19:00:00,0.3642,45.4,21.2,11.54,18.0811111111111
"HH115",2019-05-14 20:00:00,0.3635,40.3,1.2,11.4922222222222,15.7238888888889
"HH115",2019-05-14 21:00:00,0.3635,49,1.2,11.4188888888889,14.0738888888889
"HH115",2019-05-14 22:00:00,0.3635,55.7,1.2,11.3211111111111,13.1122222222222
"HH115",2019-05-14 23:00:00,0.3627,63.5,1.2,11.2,11.2238888888889
"HH115",2019-05-15 00:00:00,0.3635,68,1.2,11.0777777777778,10.9072222222222
"HH115",2019-05-15 01:00:00,0.3627,66.7,1.2,10.9561111111111,10.7361111111111
"HH115",2019-05-15 02:00:00,0.3635,74.9,1.2,10.8338888888889,10.0261111111111
"HH115",2019-05-15 03:00:00,0.3635,84.1,1.2,10.7361111111111,8.99
"HH115",2019-05-15 04:00:00,0.3635,88.7,1.2,10.6377777777778,8.49388888888889
"HH115",2019-05-15 05:00:00,0.3635,91.2,1.2,10.565,8.59277777777778
"HH115",2019-05-15 06:00:00,0.3627,92.2,8.7,10.4672222222222,9.70611111111111
"HH115",2019-05-15 07:00:00,0.3635,91.7,31.2,10.4177777777778,11.2727777777778
"HH115",2019-05-15 08:00:00,0.3627,88.1,91.2,10.3938888888889,15.3661111111111
"HH115",2019-05-15 09:00:00,0.3635,69.5,461.2,10.4427777777778,18.9611111111111
"HH115",2019-05-15 10:00:00,0.362,56.8,558.7,10.6872222222222,19.9122222222222
"HH115",2019-05-15 11:00:00,0.3627,54.6,438.7,11.005,20.8172222222222
"HH115",2019-05-15 12:00:00,0.362,51.8,586.2,11.2972222222222,21.6277777777778
"HH115",2019-05-15 13:00:00,0.362,47.2,416.2,11.6372222222222,23.665
"HH115",2019-05-15 14:00:00,0.3613,46.5,268.7,12.1222222222222,23.16
"HH115",2019-05-15 15:00:00,0.3613,43.6,358.7,12.485,24.2188888888889
"HH115",2019-05-15 16:00:00,0.3605,42.6,328.7,12.7027777777778,23.6172222222222
"HH115",2019-05-15 17:00:00,0.3605,43.5,118.7,12.8472222222222,23.0161111111111
"HH115",2019-05-15 18:00:00,0.3598,46.2,53.7,12.92,22.2022222222222
"HH115",2019-05-15 19:00:00,0.3598,50.7,16.2,12.9438888888889,20.6027777777778
"HH115",2019-05-15 20:00:00,0.3598,60.6,1.2,12.8961111111111,17.6772222222222
"HH115",2019-05-15 21:00:00,0.3591,67.2,1.2,12.8227777777778,16.3922222222222
"HH115",2019-05-15 22:00:00,0.3591,71.9,1.2,12.7272222222222,15.6288888888889
"HH115",2019-05-15 23:00:00,0.3591,73.9,1.2,12.6061111111111,15.6761111111111
"HH115",2019-05-16 00:00:00,0.3591,77.8,1.2,12.485,14.5527777777778
"HH115",2019-05-16 01:00:00,0.3591,81.1,1.2,12.3888888888889,14.0261111111111
"HH115",2019-05-16 02:00:00,0.3591,81.3,1.2,12.2677777777778,13.93
"HH115",2019-05-16 03:00:00,0.3584,83.8,1.2,12.195,13.8577777777778
"HH115",2019-05-16 04:00:00,0.3591,86.5,1.2,12.0977777777778,13.2572222222222
"HH115",2019-05-16 05:00:00,0.3584,89.2,1.2,12.025,12.775
"HH115",2019-05-16 06:00:00,0.3584,88.1,11.2,11.9527777777778,14.9361111111111
"HH115",2019-05-16 07:00:00,0.3591,88.2,33.7,11.9038888888889,16.8677777777778
"HH115",2019-05-16 08:00:00,0.3584,85.1,106.2,11.9038888888889,18.7227777777778
"HH115",2019-05-16 09:00:00,0.3584,80.6,128.7,12.025,19.7927777777778
"HH115",2019-05-16 10:00:00,0.3584,77.2,91.2,12.1711111111111,20.46
"HH115",2019-05-16 11:00:00,0.3584,76.2,58.7,12.34,20.555
"HH115",2019-05-16 12:00:00,0.3584,83.9,11.2,12.4611111111111,18.105
"HH115",2019-05-16 13:00:00,0.362,93.7,6.2,12.5577777777778,16.4627777777778
"HH115",2019-05-16 14:00:00,0.3627,94.8,48.7,12.6061111111111,17.5338888888889
"HH115",2019-05-16 15:00:00,0.362,90.9,108.7,12.6538888888889,18.985
"HH115",2019-05-16 16:00:00,0.3627,88.2,98.7,12.7511111111111,21.4127777777778
"HH115",2019-05-16 17:00:00,0.362,79.7,83.7,12.8711111111111,23.0161111111111
"HH115",2019-05-16 18:00:00,0.362,77.1,31.2,13.0161111111111,22.3927777777778
"HH115",2019-05-16 19:00:00,0.3613,79.7,16.2,13.1372222222222,21.7238888888889
"HH115",2019-05-16 20:00:00,0.3605,85.2,1.2,13.2327777777778,20.2688888888889
"HH115",2019-05-16 21:00:00,0.3605,91.2,1.2,13.2572222222222,20.1261111111111
"HH115",2019-05-16 22:00:00,0.3605,92.3,1.2,13.2811111111111,19.4127777777778
"HH115",2019-05-16 23:00:00,0.3605,94.4,1.2,13.2811111111111,18.8422222222222
"HH115",2019-05-17 00:00:00,0.3605,95.4,1.2,13.2811111111111,18.7711111111111
"HH115",2019-05-17 01:00:00,0.386,96.5,1.2,13.305,16.7961111111111
"HH115",2019-05-17 02:00:00,0.3852,97.6,1.2,13.3288888888889,18.2711111111111
"HH115",2019-05-17 03:00:00,0.3831,97.1,1.2,13.3288888888889,17.7961111111111
"HH115",2019-05-17 04:00:00,0.3816,97.2,1.2,13.305,14.3372222222222
"HH115",2019-05-17 05:00:00,0.3809,97.4,1.2,13.2811111111111,12.6538888888889
"HH115",2019-05-17 06:00:00,0.3794,94.8,3.7,13.1611111111111,11.88
"HH115",2019-05-17 07:00:00,0.378,89.2,26.2,13.0161111111111,11.6372222222222
"HH115",2019-05-17 08:00:00,0.3773,85.3,36.2,12.8711111111111,11.4188888888889
"HH115",2019-05-17 09:00:00,0.3758,84.7,31.2,12.7272222222222,11.0777777777778
"HH115",2019-05-17 10:00:00,0.3751,82.3,58.7,12.6061111111111,11.4427777777778
"HH115",2019-05-17 11:00:00,0.3743,79.5,41.2,12.5088888888889,10.2472222222222
"HH115",2019-05-17 12:00:00,0.3743,84.1,83.7,12.4127777777778,10.4922222222222
"HH115",2019-05-17 13:00:00,0.3736,83,46.2,12.34,9.78
"HH115",2019-05-17 14:00:00,0.3729,80.2,108.7,12.2188888888889,10.7611111111111
"HH115",2019-05-17 15:00:00,0.3729,77.8,106.2,12.1222222222222,11.005
"HH115",2019-05-17 16:00:00,0.3722,77.6,48.7,12.0977777777778,9.97722222222222
"HH115",2019-05-17 17:00:00,0.3714,77.1,38.7,12.025,9.28722222222222
"HH115",2019-05-17 18:00:00,0.3714,79,16.2,11.9527777777778,8.31888888888889
"HH115",2019-05-17 19:00:00,0.3714,82.6,13.7,11.8322222222222,7.945
"HH115",2019-05-17 20:00:00,0.3714,82.6,1.2,11.6861111111111,6.94
"HH115",2019-05-17 21:00:00,0.3707,88.6,1.2,11.54,7.44388888888889
"HH115",2019-05-17 22:00:00,0.3707,86.9,1.2,11.3938888888889,7.695
"HH115",2019-05-17 23:00:00,0.3707,85.7,1.2,11.2727777777778,7.695
"HH115",2019-05-18 00:00:00,0.3707,86,1.2,11.175,7.67
"HH115",2019-05-18 01:00:00,0.3707,86,1.2,11.0777777777778,7.29277777777778
"HH115",2019-05-18 02:00:00,0.37,86.9,1.2,10.98,6.965
"HH115",2019-05-18 03:00:00,0.37,88.6,1.2,10.8827777777778,6.78777777777778
"HH115",2019-05-18 04:00:00,0.37,89.6,1.2,10.81,6.86388888888889
"HH115",2019-05-18 05:00:00,0.37,90,1.2,10.7122222222222,7.26777777777778
"HH115",2019-05-18 06:00:00,0.3693,88.5,6.2,10.6377777777778,8.02
"HH115",2019-05-18 07:00:00,0.3685,87.1,38.7,10.59,10.0011111111111
"HH115",2019-05-18 08:00:00,0.3685,83.8,111.2,10.59,13.7377777777778
"HH115",2019-05-18 09:00:00,0.3693,83.1,441.2,10.6872222222222,18.7938888888889
"HH115",2019-05-18 10:00:00,0.3693,76.7,541.2,10.9072222222222,22.3688888888889
"HH115",2019-05-18 11:00:00,0.3693,69.3,286.2,11.2972222222222,25.55
"HH115",2019-05-18 12:00:00,0.3685,64.2,433.7,11.7338888888889,26.8911111111111
"HH115",2019-05-18 13:00:00,0.3678,65.6,103.7,12.2427777777778,25.2577777777778
"HH115",2019-05-18 14:00:00,0.4201,75.9,11.2,12.6061111111111,16.5111111111111
"HH115",2019-05-18 15:00:00,0.4216,94.8,6.2,12.8472222222222,16.6538888888889
"HH115",2019-05-18 16:00:00,0.423,97,18.7,12.9438888888889,17.5338888888889
"HH115",2019-05-18 17:00:00,0.415,97.6,48.7,13.0161111111111,18.0811111111111
"HH115",2019-05-18 18:00:00,0.4114,96.3,23.7,13.0877777777778,18.1522222222222
"HH115",2019-05-18 19:00:00,0.4005,96.4,13.7,13.1372222222222,17.8672222222222
"HH115",2019-05-18 20:00:00,0.3998,97.2,1.2,13.1372222222222,17.0822222222222
"HH115",2019-05-18 21:00:00,0.3983,98,1.2,13.1372222222222,16.5111111111111
"HH115",2019-05-18 22:00:00,0.3969,98.5,1.2,13.0877777777778,16.4388888888889
"HH115",2019-05-18 23:00:00,0.3954,98.9,1.2,13.04,15.6288888888889
"HH115",2019-05-19 00:00:00,0.3947,99.1,1.2,12.9922222222222,13.3772222222222
"HH115",2019-05-19 01:00:00,0.3925,99.3,1.2,12.92,11.3938888888889
"HH115",2019-05-19 02:00:00,0.3932,99.5,1.2,12.8227777777778,11.3461111111111
"HH115",2019-05-19 03:00:00,0.3969,99.6,1.2,12.7027777777778,11.8561111111111
"HH115",2019-05-19 04:00:00,0.3976,99.7,1.2,12.6061111111111,12.4611111111111
"HH115",2019-05-19 05:00:00,0.399,99.9,1.2,12.5088888888889,16.6061111111111
"HH115",2019-05-19 06:00:00,0.3983,99.7,3.7,12.4611111111111,18.1522222222222
"HH115",2019-05-19 07:00:00,0.3969,93,26.2,12.5088888888889,19.2461111111111
"HH115",2019-05-19 08:00:00,0.3961,88.4,58.7,12.6061111111111,19.0077777777778
"HH115",2019-05-19 09:00:00,0.3947,91.5,56.2,12.7511111111111,18.8177777777778
"HH115",2019-05-19 10:00:00,0.394,91.3,36.2,12.8961111111111,18.7227777777778
"HH115",2019-05-19 11:00:00,0.3925,90.2,101.2,13.04,20.3877777777778
"HH115",2019-05-19 12:00:00,0.3918,84.2,241.2,13.185,21.1511111111111
"HH115",2019-05-19 13:00:00,0.3896,83,248.7,13.4011111111111,18.7938888888889
"HH115",2019-05-19 14:00:00,0.3896,84.6,156.2,13.6422222222222,20.8411111111111
"HH115",2019-05-19 15:00:00,0.3881,77,238.7,13.8577777777778,22.0577777777778
"HH115",2019-05-19 16:00:00,0.3874,73,133.7,14.0261111111111,20.9361111111111
"HH115",2019-05-19 17:00:00,0.3852,72.3,48.7,14.1461111111111,20.1738888888889
"HH115",2019-05-19 18:00:00,0.3845,74.2,36.2,14.1938888888889,19.3177777777778
"HH115",2019-05-19 19:00:00,0.3809,78,13.7,14.1938888888889,18.295
"HH115",2019-05-19 20:00:00,0.3802,80.2,1.2,14.1222222222222,16.915
"HH115",2019-05-19 21:00:00,0.3787,81.8,1.2,14.05,15.1272222222222
"HH115",2019-05-19 22:00:00,0.378,83,1.2,13.9061111111111,14.1461111111111
"HH115",2019-05-19 23:00:00,0.3765,84.1,1.2,13.7622222222222,13.6177777777778
"HH115",2019-05-20 00:00:00,0.3765,84.6,1.2,13.6177777777778,12.7511111111111
"HH115",2019-05-20 01:00:00,0.3758,85.4,1.2,13.4727777777778,11.9288888888889
"HH115",2019-05-20 02:00:00,0.3751,87.1,1.2,13.3288888888889,11.2238888888889
"HH115",2019-05-20 03:00:00,0.3751,87.1,1.2,13.185,10.4427777777778
"HH115",2019-05-20 04:00:00,0.3743,85.2,1.2,13.04,10.1
"HH115",2019-05-20 05:00:00,0.3736,84.2,1.2,12.8961111111111,9.85388888888889
"HH115",2019-05-20 06:00:00,0.3736,85.3,1.2,12.7511111111111,8.17
"HH115",2019-05-20 07:00:00,0.3729,85.3,26.2,12.6061111111111,8.64277777777778
"HH115",2019-05-20 08:00:00,0.3729,81.5,38.7,12.4611111111111,8.49388888888889
"HH115",2019-05-20 09:00:00,0.3729,78.3,73.7,12.3161111111111,9.015
"HH115",2019-05-20 10:00:00,0.3722,76.9,86.2,12.2188888888889,9.41
"HH115",2019-05-20 11:00:00,0.3714,76.5,78.7,12.1222222222222,10.0511111111111
"HH115",2019-05-20 12:00:00,0.3714,73.6,81.2,12.0738888888889,10.6627777777778
"HH115",2019-05-20 13:00:00,0.3714,71.1,76.2,12.05,11.37
"HH115",2019-05-20 14:00:00,0.3707,69.7,96.2,12.025,11.88
"HH115",2019-05-20 15:00:00,0.3707,68.4,88.7,12.025,12.8227777777778
"HH115",2019-05-20 16:00:00,0.37,65.6,131.2,12.05,12.34
"HH115",2019-05-20 17:00:00,0.3693,70.3,23.7,12.0738888888889,11.2238888888889
"HH115",2019-05-20 18:00:00,0.3693,74.2,18.7,12.0738888888889,11.1022222222222
"HH115",2019-05-20 19:00:00,0.3685,73.1,13.7,12.025,10.1
"HH115",2019-05-20 20:00:00,0.3685,73,1.2,11.9527777777778,8.86611111111111
"HH115",2019-05-20 21:00:00,0.3685,73.5,1.2,11.8561111111111,7.77
"HH115",2019-05-20 22:00:00,0.3685,78.6,1.2,11.7338888888889,6.81277777777778
"HH115",2019-05-20 23:00:00,0.3685,84.8,1.2,11.6127777777778,6.68722222222222
"HH115",2019-05-21 00:00:00,0.3678,87.5,1.2,11.4922222222222,6.965
"HH115",2019-05-21 01:00:00,0.3678,86.4,1.2,11.37,7.46888888888889
"HH115",2019-05-21 02:00:00,0.3678,85.2,1.2,11.2727777777778,8.17
"HH115",2019-05-21 03:00:00,0.3671,78.1,1.2,11.175,8.44388888888889
"HH115",2019-05-21 04:00:00,0.3678,79,1.2,11.1022222222222,7.945
"HH115",2019-05-21 05:00:00,0.3671,84.3,1.2,11.0288888888889,7.895
"HH115",2019-05-21 06:00:00,0.3678,87,1.2,10.98,7.24222222222222
"HH115",2019-05-21 07:00:00,0.3693,93.2,16.2,10.9072222222222,7.845
"HH115",2019-05-21 08:00:00,0.3693,95,18.7,10.8577777777778,8.02
"HH115",2019-05-21 09:00:00,0.3693,94.2,46.2,10.8338888888889,9.21277777777778
"HH115",2019-05-21 10:00:00,0.3693,92.5,36.2,10.8338888888889,9.11388888888889
"HH115",2019-05-21 11:00:00,0.37,93.9,43.7,10.8577777777778,8.94111111111111
"HH115",2019-05-21 12:00:00,0.3693,94.8,33.7,10.8577777777778,8.79222222222222
"HH115",2019-05-21 13:00:00,0.37,95.2,48.7,10.8577777777778,9.435
"HH115",2019-05-21 14:00:00,0.37,90.2,78.7,10.8827777777778,10.59
"HH115",2019-05-21 15:00:00,0.3693,84.6,68.7,10.9072222222222,10.81
"HH115",2019-05-21 16:00:00,0.3693,81.3,51.2,10.9561111111111,10.785
"HH115",2019-05-21 17:00:00,0.3685,78.2,33.7,10.9561111111111,10.7361111111111
"HH115",2019-05-21 18:00:00,0.3685,76.8,18.7,10.9561111111111,10.8827777777778
"HH115",2019-05-21 19:00:00,0.3678,75.2,6.2,10.9322222222222,11.1022222222222
"HH115",2019-05-21 20:00:00,0.3678,75.3,1.2,10.8827777777778,11.3461111111111
"HH115",2019-05-21 21:00:00,0.3678,76,1.2,10.8577777777778,11.6372222222222
"HH115",2019-05-21 22:00:00,0.3671,71.9,1.2,10.8338888888889,12.34
"HH115",2019-05-21 23:00:00,0.3678,79.4,1.2,10.81,11.9772222222222
"HH115",2019-05-22 00:00:00,0.3816,80.7,1.2,10.81,10.0011111111111
"HH115",2019-05-22 01:00:00,0.4274,94.5,1.2,10.7611111111111,9.82888888888889
"HH115",2019-05-22 02:00:00,0.4274,96.6,1.2,10.7122222222222,9.85388888888889
"HH115",2019-05-22 03:00:00,0.4281,97.6,1.2,10.6872222222222,10.1
"HH115",2019-05-22 04:00:00,0.4237,97.9,1.2,10.6872222222222,10.4672222222222
"HH115",2019-05-22 05:00:00,0.4208,98,1.2,10.6627777777778,10.8577777777778
"HH115",2019-05-22 06:00:00,0.4172,98.3,1.2,10.6872222222222,11.4672222222222
"HH115",2019-05-22 07:00:00,0.4121,98.4,8.7,10.7122222222222,12.485
"HH115",2019-05-22 08:00:00,0.407,98.6,33.7,10.7361111111111,14.505
"HH115",2019-05-22 09:00:00,0.4049,97.2,213.7,10.8338888888889,16.5111111111111
"HH115",2019-05-22 10:00:00,0.4005,89.4,363.7,11.0288888888889,19.1027777777778
"HH115",2019-05-22 11:00:00,0.3983,82.2,203.7,11.3211111111111,21.1988888888889
"HH115",2019-05-22 12:00:00,0.3969,76.1,606.2,11.71,23.0638888888889
"HH115",2019-05-22 13:00:00,0.394,68.3,306.2,12.1711111111111,24.6288888888889
"HH115",2019-05-22 14:00:00,0.3918,59.5,163.7,12.6777777777778,26.085
"HH115",2019-05-22 15:00:00,0.3903,52.8,281.2,13.0877777777778,26.8177777777778
"HH115",2019-05-22 16:00:00,0.3889,52.1,178.7,13.3772222222222,26.0361111111111
"HH115",2019-05-22 17:00:00,0.386,51.9,36.2,13.5938888888889,25.9872222222222
"HH115",2019-05-22 18:00:00,0.386,52.4,18.7,13.7138888888889,25.55
"HH115",2019-05-22 19:00:00,0.3823,57.6,8.7,13.7861111111111,24.5572222222222
"HH115",2019-05-22 20:00:00,0.3816,63.7,1.2,13.8338888888889,24.0738888888889
"HH115",2019-05-22 21:00:00,0.3809,71.2,1.2,13.8577777777778,23.2561111111111
"HH115",2019-05-22 22:00:00,0.3809,76.2,1.2,13.8822222222222,22.465
"HH115",2019-05-22 23:00:00,0.3802,83.6,1.2,13.9061111111111,20.2927777777778
"HH115",2019-05-23 00:00:00,0.3809,93.4,1.2,13.9061111111111,19.8172222222222
"HH115",2019-05-23 01:00:00,0.3794,95.7,1.2,13.9061111111111,19.7927777777778
"HH115",2019-05-23 02:00:00,0.4172,96.8,1.2,14.0022222222222,19.555
"HH115",2019-05-23 03:00:00,0.4107,97.5,1.2,14.0977777777778,19.3411111111111
"HH115",2019-05-23 04:00:00,0.407,97.8,1.2,14.0977777777778,18.5327777777778
"HH115",2019-05-23 05:00:00,0.4019,97,1.2,14.0977777777778,17.0822222222222
"HH115",2019-05-23 06:00:00,0.3983,95.5,3.7,14.05,15.7961111111111
"HH115",2019-05-23 07:00:00,0.3976,90.8,13.7,13.9777777777778,16.2961111111111
"HH115",2019-05-23 08:00:00,0.3969,83.5,41.2,13.8822222222222,17.2961111111111
"HH115",2019-05-23 09:00:00,0.394,72,273.7,13.8577777777778,18.8661111111111
"HH115",2019-05-23 10:00:00,0.3925,63.6,433.7,13.8822222222222,20.0072222222222
"HH115",2019-05-23 11:00:00,0.3911,59.8,246.2,14.05,20.555
"HH115",2019-05-23 12:00:00,0.3881,57.4,818.7,14.1222222222222,21.9388888888889
"HH115",2019-05-23 13:00:00,0.3867,57.4,196.2,14.3138888888889,22.3211111111111
"HH115",2019-05-23 14:00:00,0.3852,56.1,203.7,14.5527777777778,22.5372222222222
"HH115",2019-05-23 15:00:00,0.3816,55.7,98.7,14.745,22.8477777777778
"HH115",2019-05-23 16:00:00,0.3802,55.6,146.2,14.84,22.9677777777778
"HH115",2019-05-23 17:00:00,0.3787,55.9,43.7,14.9122222222222,22.5127777777778
"HH115",2019-05-23 18:00:00,0.3758,56.6,16.2,14.9361111111111,21.7722222222222
"HH115",2019-05-23 19:00:00,0.3751,56.3,8.7,14.9122222222222,20.5788888888889
"HH115",2019-05-23 20:00:00,0.3751,60.8,1.2,14.84,18.675
"HH115",2019-05-23 21:00:00,0.3743,70,1.2,14.7677777777778,16.6061111111111
"HH115",2019-05-23 22:00:00,0.3729,78,1.2,14.6488888888889,15.4377777777778
"HH115",2019-05-23 23:00:00,0.3729,83.5,1.2,14.5288888888889,14.4572222222222
"HH115",2019-05-24 00:00:00,0.3729,87.4,1.2,14.4088888888889,14.17
"HH115",2019-05-24 01:00:00,0.3729,89.4,1.2,14.29,13.7138888888889
"HH115",2019-05-24 02:00:00,0.3714,92,1.2,14.17,13.6177777777778
"HH115",2019-05-24 03:00:00,0.3714,92.4,1.2,14.05,14.2422222222222
"HH115",2019-05-24 04:00:00,0.3714,85.3,1.2,13.9538888888889,14.9838888888889
"HH115",2019-05-24 05:00:00,0.3714,79.4,1.2,13.8822222222222,14.7677777777778
"HH115",2019-05-24 06:00:00,0.3714,85.6,1.2,13.81,13.3772222222222
"HH115",2019-05-24 07:00:00,0.3736,93.3,3.7,13.7138888888889,12.3888888888889
"HH115",2019-05-24 08:00:00,0.3743,95.7,18.7,13.6422222222222,13.0161111111111
"HH115",2019-05-24 09:00:00,0.3736,94.1,63.7,13.57,14.6972222222222
"HH115",2019-05-24 10:00:00,0.3736,88.2,33.7,13.5461111111111,15.0311111111111
"HH115",2019-05-24 11:00:00,0.3729,85.7,38.7,13.5461111111111,16.3677777777778
"HH115",2019-05-24 12:00:00,0.3729,81.5,43.7,13.57,17.3911111111111
"HH115",2019-05-24 13:00:00,0.3722,81,53.7,13.6177777777778,17.6288888888889
"HH115",2019-05-24 14:00:00,0.3722,80.4,43.7,13.69,19.1511111111111
"HH115",2019-05-24 15:00:00,0.3714,78.7,43.7,13.7622222222222,20.0072222222222
"HH115",2019-05-24 16:00:00,0.3714,79.7,48.7,13.8338888888889,20.9838888888889
"HH115",2019-05-24 17:00:00,0.3707,79.7,46.2,13.9538888888889,21.5811111111111
"HH115",2019-05-24 18:00:00,0.37,79.8,26.2,14.0738888888889,20.3877777777778
"HH115",2019-05-24 19:00:00,0.37,81.5,8.7,14.17,20.1977777777778
"HH115",2019-05-24 20:00:00,0.3693,84.5,1.2,14.2177777777778,18.9127777777778
"HH115",2019-05-24 21:00:00,0.3693,88.4,1.2,14.2422222222222,17.9622222222222
"HH115",2019-05-24 22:00:00,0.3693,91.9,1.2,14.2177777777778,17.7238888888889
"HH115",2019-05-24 23:00:00,0.37,95.5,1.2,14.2177777777778,20.7222222222222
"HH115",2019-05-25 00:00:00,0.37,97.2,1.2,14.2177777777778,21.2227777777778
"HH115",2019-05-25 01:00:00,0.37,95.9,1.2,14.2422222222222,22.2261111111111
"HH115",2019-05-25 02:00:00,0.3693,91.6,1.2,14.3138888888889,22.13
"HH115",2019-05-25 03:00:00,0.3693,89.1,1.2,14.385,22.2261111111111
"HH115",2019-05-25 04:00:00,0.3685,89.9,1.2,14.4572222222222,20.8888888888889
"HH115",2019-05-25 05:00:00,0.3685,94.1,1.2,14.505,19.7222222222222
"HH115",2019-05-25 06:00:00,0.3678,95.9,1.2,14.5288888888889,19.5788888888889
"HH115",2019-05-25 07:00:00,0.3678,95.2,8.7,14.5527777777778,20.15
"HH115",2019-05-25 08:00:00,0.3678,87.5,26.2,14.5772222222222,21.5088888888889
"HH115",2019-05-25 09:00:00,0.3671,81.6,91.2,14.6488888888889,22.705
"HH115",2019-05-25 10:00:00,0.3671,77.1,198.7,14.7677777777778,22.13
"HH115",2019-05-25 11:00:00,0.3664,78.4,56.2,14.9122222222222,22.2738888888889
"HH115",2019-05-25 12:00:00,0.3664,78.3,178.7,15.0077777777778,24.1222222222222
"HH115",2019-05-25 13:00:00,0.3656,76.2,241.2,15.1511111111111,23.3277777777778
"HH115",2019-05-25 14:00:00,0.3649,77.9,56.2,15.3422222222222,25.1127777777778
"HH115",2019-05-25 15:00:00,0.3649,71.8,61.2,15.4611111111111,26.085
"HH115",2019-05-25 16:00:00,0.3635,67.5,71.2,15.605,25.9872222222222
"HH115",2019-05-25 17:00:00,0.3627,71,26.2,15.7722222222222,25.89
"HH115",2019-05-25 18:00:00,0.3627,70.6,13.7,15.8911111111111,26.1088888888889
"HH115",2019-05-25 19:00:00,0.362,73.7,6.2,15.9388888888889,24.46
"HH115",2019-05-25 20:00:00,0.362,76.4,1.2,15.9627777777778,23.2322222222222
"HH115",2019-05-25 21:00:00,0.3613,83.6,1.2,15.9627777777778,21.2461111111111
"HH115",2019-05-25 22:00:00,0.3613,89.3,1.2,15.915,20.2461111111111
"HH115",2019-05-25 23:00:00,0.3613,91.7,1.2,15.8672222222222,19.8877777777778
"HH115",2019-05-26 00:00:00,0.3613,92.9,1.2,15.8188888888889,19.6272222222222
"HH115",2019-05-26 01:00:00,0.3605,93.6,1.2,15.7477777777778,19.8172222222222
"HH115",2019-05-26 02:00:00,0.3605,95.1,1.2,15.6761111111111,18.8422222222222
"HH115",2019-05-26 03:00:00,0.3605,97,1.2,15.6288888888889,18.3661111111111
"HH115",2019-05-26 04:00:00,0.3605,97.7,1.2,15.5811111111111,18.3188888888889
"HH115",2019-05-26 05:00:00,0.3598,98.2,1.2,15.5327777777778,18.5327777777778
"HH115",2019-05-26 06:00:00,0.3598,98.6,1.2,15.485,17.9861111111111
"HH115",2019-05-26 07:00:00,0.3598,98.8,3.7,15.4377777777778,18.1288888888889
"HH115",2019-05-26 08:00:00,0.3598,98.8,11.2,15.39,18.8422222222222
"HH115",2019-05-26 09:00:00,0.3591,94.9,6.2,15.3661111111111,17.0577777777778
"HH115",2019-05-26 10:00:00,0.3591,90.9,16.2,15.3422222222222,16.0338888888889
"HH115",2019-05-26 11:00:00,0.3591,92.4,23.7,15.2938888888889,16.8438888888889
"HH115",2019-05-26 12:00:00,0.3584,88.6,51.2,15.2472222222222,18.8422222222222
"HH115",2019-05-26 13:00:00,0.3584,81.9,68.7,15.2472222222222,20.5788888888889
"HH115",2019-05-26 14:00:00,0.3591,79.6,63.7,15.2938888888889,21.2227777777778
"HH115",2019-05-26 15:00:00,0.3576,75.8,63.7,15.39,22.8238888888889
"HH115",2019-05-26 16:00:00,0.3576,70.4,76.2,15.5088888888889,22.7288888888889
"HH115",2019-05-26 17:00:00,0.3569,71.6,23.7,15.6288888888889,22.3211111111111
"HH115",2019-05-26 18:00:00,0.3569,70.1,11.2,15.7,21.27
"HH115",2019-05-26 19:00:00,0.3562,71.1,6.2,15.7238888888889,19.4361111111111
"HH115",2019-05-26 20:00:00,0.3562,75.4,1.2,15.7238888888889,17.1772222222222
"HH115",2019-05-26 21:00:00,0.3555,77.8,1.2,15.6522222222222,15.5327777777778
"HH115",2019-05-26 22:00:00,0.3555,80.5,1.2,15.5327777777778,14.5288888888889
"HH115",2019-05-26 23:00:00,0.3555,82,1.2,15.4138888888889,13.9538888888889
"HH115",2019-05-27 00:00:00,0.3555,82.1,1.2,15.27,12.92
"HH115",2019-05-27 01:00:00,0.3547,85,1.2,15.1272222222222,12.05
"HH115",2019-05-27 02:00:00,0.3555,89.5,1.2,14.9838888888889,11.4672222222222
"HH115",2019-05-27 03:00:00,0.3547,91.7,1.2,14.8161111111111,11.37
"HH115",2019-05-27 04:00:00,0.3547,90.6,1.2,14.6972222222222,11.6127777777778
"HH115",2019-05-27 05:00:00,0.3547,91,1.2,14.5527777777778,11.3938888888889
"HH115",2019-05-27 06:00:00,0.3547,89.7,1.2,14.4327777777778,12.0011111111111
"HH115",2019-05-27 07:00:00,0.3555,85.3,8.7,14.3372222222222,13.7622222222222
"HH115",2019-05-27 08:00:00,0.3555,82.7,18.7,14.2661111111111,17.1772222222222
"HH115",2019-05-27 09:00:00,0.3547,74.8,46.2,14.2661111111111,18.58
"HH115",2019-05-27 10:00:00,0.3547,74.7,88.7,14.3138888888889,21.0322222222222
"HH115",2019-05-27 11:00:00,0.3547,75,81.2,14.4327777777778,21.6038888888889
"HH115",2019-05-27 12:00:00,0.3547,76.7,61.2,14.6011111111111,21.915
"HH115",2019-05-27 13:00:00,0.3547,76.7,18.7,14.7677777777778,20.865
"HH115",2019-05-27 14:00:00,0.4412,93,1.2,14.96,17.8188888888889
"HH115",2019-05-27 15:00:00,0.439,96.9,51.2,15.5327777777778,17.9377777777778
"HH115",2019-05-27 16:00:00,0.4368,97.6,21.2,15.7238888888889,18.105
"HH115",2019-05-27 17:00:00,0.4441,98.1,1.2,15.8188888888889,18.2
"HH115",2019-05-27 18:00:00,0.4426,98.6,16.2,15.8911111111111,18.8422222222222
"HH115",2019-05-27 19:00:00,0.4412,98.9,8.7,15.8427777777778,19.2222222222222
"HH115",2019-05-27 20:00:00,0.439,99.1,1.2,15.8188888888889,18.7938888888889
"HH115",2019-05-27 21:00:00,0.4383,99.4,1.2,15.8188888888889,19.2222222222222
"HH115",2019-05-27 22:00:00,0.4375,99.6,1.2,15.8188888888889,20.15
"HH115",2019-05-27 23:00:00,0.4361,99.8,1.2,15.7722222222222,19.5322222222222
"HH115",2019-05-28 00:00:00,0.4303,99.9,1.2,15.7722222222222,19.3177777777778
"HH115",2019-05-28 01:00:00,0.4237,100,1.2,15.7477777777778,18.9127777777778
"HH115",2019-05-28 02:00:00,0.4201,100,1.2,15.7477777777778,18.5327777777778
"HH115",2019-05-28 03:00:00,0.4172,100,1.2,15.7,18.2711111111111
"HH115",2019-05-28 04:00:00,0.4143,100,1.2,15.6761111111111,18.0811111111111
"HH115",2019-05-28 05:00:00,0.4099,100,1.2,15.6288888888889,18.01
"HH115",2019-05-28 06:00:00,0.4085,100,1.2,15.605,18.295
"HH115",2019-05-28 07:00:00,0.4012,100,11.2,15.5572222222222,17.0111111111111
"HH115",2019-05-28 08:00:00,0.3998,100,23.7,15.5327777777778,17.1527777777778
"HH115",2019-05-28 09:00:00,0.3976,99.9,48.7,15.5327777777778,17.8672222222222
"HH115",2019-05-28 10:00:00,0.3969,94.2,103.7,15.5572222222222,18.7711111111111
"HH115",2019-05-28 11:00:00,0.3947,86.8,88.7,15.6288888888889,20.1027777777778
"HH115",2019-05-28 12:00:00,0.394,83.5,88.7,15.7238888888889,20.1977777777778
"HH115",2019-05-28 13:00:00,0.3918,85.2,26.2,15.8188888888889,18.0811111111111
"HH115",2019-05-28 14:00:00,0.3903,87.6,31.2,15.8188888888889,16.63
"HH115",2019-05-28 15:00:00,0.4201,91.6,3.7,15.8188888888889,14.6488888888889
"HH115",2019-05-28 16:00:00,0.4136,97.4,16.2,15.7238888888889,13.425
"HH115",2019-05-28 17:00:00,0.4092,97.5,18.7,15.5811111111111,12.0977777777778
"HH115",2019-05-28 18:00:00,0.4063,96.3,18.7,15.4377777777778,12.5822222222222
"HH115",2019-05-28 19:00:00,0.4012,95,3.7,15.2938888888889,12.3638888888889
"HH115",2019-05-28 20:00:00,0.3998,95.1,1.2,15.1511111111111,11.6622222222222
"HH115",2019-05-28 21:00:00,0.3983,95.8,1.2,15.0077777777778,11.5161111111111
"HH115",2019-05-28 22:00:00,0.423,97.3,1.2,14.8638888888889,11.4922222222222
"HH115",2019-05-28 23:00:00,0.4295,98.6,1.2,14.6727777777778,11.4427777777778
"HH115",2019-05-29 00:00:00,0.4375,99.1,1.2,14.4572222222222,11.3461111111111
"HH115",2019-05-29 01:00:00,0.4375,99.5,1.2,14.1461111111111,11.565
"HH115",2019-05-29 02:00:00,0.4375,99.7,1.2,14.0261111111111,11.8072222222222
"HH115",2019-05-29 03:00:00,0.4375,100,1.2,13.9538888888889,12.4127777777778
"HH115",2019-05-29 04:00:00,0.4375,100,1.2,13.8822222222222,12.7988888888889
"HH115",2019-05-29 05:00:00,0.4368,100,1.2,13.8338888888889,12.1711111111111
"HH115",2019-05-29 06:00:00,0.4361,100,1.2,13.81,11.9288888888889
"HH115",2019-05-29 07:00:00,0.4354,100,8.7,13.7622222222222,12.6538888888889
"HH115",2019-05-29 08:00:00,0.4339,100,21.2,13.7377777777778,13.9061111111111
"HH115",2019-05-29 09:00:00,0.4281,100,33.7,13.7377777777778,15.055
"HH115",2019-05-29 10:00:00,0.4237,100,48.7,13.7861111111111,16.225
"HH115",2019-05-29 11:00:00,0.4179,100,93.7,13.8822222222222,19.27
"HH115",2019-05-29 12:00:00,0.4143,91.2,131.2,14.05,20.5311111111111
"HH115",2019-05-29 13:00:00,0.4099,86,73.7,14.3138888888889,21.0788888888889
"HH115",2019-05-29 14:00:00,0.4056,82.7,61.2,14.5527777777778,21.9388888888889
"HH115",2019-05-29 15:00:00,0.4027,83.1,53.7,14.7677777777778,22.6572222222222
"HH115",2019-05-29 16:00:00,0.4012,81.2,38.7,14.9361111111111,22.0111111111111
"HH115",2019-05-29 17:00:00,0.399,81.5,28.7,15.1027777777778,21.8188888888889
"HH115",2019-05-29 18:00:00,0.3983,81.3,16.2,15.2227777777778,21.39
"HH115",2019-05-29 19:00:00,0.3969,87.3,3.7,15.2938888888889,20.1027777777778
"HH115",2019-05-29 20:00:00,0.3961,87.1,1.2,15.3422222222222,17.9622222222222
"HH115",2019-05-29 21:00:00,0.3925,87.7,1.2,15.3177777777778,16.4872222222222
"HH115",2019-05-29 22:00:00,0.3903,90.5,1.2,15.27,15.8672222222222
"HH115",2019-05-29 23:00:00,0.3867,93.3,1.2,15.1988888888889,15.39
"HH115",2019-05-30 00:00:00,0.386,94.8,1.2,15.1027777777778,15.0788888888889
"HH115",2019-05-30 01:00:00,0.386,95.8,1.2,15.0077777777778,15.1272222222222
"HH115",2019-05-30 02:00:00,0.3845,96.1,1.2,14.9361111111111,15.1988888888889
"HH115",2019-05-30 03:00:00,0.3903,97.4,1.2,14.8638888888889,15.8672222222222
"HH115",2019-05-30 04:00:00,0.3961,98.6,1.2,14.8161111111111,15.605
"HH115",2019-05-30 05:00:00,0.4136,99.1,1.2,14.7677777777778,15.3177777777778
"HH115",2019-05-30 06:00:00,0.4107,99.3,1.2,14.745,15.0788888888889
"HH115",2019-05-30 07:00:00,0.407,99.6,3.7,14.7211111111111,15.3661111111111
"HH115",2019-05-30 08:00:00,0.4041,99.8,21.2,14.6972222222222,16.3922222222222
"HH115",2019-05-30 09:00:00,0.4005,99.9,83.7,14.6972222222222,17.6772222222222
"HH115",2019-05-30 10:00:00,0.399,98.4,231.2,14.7677777777778,19.2938888888889
"HH115",2019-05-30 11:00:00,0.3969,90.1,68.7,14.9838888888889,19.6738888888889
"HH115",2019-05-30 12:00:00,0.3954,84.7,168.7,15.1511111111111,22.0822222222222
"HH115",2019-05-30 13:00:00,0.394,82.6,48.7,15.3177777777778,21.6277777777778
"HH115",2019-05-30 14:00:00,0.3925,81.1,36.2,15.4611111111111,22.4172222222222
"HH115",2019-05-30 15:00:00,0.3881,75.4,41.2,15.605,23.4
"HH115",2019-05-30 16:00:00,0.3867,71.9,63.7,15.7477777777778,23.5688888888889
"HH115",2019-05-30 17:00:00,0.3852,68.1,18.7,15.8672222222222,23.1838888888889
"HH115",2019-05-30 18:00:00,0.3845,72.7,8.7,15.9627777777778,21.6038888888889
"HH115",2019-05-30 19:00:00,0.3816,76.5,3.7,16.01,20.5311111111111
"HH115",2019-05-30 20:00:00,0.3809,78.4,1.2,16.01,19.3177777777778
"HH115",2019-05-30 21:00:00,0.3802,86.7,1.2,15.9627777777778,17.2961111111111
"HH115",2019-05-30 22:00:00,0.3802,90.1,1.2,15.915,16.415
"HH115",2019-05-30 23:00:00,0.3794,92.3,1.2,15.8188888888889,16.0822222222222
"HH115",2019-05-31 00:00:00,0.3794,94.1,1.2,15.7477777777778,15.3661111111111
"HH115",2019-05-31 01:00:00,0.3787,95.5,1.2,15.6288888888889,14.8877777777778
"HH115",2019-05-31 02:00:00,0.378,96.6,1.2,15.5327777777778,14.385
"HH115",2019-05-31 03:00:00,0.378,97.3,1.2,15.4377777777778,14.3138888888889
"HH115",2019-05-31 04:00:00,0.3773,97.8,1.2,15.3422222222222,14.05
"HH115",2019-05-31 05:00:00,0.3773,98.3,1.2,15.2472222222222,15.5088888888889
"HH115",2019-05-31 06:00:00,0.3773,98,1.2,15.175,15.7722222222222
"HH115",2019-05-31 07:00:00,0.3773,97.8,8.7,15.1027777777778,16.4388888888889
"HH115",2019-05-31 08:00:00,0.3773,97.2,21.2,15.0788888888889,17.8911111111111
"HH115",2019-05-31 09:00:00,0.3765,94.3,41.2,15.1027777777778,19.4838888888889
"HH115",2019-05-31 10:00:00,0.3765,88.2,121.2,15.175,21.7477777777778
"HH115",2019-05-31 11:00:00,0.3758,81.6,98.7,15.3422222222222,23.5211111111111
"HH115",2019-05-31 12:00:00,0.3743,75.4,206.2,15.5572222222222,24.4122222222222
"HH115",2019-05-31 13:00:00,0.3736,68.4,86.2,15.7961111111111,25.21
"HH115",2019-05-31 14:00:00,0.3743,66.1,43.7,16.0822222222222,25.3072222222222
"HH115",2019-05-31 15:00:00,0.3722,67.3,46.2,16.2722222222222,25.4038888888889
"HH115",2019-05-31 16:00:00,0.3714,65.8,41.2,16.415,25.1372222222222
"HH115",2019-05-31 17:00:00,0.37,67.2,21.2,16.5338888888889,24.75
"HH115",2019-05-31 18:00:00,0.3693,66.7,11.2,16.6061111111111,24.3627777777778
"HH115",2019-05-31 19:00:00,0.3685,69.8,6.2,16.63,23.7372222222222
"HH115",2019-05-31 20:00:00,0.3685,73,1.2,16.63,22.6327777777778
"HH115",2019-05-31 21:00:00,0.3685,77.9,1.2,16.63,22.0338888888889
"HH115",2019-05-31 22:00:00,0.3678,78.2,1.2,16.6061111111111,21.2461111111111
"HH115",2019-05-31 23:00:00,0.3678,82.3,1.2,16.5577777777778,20.6272222222222
